"uf","codigo_ibge","municipio","tipo","status"
"RO","1100015","Alta Floresta D'Oeste","brasao","revisao_pendente"
"RO","1100015","Alta Floresta D'Oeste","bandeira","revisao_pendente"
"RO","1100023","Ariquemes","brasao","revisao_pendente"
"RO","1100023","Ariquemes","bandeira","revisao_pendente"
"RO","1100031","Cabixi","brasao","revisao_pendente"
"RO","1100031","Cabixi","bandeira","nao_encontrado"
"RO","1100049","Cacoal","brasao","revisao_pendente"
"RO","1100049","Cacoal","bandeira","revisao_pendente"
"RO","1100056","Cerejeiras","brasao","revisao_pendente"
"RO","1100056","Cerejeiras","bandeira","revisao_pendente"
"RO","1100064","Colorado do Oeste","brasao","revisao_pendente"
"RO","1100064","Colorado do Oeste","bandeira","revisao_pendente"
"RO","1100072","Corumbiara","brasao","revisao_pendente"
"RO","1100072","Corumbiara","bandeira","revisao_pendente"
"RO","1100080","Costa Marques","brasao","revisao_pendente"
"RO","1100080","Costa Marques","bandeira","nao_encontrado"
"RO","1100098","Espigão D'Oeste","brasao","revisao_pendente"
"RO","1100098","Espigão D'Oeste","bandeira","revisao_pendente"
"RO","1100106","Guajará-Mirim","brasao","revisao_pendente"
"RO","1100106","Guajará-Mirim","bandeira","revisao_pendente"
"RO","1100114","Jaru","brasao","revisao_pendente"
"RO","1100114","Jaru","bandeira","revisao_pendente"
"RO","1100122","Ji-Paraná","brasao","revisao_pendente"
"RO","1100122","Ji-Paraná","bandeira","revisao_pendente"
"RO","1100130","Machadinho D'Oeste","brasao","revisao_pendente"
"RO","1100130","Machadinho D'Oeste","bandeira","revisao_pendente"
"RO","1100148","Nova Brasilândia D'Oeste","brasao","nao_encontrado"
"RO","1100148","Nova Brasilândia D'Oeste","bandeira","revisao_pendente"
"RO","1100155","Ouro Preto do Oeste","brasao","revisao_pendente"
"RO","1100155","Ouro Preto do Oeste","bandeira","revisao_pendente"
"RO","1100189","Pimenta Bueno","brasao","revisao_pendente"
"RO","1100189","Pimenta Bueno","bandeira","revisao_pendente"
"RO","1100205","Porto Velho","brasao","revisao_pendente"
"RO","1100205","Porto Velho","bandeira","revisao_pendente"
"RO","1100254","Presidente Médici","brasao","revisao_pendente"
"RO","1100254","Presidente Médici","bandeira","revisao_pendente"
"RO","1100262","Rio Crespo","brasao","nao_encontrado"
"RO","1100262","Rio Crespo","bandeira","revisao_pendente"
"RO","1100288","Rolim de Moura","brasao","revisao_pendente"
"RO","1100288","Rolim de Moura","bandeira","revisao_pendente"
"RO","1100296","Santa Luzia D'Oeste","brasao","revisao_pendente"
"RO","1100296","Santa Luzia D'Oeste","bandeira","revisao_pendente"
"RO","1100304","Vilhena","brasao","revisao_pendente"
"RO","1100304","Vilhena","bandeira","revisao_pendente"
"RO","1100320","São Miguel do Guaporé","brasao","revisao_pendente"
"RO","1100320","São Miguel do Guaporé","bandeira","revisao_pendente"
"RO","1100338","Nova Mamoré","brasao","revisao_pendente"
"RO","1100338","Nova Mamoré","bandeira","revisao_pendente"
"RO","1100346","Alvorada D'Oeste","brasao","revisao_pendente"
"RO","1100346","Alvorada D'Oeste","bandeira","revisao_pendente"
"RO","1100379","Alto Alegre dos Parecis","brasao","revisao_pendente"
"RO","1100379","Alto Alegre dos Parecis","bandeira","revisao_pendente"
"RO","1100403","Alto Paraíso","brasao","revisao_pendente"
"RO","1100403","Alto Paraíso","bandeira","revisao_pendente"
"RO","1100452","Buritis","brasao","revisao_pendente"
"RO","1100452","Buritis","bandeira","revisao_pendente"
"RO","1100502","Novo Horizonte do Oeste","brasao","nao_encontrado"
"RO","1100502","Novo Horizonte do Oeste","bandeira","revisao_pendente"
"RO","1100601","Cacaulândia","brasao","revisao_pendente"
"RO","1100601","Cacaulândia","bandeira","revisao_pendente"
"RO","1100700","Campo Novo de Rondônia","brasao","revisao_pendente"
"RO","1100700","Campo Novo de Rondônia","bandeira","revisao_pendente"
"RO","1100809","Candeias do Jamari","brasao","revisao_pendente"
"RO","1100809","Candeias do Jamari","bandeira","revisao_pendente"
"RO","1100908","Castanheiras","brasao","nao_encontrado"
"RO","1100908","Castanheiras","bandeira","nao_encontrado"
"RO","1100924","Chupinguaia","brasao","revisao_pendente"
"RO","1100924","Chupinguaia","bandeira","revisao_pendente"
"RO","1100940","Cujubim","brasao","revisao_pendente"
"RO","1100940","Cujubim","bandeira","revisao_pendente"
"RO","1101005","Governador Jorge Teixeira","brasao","nao_encontrado"
"RO","1101005","Governador Jorge Teixeira","bandeira","nao_encontrado"
"RO","1101104","Itapuã do Oeste","brasao","revisao_pendente"
"RO","1101104","Itapuã do Oeste","bandeira","revisao_pendente"
"RO","1101203","Ministro Andreazza","brasao","revisao_pendente"
"RO","1101203","Ministro Andreazza","bandeira","revisao_pendente"
"RO","1101302","Mirante da Serra","brasao","revisao_pendente"
"RO","1101302","Mirante da Serra","bandeira","revisao_pendente"
"RO","1101401","Monte Negro","brasao","revisao_pendente"
"RO","1101401","Monte Negro","bandeira","revisao_pendente"
"RO","1101435","Nova União","brasao","revisao_pendente"
"RO","1101435","Nova União","bandeira","revisao_pendente"
"RO","1101450","Parecis","brasao","nao_encontrado"
"RO","1101450","Parecis","bandeira","revisao_pendente"
"RO","1101468","Pimenteiras do Oeste","brasao","revisao_pendente"
"RO","1101468","Pimenteiras do Oeste","bandeira","revisao_pendente"
"RO","1101476","Primavera de Rondônia","brasao","revisao_pendente"
"RO","1101476","Primavera de Rondônia","bandeira","revisao_pendente"
"RO","1101484","São Felipe D'Oeste","brasao","revisao_pendente"
"RO","1101484","São Felipe D'Oeste","bandeira","revisao_pendente"
"RO","1101492","São Francisco do Guaporé","brasao","revisao_pendente"
"RO","1101492","São Francisco do Guaporé","bandeira","revisao_pendente"
"RO","1101500","Seringueiras","brasao","revisao_pendente"
"RO","1101500","Seringueiras","bandeira","revisao_pendente"
"RO","1101559","Teixeirópolis","brasao","nao_encontrado"
"RO","1101559","Teixeirópolis","bandeira","nao_encontrado"
"RO","1101609","Theobroma","brasao","revisao_pendente"
"RO","1101609","Theobroma","bandeira","revisao_pendente"
"RO","1101708","Urupá","brasao","revisao_pendente"
"RO","1101708","Urupá","bandeira","revisao_pendente"
"RO","1101757","Vale do Anari","brasao","nao_encontrado"
"RO","1101757","Vale do Anari","bandeira","revisao_pendente"
"RO","1101807","Vale do Paraíso","brasao","revisao_pendente"
"RO","1101807","Vale do Paraíso","bandeira","revisao_pendente"
"AM","1300029","Alvarães","brasao","revisao_pendente"
"AM","1300029","Alvarães","bandeira","revisao_pendente"
"AM","1300060","Amaturá","brasao","revisao_pendente"
"AM","1300060","Amaturá","bandeira","revisao_pendente"
"AM","1300086","Anamã","brasao","nao_encontrado"
"AM","1300086","Anamã","bandeira","revisao_pendente"
"AM","1300102","Anori","brasao","revisao_pendente"
"AM","1300102","Anori","bandeira","revisao_pendente"
"AM","1300144","Apuí","brasao","revisao_pendente"
"AM","1300144","Apuí","bandeira","revisao_pendente"
"AM","1300201","Atalaia do Norte","brasao","revisao_pendente"
"AM","1300201","Atalaia do Norte","bandeira","revisao_pendente"
"AM","1300300","Autazes","brasao","revisao_pendente"
"AM","1300300","Autazes","bandeira","revisao_pendente"
"AM","1300409","Barcelos","brasao","nao_encontrado"
"AM","1300409","Barcelos","bandeira","revisao_pendente"
"AM","1300508","Barreirinha","brasao","nao_encontrado"
"AM","1300508","Barreirinha","bandeira","revisao_pendente"
"AM","1300607","Benjamin Constant","brasao","revisao_pendente"
"AM","1300607","Benjamin Constant","bandeira","revisao_pendente"
"AM","1300631","Beruri","brasao","nao_encontrado"
"AM","1300631","Beruri","bandeira","revisao_pendente"
"AM","1300680","Boa Vista do Ramos","brasao","nao_encontrado"
"AM","1300680","Boa Vista do Ramos","bandeira","revisao_pendente"
"AM","1300706","Boca do Acre","brasao","nao_encontrado"
"AM","1300706","Boca do Acre","bandeira","nao_encontrado"
"AM","1300805","Borba","brasao","revisao_pendente"
"AM","1300805","Borba","bandeira","revisao_pendente"
"AM","1300839","Caapiranga","brasao","revisao_pendente"
"AM","1300839","Caapiranga","bandeira","revisao_pendente"
"AM","1300904","Canutama","brasao","nao_encontrado"
"AM","1300904","Canutama","bandeira","revisao_pendente"
"AM","1301001","Carauari","brasao","revisao_pendente"
"AM","1301001","Carauari","bandeira","revisao_pendente"
"AM","1301100","Careiro","brasao","nao_encontrado"
"AM","1301100","Careiro","bandeira","revisao_pendente"
"AM","1301159","Careiro da Várzea","brasao","revisao_pendente"
"AM","1301159","Careiro da Várzea","bandeira","nao_encontrado"
"AM","1301209","Coari","brasao","revisao_pendente"
"AM","1301209","Coari","bandeira","revisao_pendente"
"AM","1301308","Codajás","brasao","revisao_pendente"
"AM","1301308","Codajás","bandeira","revisao_pendente"
"AM","1301407","Eirunepé","brasao","revisao_pendente"
"AM","1301407","Eirunepé","bandeira","revisao_pendente"
"AM","1301506","Envira","brasao","nao_encontrado"
"AM","1301506","Envira","bandeira","revisao_pendente"
"AM","1301605","Fonte Boa","brasao","revisao_pendente"
"AM","1301605","Fonte Boa","bandeira","revisao_pendente"
"AM","1301654","Guajará","brasao","revisao_pendente"
"AM","1301654","Guajará","bandeira","revisao_pendente"
"AM","1301704","Humaitá","brasao","revisao_pendente"
"AM","1301704","Humaitá","bandeira","revisao_pendente"
"AM","1301803","Ipixuna","brasao","revisao_pendente"
"AM","1301803","Ipixuna","bandeira","revisao_pendente"
"AM","1301852","Iranduba","brasao","revisao_pendente"
"AM","1301852","Iranduba","bandeira","revisao_pendente"
"AM","1301902","Itacoatiara","brasao","revisao_pendente"
"AM","1301902","Itacoatiara","bandeira","revisao_pendente"
"AM","1301951","Itamarati","brasao","nao_encontrado"
"AM","1301951","Itamarati","bandeira","nao_encontrado"
"AM","1302009","Itapiranga","brasao","revisao_pendente"
"AM","1302009","Itapiranga","bandeira","revisao_pendente"
"AM","1302108","Japurá","brasao","revisao_pendente"
"AM","1302108","Japurá","bandeira","revisao_pendente"
"AM","1302207","Juruá","brasao","nao_encontrado"
"AM","1302207","Juruá","bandeira","revisao_pendente"
"AM","1302306","Jutaí","brasao","revisao_pendente"
"AM","1302306","Jutaí","bandeira","revisao_pendente"
"AM","1302405","Lábrea","brasao","revisao_pendente"
"AM","1302405","Lábrea","bandeira","revisao_pendente"
"AM","1302504","Manacapuru","brasao","revisao_pendente"
"AM","1302504","Manacapuru","bandeira","revisao_pendente"
"AM","1302553","Manaquiri","brasao","nao_encontrado"
"AM","1302553","Manaquiri","bandeira","nao_encontrado"
"AM","1302603","Manaus","brasao","rejeitado"
"AM","1302603","Manaus","bandeira","revisao_pendente"
"AM","1302702","Manicoré","brasao","revisao_pendente"
"AM","1302702","Manicoré","bandeira","revisao_pendente"
"AM","1302801","Maraã","brasao","nao_encontrado"
"AM","1302801","Maraã","bandeira","nao_encontrado"
"AM","1302900","Maués","brasao","revisao_pendente"
"AM","1302900","Maués","bandeira","revisao_pendente"
"AM","1303007","Nhamundá","brasao","revisao_pendente"
"AM","1303007","Nhamundá","bandeira","revisao_pendente"
"AM","1303106","Nova Olinda do Norte","brasao","revisao_pendente"
"AM","1303106","Nova Olinda do Norte","bandeira","revisao_pendente"
"AM","1303205","Novo Airão","brasao","revisao_pendente"
"AM","1303205","Novo Airão","bandeira","nao_encontrado"
"AM","1303304","Novo Aripuanã","brasao","revisao_pendente"
"AM","1303304","Novo Aripuanã","bandeira","revisao_pendente"
"AM","1303403","Parintins","brasao","revisao_pendente"
"AM","1303403","Parintins","bandeira","revisao_pendente"
"AM","1303502","Pauini","brasao","nao_encontrado"
"AM","1303502","Pauini","bandeira","nao_encontrado"
"AM","1303536","Presidente Figueiredo","brasao","nao_encontrado"
"AM","1303536","Presidente Figueiredo","bandeira","revisao_pendente"
"AM","1303569","Rio Preto da Eva","brasao","nao_encontrado"
"AM","1303569","Rio Preto da Eva","bandeira","revisao_pendente"
"AM","1303601","Santa Isabel do Rio Negro","brasao","revisao_pendente"
"AM","1303601","Santa Isabel do Rio Negro","bandeira","revisao_pendente"
"AM","1303700","Santo Antônio do Içá","brasao","nao_encontrado"
"AM","1303700","Santo Antônio do Içá","bandeira","revisao_pendente"
"AM","1303809","São Gabriel da Cachoeira","brasao","revisao_pendente"
"AM","1303809","São Gabriel da Cachoeira","bandeira","revisao_pendente"
"AM","1303908","São Paulo de Olivença","brasao","nao_encontrado"
"AM","1303908","São Paulo de Olivença","bandeira","nao_encontrado"
"AM","1303957","São Sebastião do Uatumã","brasao","revisao_pendente"
"AM","1303957","São Sebastião do Uatumã","bandeira","revisao_pendente"
"AM","1304005","Silves","brasao","rejeitado"
"AM","1304005","Silves","bandeira","revisao_pendente"
"AM","1304062","Tabatinga","brasao","revisao_pendente"
"AM","1304062","Tabatinga","bandeira","revisao_pendente"
"AM","1304104","Tapauá","brasao","nao_encontrado"
"AM","1304104","Tapauá","bandeira","nao_encontrado"
"AM","1304203","Tefé","brasao","revisao_pendente"
"AM","1304203","Tefé","bandeira","revisao_pendente"
"AM","1304237","Tonantins","brasao","revisao_pendente"
"AM","1304237","Tonantins","bandeira","revisao_pendente"
"AM","1304260","Uarini","brasao","nao_encontrado"
"AM","1304260","Uarini","bandeira","nao_encontrado"
"AM","1304302","Urucará","brasao","revisao_pendente"
"AM","1304302","Urucará","bandeira","revisao_pendente"
"AM","1304401","Urucurituba","brasao","nao_encontrado"
"AM","1304401","Urucurituba","bandeira","nao_encontrado"
"RR","1400027","Amajari","brasao","revisao_pendente"
"RR","1400027","Amajari","bandeira","revisao_pendente"
"RR","1400050","Alto Alegre","brasao","revisao_pendente"
"RR","1400050","Alto Alegre","bandeira","revisao_pendente"
"RR","1400100","Boa Vista","brasao","revisao_pendente"
"RR","1400100","Boa Vista","bandeira","revisao_pendente"
"RR","1400159","Bonfim","brasao","revisao_pendente"
"RR","1400159","Bonfim","bandeira","revisao_pendente"
"RR","1400175","Cantá","brasao","revisao_pendente"
"RR","1400175","Cantá","bandeira","revisao_pendente"
"RR","1400209","Caracaraí","brasao","revisao_pendente"
"RR","1400209","Caracaraí","bandeira","revisao_pendente"
"RR","1400233","Caroebe","brasao","revisao_pendente"
"RR","1400233","Caroebe","bandeira","revisao_pendente"
"RR","1400282","Iracema","brasao","revisao_pendente"
"RR","1400282","Iracema","bandeira","revisao_pendente"
"RR","1400308","Mucajaí","brasao","revisao_pendente"
"RR","1400308","Mucajaí","bandeira","revisao_pendente"
"RR","1400407","Normandia","brasao","revisao_pendente"
"RR","1400407","Normandia","bandeira","revisao_pendente"
"RR","1400456","Pacaraima","brasao","revisao_pendente"
"RR","1400456","Pacaraima","bandeira","revisao_pendente"
"RR","1400472","Rorainópolis","brasao","revisao_pendente"
"RR","1400472","Rorainópolis","bandeira","revisao_pendente"
"RR","1400506","São João da Baliza","brasao","revisao_pendente"
"RR","1400506","São João da Baliza","bandeira","revisao_pendente"
"RR","1400605","São Luiz do Anauá","brasao","revisao_pendente"
"RR","1400605","São Luiz do Anauá","bandeira","revisao_pendente"
"RR","1400704","Uiramutã","brasao","revisao_pendente"
"RR","1400704","Uiramutã","bandeira","revisao_pendente"
"PA","1500107","Abaetetuba","brasao","revisao_pendente"
"PA","1500107","Abaetetuba","bandeira","revisao_pendente"
"PA","1500131","Abel Figueiredo","brasao","revisao_pendente"
"PA","1500131","Abel Figueiredo","bandeira","revisao_pendente"
"PA","1500206","Acará","brasao","revisao_pendente"
"PA","1500206","Acará","bandeira","revisao_pendente"
"PA","1500305","Afuá","brasao","revisao_pendente"
"PA","1500305","Afuá","bandeira","revisao_pendente"
"PA","1500347","Água Azul do Norte","brasao","revisao_pendente"
"PA","1500347","Água Azul do Norte","bandeira","revisao_pendente"
"PA","1500404","Alenquer","brasao","revisao_pendente"
"PA","1500404","Alenquer","bandeira","revisao_pendente"
"PA","1500503","Almeirim","brasao","nao_encontrado"
"PA","1500503","Almeirim","bandeira","revisao_pendente"
"PA","1500602","Altamira","brasao","revisao_pendente"
"PA","1500602","Altamira","bandeira","revisao_pendente"
"PA","1500701","Anajás","brasao","revisao_pendente"
"PA","1500701","Anajás","bandeira","revisao_pendente"
"PA","1500800","Ananindeua","brasao","revisao_pendente"
"PA","1500800","Ananindeua","bandeira","revisao_pendente"
"PA","1500859","Anapu","brasao","revisao_pendente"
"PA","1500859","Anapu","bandeira","revisao_pendente"
"PA","1500909","Augusto Corrêa","brasao","revisao_pendente"
"PA","1500909","Augusto Corrêa","bandeira","revisao_pendente"
"PA","1500958","Aurora do Pará","brasao","revisao_pendente"
"PA","1500958","Aurora do Pará","bandeira","revisao_pendente"
"PA","1501006","Aveiro","brasao","revisao_pendente"
"PA","1501006","Aveiro","bandeira","revisao_pendente"
"PA","1501105","Bagre","brasao","revisao_pendente"
"PA","1501105","Bagre","bandeira","revisao_pendente"
"PA","1501204","Baião","brasao","revisao_pendente"
"PA","1501204","Baião","bandeira","revisao_pendente"
"PA","1501253","Bannach","brasao","nao_encontrado"
"PA","1501253","Bannach","bandeira","nao_encontrado"
"PA","1501303","Barcarena","brasao","revisao_pendente"
"PA","1501303","Barcarena","bandeira","revisao_pendente"
"PA","1501402","Belém","brasao","revisao_pendente"
"PA","1501402","Belém","bandeira","revisao_pendente"
"PA","1501451","Belterra","brasao","revisao_pendente"
"PA","1501451","Belterra","bandeira","revisao_pendente"
"PA","1501501","Benevides","brasao","revisao_pendente"
"PA","1501501","Benevides","bandeira","revisao_pendente"
"PA","1501576","Bom Jesus do Tocantins","brasao","revisao_pendente"
"PA","1501576","Bom Jesus do Tocantins","bandeira","revisao_pendente"
"PA","1501600","Bonito","brasao","nao_encontrado"
"PA","1501600","Bonito","bandeira","revisao_pendente"
"PA","1501709","Bragança","brasao","revisao_pendente"
"PA","1501709","Bragança","bandeira","revisao_pendente"
"PA","1501725","Brasil Novo","brasao","nao_encontrado"
"PA","1501725","Brasil Novo","bandeira","nao_encontrado"
"PA","1501758","Brejo Grande do Araguaia","brasao","nao_encontrado"
"PA","1501758","Brejo Grande do Araguaia","bandeira","nao_encontrado"
"PA","1501782","Breu Branco","brasao","revisao_pendente"
"PA","1501782","Breu Branco","bandeira","revisao_pendente"
"PA","1501808","Breves","brasao","revisao_pendente"
"PA","1501808","Breves","bandeira","revisao_pendente"
"PA","1501907","Bujaru","brasao","nao_encontrado"
"PA","1501907","Bujaru","bandeira","nao_encontrado"
"PA","1501956","Cachoeira do Piriá","brasao","revisao_pendente"
"PA","1501956","Cachoeira do Piriá","bandeira","revisao_pendente"
"PA","1502004","Cachoeira do Arari","brasao","nao_encontrado"
"PA","1502004","Cachoeira do Arari","bandeira","revisao_pendente"
"PA","1502103","Cametá","brasao","revisao_pendente"
"PA","1502103","Cametá","bandeira","revisao_pendente"
"PA","1502152","Canaã dos Carajás","brasao","revisao_pendente"
"PA","1502152","Canaã dos Carajás","bandeira","revisao_pendente"
"PA","1502202","Capanema","brasao","revisao_pendente"
"PA","1502202","Capanema","bandeira","revisao_pendente"
"PA","1502301","Capitão Poço","brasao","revisao_pendente"
"PA","1502301","Capitão Poço","bandeira","revisao_pendente"
"PA","1502400","Castanhal","brasao","revisao_pendente"
"PA","1502400","Castanhal","bandeira","revisao_pendente"
"PA","1502509","Chaves","brasao","revisao_pendente"
"PA","1502509","Chaves","bandeira","revisao_pendente"
"PA","1502608","Colares","brasao","nao_encontrado"
"PA","1502608","Colares","bandeira","nao_encontrado"
"PA","1502707","Conceição do Araguaia","brasao","revisao_pendente"
"PA","1502707","Conceição do Araguaia","bandeira","revisao_pendente"
"PA","1502756","Concórdia do Pará","brasao","nao_encontrado"
"PA","1502756","Concórdia do Pará","bandeira","revisao_pendente"
"PA","1502764","Cumaru do Norte","brasao","nao_encontrado"
"PA","1502764","Cumaru do Norte","bandeira","nao_encontrado"
"PA","1502772","Curionópolis","brasao","revisao_pendente"
"PA","1502772","Curionópolis","bandeira","revisao_pendente"
"PA","1502806","Curralinho","brasao","revisao_pendente"
"PA","1502806","Curralinho","bandeira","revisao_pendente"
"PA","1502855","Curuá","brasao","revisao_pendente"
"PA","1502855","Curuá","bandeira","revisao_pendente"
"PA","1502905","Curuçá","brasao","revisao_pendente"
"PA","1502905","Curuçá","bandeira","revisao_pendente"
"PA","1502939","Dom Eliseu","brasao","revisao_pendente"
"PA","1502939","Dom Eliseu","bandeira","revisao_pendente"
"PA","1502954","Eldorado do Carajás","brasao","nao_encontrado"
"PA","1502954","Eldorado do Carajás","bandeira","revisao_pendente"
"PA","1503002","Faro","brasao","revisao_pendente"
"PA","1503002","Faro","bandeira","revisao_pendente"
"PA","1503044","Floresta do Araguaia","brasao","revisao_pendente"
"PA","1503044","Floresta do Araguaia","bandeira","revisao_pendente"
"PA","1503077","Garrafão do Norte","brasao","nao_encontrado"
"PA","1503077","Garrafão do Norte","bandeira","revisao_pendente"
"PA","1503093","Goianésia do Pará","brasao","revisao_pendente"
"PA","1503093","Goianésia do Pará","bandeira","revisao_pendente"
"PA","1503101","Gurupá","brasao","revisao_pendente"
"PA","1503101","Gurupá","bandeira","revisao_pendente"
"PA","1503200","Igarapé-Açu","brasao","nao_encontrado"
"PA","1503200","Igarapé-Açu","bandeira","revisao_pendente"
"PA","1503309","Igarapé-Miri","brasao","revisao_pendente"
"PA","1503309","Igarapé-Miri","bandeira","revisao_pendente"
"PA","1503408","Inhangapi","brasao","nao_encontrado"
"PA","1503408","Inhangapi","bandeira","nao_encontrado"
"PA","1503457","Ipixuna do Pará","brasao","revisao_pendente"
"PA","1503457","Ipixuna do Pará","bandeira","revisao_pendente"
"PA","1503507","Irituia","brasao","revisao_pendente"
"PA","1503507","Irituia","bandeira","revisao_pendente"
"PA","1503606","Itaituba","brasao","revisao_pendente"
"PA","1503606","Itaituba","bandeira","revisao_pendente"
"PA","1503705","Itupiranga","brasao","revisao_pendente"
"PA","1503705","Itupiranga","bandeira","revisao_pendente"
"PA","1503754","Jacareacanga","brasao","nao_encontrado"
"PA","1503754","Jacareacanga","bandeira","revisao_pendente"
"PA","1503804","Jacundá","brasao","nao_encontrado"
"PA","1503804","Jacundá","bandeira","revisao_pendente"
"PA","1503903","Juruti","brasao","revisao_pendente"
"PA","1503903","Juruti","bandeira","revisao_pendente"
"PA","1504000","Limoeiro do Ajuru","brasao","nao_encontrado"
"PA","1504000","Limoeiro do Ajuru","bandeira","revisao_pendente"
"PA","1504059","Mãe do Rio","brasao","revisao_pendente"
"PA","1504059","Mãe do Rio","bandeira","revisao_pendente"
"PA","1504109","Magalhães Barata","brasao","nao_encontrado"
"PA","1504109","Magalhães Barata","bandeira","nao_encontrado"
"PA","1504208","Marabá","brasao","revisao_pendente"
"PA","1504208","Marabá","bandeira","revisao_pendente"
"PA","1504307","Maracanã","brasao","revisao_pendente"
"PA","1504307","Maracanã","bandeira","nao_encontrado"
"PA","1504406","Marapanim","brasao","nao_encontrado"
"PA","1504406","Marapanim","bandeira","nao_encontrado"
"PA","1504422","Marituba","brasao","nao_encontrado"
"PA","1504422","Marituba","bandeira","rejeitado"
"PA","1504455","Medicilândia","brasao","nao_encontrado"
"PA","1504455","Medicilândia","bandeira","nao_encontrado"
"PA","1504505","Melgaço","brasao","nao_encontrado"
"PA","1504505","Melgaço","bandeira","revisao_pendente"
"PA","1504604","Mocajuba","brasao","revisao_pendente"
"PA","1504604","Mocajuba","bandeira","revisao_pendente"
"PA","1504703","Moju","brasao","revisao_pendente"
"PA","1504703","Moju","bandeira","revisao_pendente"
"PA","1504752","Mojuí dos Campos","brasao","revisao_pendente"
"PA","1504752","Mojuí dos Campos","bandeira","revisao_pendente"
"PA","1504802","Monte Alegre","brasao","revisao_pendente"
"PA","1504802","Monte Alegre","bandeira","revisao_pendente"
"PA","1504901","Muaná","brasao","revisao_pendente"
"PA","1504901","Muaná","bandeira","revisao_pendente"
"PA","1504950","Nova Esperança do Piriá","brasao","nao_encontrado"
"PA","1504950","Nova Esperança do Piriá","bandeira","nao_encontrado"
"PA","1504976","Nova Ipixuna","brasao","revisao_pendente"
"PA","1504976","Nova Ipixuna","bandeira","revisao_pendente"
"PA","1505007","Nova Timboteua","brasao","nao_encontrado"
"PA","1505007","Nova Timboteua","bandeira","revisao_pendente"
"PA","1505031","Novo Progresso","brasao","nao_encontrado"
"PA","1505031","Novo Progresso","bandeira","revisao_pendente"
"PA","1505064","Novo Repartimento","brasao","revisao_pendente"
"PA","1505064","Novo Repartimento","bandeira","revisao_pendente"
"PA","1505106","Óbidos","brasao","revisao_pendente"
"PA","1505106","Óbidos","bandeira","revisao_pendente"
"PA","1505205","Oeiras do Pará","brasao","nao_encontrado"
"PA","1505205","Oeiras do Pará","bandeira","nao_encontrado"
"PA","1505304","Oriximiná","brasao","revisao_pendente"
"PA","1505304","Oriximiná","bandeira","revisao_pendente"
"PA","1505403","Ourém","brasao","nao_encontrado"
"PA","1505403","Ourém","bandeira","revisao_pendente"
"PA","1505437","Ourilândia do Norte","brasao","revisao_pendente"
"PA","1505437","Ourilândia do Norte","bandeira","revisao_pendente"
"PA","1505486","Pacajá","brasao","revisao_pendente"
"PA","1505486","Pacajá","bandeira","revisao_pendente"
"PA","1505494","Palestina do Pará","brasao","nao_encontrado"
"PA","1505494","Palestina do Pará","bandeira","nao_encontrado"
"PA","1505502","Paragominas","brasao","revisao_pendente"
"PA","1505502","Paragominas","bandeira","revisao_pendente"
"PA","1505536","Parauapebas","brasao","revisao_pendente"
"PA","1505536","Parauapebas","bandeira","revisao_pendente"
"PA","1505551","Pau D'Arco","brasao","nao_encontrado"
"PA","1505551","Pau D'Arco","bandeira","nao_encontrado"
"PA","1505601","Peixe-Boi","brasao","nao_encontrado"
"PA","1505601","Peixe-Boi","bandeira","nao_encontrado"
"PA","1505635","Piçarra","brasao","nao_encontrado"
"PA","1505635","Piçarra","bandeira","nao_encontrado"
"PA","1505650","Placas","brasao","revisao_pendente"
"PA","1505650","Placas","bandeira","revisao_pendente"
"PA","1505700","Ponta de Pedras","brasao","revisao_pendente"
"PA","1505700","Ponta de Pedras","bandeira","revisao_pendente"
"PA","1505809","Portel","brasao","revisao_pendente"
"PA","1505809","Portel","bandeira","revisao_pendente"
"PA","1505908","Porto de Moz","brasao","nao_encontrado"
"PA","1505908","Porto de Moz","bandeira","nao_encontrado"
"PA","1506005","Prainha","brasao","nao_encontrado"
"PA","1506005","Prainha","bandeira","revisao_pendente"
"PA","1506104","Primavera","brasao","revisao_pendente"
"PA","1506104","Primavera","bandeira","revisao_pendente"
"PA","1506112","Quatipuru","brasao","revisao_pendente"
"PA","1506112","Quatipuru","bandeira","revisao_pendente"
"PA","1506138","Redenção","brasao","revisao_pendente"
"PA","1506138","Redenção","bandeira","revisao_pendente"
"PA","1506161","Rio Maria","brasao","nao_encontrado"
"PA","1506161","Rio Maria","bandeira","nao_encontrado"
"PA","1506187","Rondon do Pará","brasao","revisao_pendente"
"PA","1506187","Rondon do Pará","bandeira","revisao_pendente"
"PA","1506195","Rurópolis","brasao","nao_encontrado"
"PA","1506195","Rurópolis","bandeira","revisao_pendente"
"PA","1506203","Salinópolis","brasao","revisao_pendente"
"PA","1506203","Salinópolis","bandeira","revisao_pendente"
"PA","1506302","Salvaterra","brasao","revisao_pendente"
"PA","1506302","Salvaterra","bandeira","revisao_pendente"
"PA","1506351","Santa Bárbara do Pará","brasao","revisao_pendente"
"PA","1506351","Santa Bárbara do Pará","bandeira","revisao_pendente"
"PA","1506401","Santa Cruz do Arari","brasao","nao_encontrado"
"PA","1506401","Santa Cruz do Arari","bandeira","revisao_pendente"
"PA","1506500","Santa Izabel do Pará","brasao","revisao_pendente"
"PA","1506500","Santa Izabel do Pará","bandeira","revisao_pendente"
"PA","1506559","Santa Luzia do Pará","brasao","nao_encontrado"
"PA","1506559","Santa Luzia do Pará","bandeira","revisao_pendente"
"PA","1506583","Santa Maria das Barreiras","brasao","nao_encontrado"
"PA","1506583","Santa Maria das Barreiras","bandeira","nao_encontrado"
"PA","1506609","Santa Maria do Pará","brasao","revisao_pendente"
"PA","1506609","Santa Maria do Pará","bandeira","nao_encontrado"
"PA","1506708","Santana do Araguaia","brasao","revisao_pendente"
"PA","1506708","Santana do Araguaia","bandeira","revisao_pendente"
"PA","1506807","Santarém","brasao","revisao_pendente"
"PA","1506807","Santarém","bandeira","revisao_pendente"
"PA","1506906","Santarém Novo","brasao","nao_encontrado"
"PA","1506906","Santarém Novo","bandeira","nao_encontrado"
"PA","1507003","Santo Antônio do Tauá","brasao","nao_encontrado"
"PA","1507003","Santo Antônio do Tauá","bandeira","revisao_pendente"
"PA","1507102","São Caetano de Odivelas","brasao","revisao_pendente"
"PA","1507102","São Caetano de Odivelas","bandeira","revisao_pendente"
"PA","1507151","São Domingos do Araguaia","brasao","revisao_pendente"
"PA","1507151","São Domingos do Araguaia","bandeira","revisao_pendente"
"PA","1507201","São Domingos do Capim","brasao","nao_encontrado"
"PA","1507201","São Domingos do Capim","bandeira","nao_encontrado"
"PA","1507300","São Félix do Xingu","brasao","revisao_pendente"
"PA","1507300","São Félix do Xingu","bandeira","revisao_pendente"
"PA","1507409","São Francisco do Pará","brasao","nao_encontrado"
"PA","1507409","São Francisco do Pará","bandeira","nao_encontrado"
"PA","1507458","São Geraldo do Araguaia","brasao","revisao_pendente"
"PA","1507458","São Geraldo do Araguaia","bandeira","revisao_pendente"
"PA","1507466","São João da Ponta","brasao","nao_encontrado"
"PA","1507466","São João da Ponta","bandeira","nao_encontrado"
"PA","1507474","São João de Pirabas","brasao","nao_encontrado"
"PA","1507474","São João de Pirabas","bandeira","nao_encontrado"
"PA","1507508","São João do Araguaia","brasao","nao_encontrado"
"PA","1507508","São João do Araguaia","bandeira","revisao_pendente"
"PA","1507607","São Miguel do Guamá","brasao","nao_encontrado"
"PA","1507607","São Miguel do Guamá","bandeira","revisao_pendente"
"PA","1507706","São Sebastião da Boa Vista","brasao","nao_encontrado"
"PA","1507706","São Sebastião da Boa Vista","bandeira","revisao_pendente"
"PA","1507755","Sapucaia","brasao","nao_encontrado"
"PA","1507755","Sapucaia","bandeira","nao_encontrado"
"PA","1507805","Senador José Porfírio","brasao","revisao_pendente"
"PA","1507805","Senador José Porfírio","bandeira","revisao_pendente"
"PA","1507904","Soure","brasao","revisao_pendente"
"PA","1507904","Soure","bandeira","revisao_pendente"
"PA","1507953","Tailândia","brasao","revisao_pendente"
"PA","1507953","Tailândia","bandeira","revisao_pendente"
"PA","1507961","Terra Alta","brasao","nao_encontrado"
"PA","1507961","Terra Alta","bandeira","nao_encontrado"
"PA","1507979","Terra Santa","brasao","revisao_pendente"
"PA","1507979","Terra Santa","bandeira","revisao_pendente"
"PA","1508001","Tomé-Açu","brasao","revisao_pendente"
"PA","1508001","Tomé-Açu","bandeira","nao_encontrado"
"PA","1508035","Tracuateua","brasao","nao_encontrado"
"PA","1508035","Tracuateua","bandeira","nao_encontrado"
"PA","1508050","Trairão","brasao","nao_encontrado"
"PA","1508050","Trairão","bandeira","revisao_pendente"
"PA","1508084","Tucumã","brasao","revisao_pendente"
"PA","1508084","Tucumã","bandeira","revisao_pendente"
"PA","1508100","Tucuruí","brasao","revisao_pendente"
"PA","1508100","Tucuruí","bandeira","revisao_pendente"
"PA","1508126","Ulianópolis","brasao","revisao_pendente"
"PA","1508126","Ulianópolis","bandeira","revisao_pendente"
"PA","1508159","Uruará","brasao","revisao_pendente"
"PA","1508159","Uruará","bandeira","revisao_pendente"
"PA","1508209","Vigia","brasao","revisao_pendente"
"PA","1508209","Vigia","bandeira","revisao_pendente"
"PA","1508308","Viseu","brasao","revisao_pendente"
"PA","1508308","Viseu","bandeira","revisao_pendente"
"PA","1508357","Vitória do Xingu","brasao","nao_encontrado"
"PA","1508357","Vitória do Xingu","bandeira","nao_encontrado"
"PA","1508407","Xinguara","brasao","nao_encontrado"
"PA","1508407","Xinguara","bandeira","revisao_pendente"
"AP","1600055","Serra do Navio","brasao","revisao_pendente"
"AP","1600055","Serra do Navio","bandeira","revisao_pendente"
"AP","1600105","Amapá","brasao","revisao_pendente"
"AP","1600105","Amapá","bandeira","revisao_pendente"
"AP","1600154","Pedra Branca do Amapari","brasao","revisao_pendente"
"AP","1600154","Pedra Branca do Amapari","bandeira","revisao_pendente"
"AP","1600204","Calçoene","brasao","revisao_pendente"
"AP","1600204","Calçoene","bandeira","revisao_pendente"
"AP","1600212","Cutias","brasao","revisao_pendente"
"AP","1600212","Cutias","bandeira","revisao_pendente"
"AP","1600238","Ferreira Gomes","brasao","revisao_pendente"
"AP","1600238","Ferreira Gomes","bandeira","revisao_pendente"
"AP","1600253","Itaubal","brasao","revisao_pendente"
"AP","1600253","Itaubal","bandeira","revisao_pendente"
"AP","1600279","Laranjal do Jari","brasao","revisao_pendente"
"AP","1600279","Laranjal do Jari","bandeira","revisao_pendente"
"AP","1600303","Macapá","brasao","revisao_pendente"
"AP","1600303","Macapá","bandeira","revisao_pendente"
"AP","1600402","Mazagão","brasao","revisao_pendente"
"AP","1600402","Mazagão","bandeira","revisao_pendente"
"AP","1600501","Oiapoque","brasao","revisao_pendente"
"AP","1600501","Oiapoque","bandeira","revisao_pendente"
"AP","1600535","Porto Grande","brasao","revisao_pendente"
"AP","1600535","Porto Grande","bandeira","revisao_pendente"
"AP","1600550","Pracuúba","brasao","nao_encontrado"
"AP","1600550","Pracuúba","bandeira","nao_encontrado"
"AP","1600600","Santana","brasao","revisao_pendente"
"AP","1600600","Santana","bandeira","revisao_pendente"
"AP","1600709","Tartarugalzinho","brasao","revisao_pendente"
"AP","1600709","Tartarugalzinho","bandeira","revisao_pendente"
"AP","1600808","Vitória do Jari","brasao","revisao_pendente"
"AP","1600808","Vitória do Jari","bandeira","revisao_pendente"
"TO","1700251","Abreulândia","brasao","revisao_pendente"
"TO","1700251","Abreulândia","bandeira","revisao_pendente"
"TO","1700301","Aguiarnópolis","brasao","nao_encontrado"
"TO","1700301","Aguiarnópolis","bandeira","nao_encontrado"
"TO","1700350","Aliança do Tocantins","brasao","nao_encontrado"
"TO","1700350","Aliança do Tocantins","bandeira","nao_encontrado"
"TO","1700400","Almas","brasao","nao_encontrado"
"TO","1700400","Almas","bandeira","nao_encontrado"
"TO","1700707","Alvorada","brasao","revisao_pendente"
"TO","1700707","Alvorada","bandeira","revisao_pendente"
"TO","1701002","Ananás","brasao","revisao_pendente"
"TO","1701002","Ananás","bandeira","revisao_pendente"
"TO","1701051","Angico","brasao","revisao_pendente"
"TO","1701051","Angico","bandeira","revisao_pendente"
"TO","1701101","Aparecida do Rio Negro","brasao","nao_encontrado"
"TO","1701101","Aparecida do Rio Negro","bandeira","nao_encontrado"
"TO","1701309","Aragominas","brasao","nao_encontrado"
"TO","1701309","Aragominas","bandeira","nao_encontrado"
"TO","1701903","Araguacema","brasao","nao_encontrado"
"TO","1701903","Araguacema","bandeira","revisao_pendente"
"TO","1702000","Araguaçu","brasao","nao_encontrado"
"TO","1702000","Araguaçu","bandeira","nao_encontrado"
"TO","1702109","Araguaína","brasao","revisao_pendente"
"TO","1702109","Araguaína","bandeira","revisao_pendente"
"TO","1702158","Araguanã","brasao","nao_encontrado"
"TO","1702158","Araguanã","bandeira","nao_encontrado"
"TO","1702208","Araguatins","brasao","revisao_pendente"
"TO","1702208","Araguatins","bandeira","revisao_pendente"
"TO","1702307","Arapoema","brasao","revisao_pendente"
"TO","1702307","Arapoema","bandeira","revisao_pendente"
"TO","1702406","Arraias","brasao","revisao_pendente"
"TO","1702406","Arraias","bandeira","revisao_pendente"
"TO","1702554","Augustinópolis","brasao","revisao_pendente"
"TO","1702554","Augustinópolis","bandeira","revisao_pendente"
"TO","1702703","Aurora do Tocantins","brasao","nao_encontrado"
"TO","1702703","Aurora do Tocantins","bandeira","nao_encontrado"
"TO","1702901","Axixá do Tocantins","brasao","nao_encontrado"
"TO","1702901","Axixá do Tocantins","bandeira","revisao_pendente"
"TO","1703008","Babaçulândia","brasao","revisao_pendente"
"TO","1703008","Babaçulândia","bandeira","nao_encontrado"
"TO","1703057","Bandeirantes do Tocantins","brasao","nao_encontrado"
"TO","1703057","Bandeirantes do Tocantins","bandeira","nao_encontrado"
"TO","1703073","Barra do Ouro","brasao","nao_encontrado"
"TO","1703073","Barra do Ouro","bandeira","nao_encontrado"
"TO","1703107","Barrolândia","brasao","nao_encontrado"
"TO","1703107","Barrolândia","bandeira","nao_encontrado"
"TO","1703206","Bernardo Sayão","brasao","nao_encontrado"
"TO","1703206","Bernardo Sayão","bandeira","nao_encontrado"
"TO","1703305","Bom Jesus do Tocantins","brasao","nao_encontrado"
"TO","1703305","Bom Jesus do Tocantins","bandeira","nao_encontrado"
"TO","1703602","Brasilândia do Tocantins","brasao","nao_encontrado"
"TO","1703602","Brasilândia do Tocantins","bandeira","nao_encontrado"
"TO","1703701","Brejinho de Nazaré","brasao","nao_encontrado"
"TO","1703701","Brejinho de Nazaré","bandeira","nao_encontrado"
"TO","1703800","Buriti do Tocantins","brasao","revisao_pendente"
"TO","1703800","Buriti do Tocantins","bandeira","revisao_pendente"
"TO","1703826","Cachoeirinha","brasao","revisao_pendente"
"TO","1703826","Cachoeirinha","bandeira","nao_encontrado"
"TO","1703842","Campos Lindos","brasao","nao_encontrado"
"TO","1703842","Campos Lindos","bandeira","nao_encontrado"
"TO","1703867","Cariri do Tocantins","brasao","nao_encontrado"
"TO","1703867","Cariri do Tocantins","bandeira","nao_encontrado"
"TO","1703883","Carmolândia","brasao","nao_encontrado"
"TO","1703883","Carmolândia","bandeira","revisao_pendente"
"TO","1703891","Carrasco Bonito","brasao","nao_encontrado"
"TO","1703891","Carrasco Bonito","bandeira","nao_encontrado"
"TO","1703909","Caseara","brasao","nao_encontrado"
"TO","1703909","Caseara","bandeira","nao_encontrado"
"TO","1704105","Centenário","brasao","nao_encontrado"
"TO","1704105","Centenário","bandeira","nao_encontrado"
"TO","1704600","Chapada de Areia","brasao","nao_encontrado"
"TO","1704600","Chapada de Areia","bandeira","nao_encontrado"
"TO","1705102","Chapada da Natividade","brasao","revisao_pendente"
"TO","1705102","Chapada da Natividade","bandeira","revisao_pendente"
"TO","1705508","Colinas do Tocantins","brasao","rejeitado"
"TO","1705508","Colinas do Tocantins","bandeira","revisao_pendente"
"TO","1705557","Combinado","brasao","nao_encontrado"
"TO","1705557","Combinado","bandeira","rejeitado"
"TO","1705607","Conceição do Tocantins","brasao","nao_encontrado"
"TO","1705607","Conceição do Tocantins","bandeira","nao_encontrado"
"TO","1706001","Couto Magalhães","brasao","revisao_pendente"
"TO","1706001","Couto Magalhães","bandeira","revisao_pendente"
"TO","1706100","Cristalândia","brasao","nao_encontrado"
"TO","1706100","Cristalândia","bandeira","nao_encontrado"
"TO","1706258","Crixás do Tocantins","brasao","nao_encontrado"
"TO","1706258","Crixás do Tocantins","bandeira","nao_encontrado"
"TO","1706506","Darcinópolis","brasao","nao_encontrado"
"TO","1706506","Darcinópolis","bandeira","nao_encontrado"
"TO","1707009","Dianópolis","brasao","revisao_pendente"
"TO","1707009","Dianópolis","bandeira","revisao_pendente"
"TO","1707108","Divinópolis do Tocantins","brasao","revisao_pendente"
"TO","1707108","Divinópolis do Tocantins","bandeira","revisao_pendente"
"TO","1707207","Dois Irmãos do Tocantins","brasao","nao_encontrado"
"TO","1707207","Dois Irmãos do Tocantins","bandeira","nao_encontrado"
"TO","1707306","Dueré","brasao","revisao_pendente"
"TO","1707306","Dueré","bandeira","revisao_pendente"
"TO","1707405","Esperantina","brasao","revisao_pendente"
"TO","1707405","Esperantina","bandeira","revisao_pendente"
"TO","1707553","Fátima","brasao","nao_encontrado"
"TO","1707553","Fátima","bandeira","nao_encontrado"
"TO","1707652","Figueirópolis","brasao","nao_encontrado"
"TO","1707652","Figueirópolis","bandeira","nao_encontrado"
"TO","1707702","Filadélfia","brasao","revisao_pendente"
"TO","1707702","Filadélfia","bandeira","revisao_pendente"
"TO","1708205","Formoso do Araguaia","brasao","revisao_pendente"
"TO","1708205","Formoso do Araguaia","bandeira","revisao_pendente"
"TO","1708254","Tabocão","brasao","nao_encontrado"
"TO","1708254","Tabocão","bandeira","nao_encontrado"
"TO","1708304","Goianorte","brasao","nao_encontrado"
"TO","1708304","Goianorte","bandeira","nao_encontrado"
"TO","1709005","Goiatins","brasao","revisao_pendente"
"TO","1709005","Goiatins","bandeira","revisao_pendente"
"TO","1709302","Guaraí","brasao","revisao_pendente"
"TO","1709302","Guaraí","bandeira","revisao_pendente"
"TO","1709500","Gurupi","brasao","revisao_pendente"
"TO","1709500","Gurupi","bandeira","revisao_pendente"
"TO","1709807","Ipueiras","brasao","nao_encontrado"
"TO","1709807","Ipueiras","bandeira","nao_encontrado"
"TO","1710508","Itacajá","brasao","revisao_pendente"
"TO","1710508","Itacajá","bandeira","nao_encontrado"
"TO","1710706","Itaguatins","brasao","nao_encontrado"
"TO","1710706","Itaguatins","bandeira","nao_encontrado"
"TO","1710904","Itapiratins","brasao","nao_encontrado"
"TO","1710904","Itapiratins","bandeira","nao_encontrado"
"TO","1711100","Itaporã do Tocantins","brasao","nao_encontrado"
"TO","1711100","Itaporã do Tocantins","bandeira","nao_encontrado"
"TO","1711506","Jaú do Tocantins","brasao","nao_encontrado"
"TO","1711506","Jaú do Tocantins","bandeira","nao_encontrado"
"TO","1711803","Juarina","brasao","nao_encontrado"
"TO","1711803","Juarina","bandeira","nao_encontrado"
"TO","1711902","Lagoa da Confusão","brasao","nao_encontrado"
"TO","1711902","Lagoa da Confusão","bandeira","revisao_pendente"
"TO","1711951","Lagoa do Tocantins","brasao","nao_encontrado"
"TO","1711951","Lagoa do Tocantins","bandeira","nao_encontrado"
"TO","1712009","Lajeado","brasao","revisao_pendente"
"TO","1712009","Lajeado","bandeira","revisao_pendente"
"TO","1712157","Lavandeira","brasao","nao_encontrado"
"TO","1712157","Lavandeira","bandeira","revisao_pendente"
"TO","1712405","Lizarda","brasao","revisao_pendente"
"TO","1712405","Lizarda","bandeira","nao_encontrado"
"TO","1712454","Luzinópolis","brasao","nao_encontrado"
"TO","1712454","Luzinópolis","bandeira","nao_encontrado"
"TO","1712504","Marianópolis do Tocantins","brasao","revisao_pendente"
"TO","1712504","Marianópolis do Tocantins","bandeira","revisao_pendente"
"TO","1712702","Mateiros","brasao","nao_encontrado"
"TO","1712702","Mateiros","bandeira","nao_encontrado"
"TO","1712801","Maurilândia do Tocantins","brasao","nao_encontrado"
"TO","1712801","Maurilândia do Tocantins","bandeira","nao_encontrado"
"TO","1713205","Miracema do Tocantins","brasao","revisao_pendente"
"TO","1713205","Miracema do Tocantins","bandeira","revisao_pendente"
"TO","1713304","Miranorte","brasao","revisao_pendente"
"TO","1713304","Miranorte","bandeira","revisao_pendente"
"TO","1713601","Monte do Carmo","brasao","nao_encontrado"
"TO","1713601","Monte do Carmo","bandeira","nao_encontrado"
"TO","1713700","Monte Santo do Tocantins","brasao","revisao_pendente"
"TO","1713700","Monte Santo do Tocantins","bandeira","nao_encontrado"
"TO","1713809","Palmeiras do Tocantins","brasao","nao_encontrado"
"TO","1713809","Palmeiras do Tocantins","bandeira","revisao_pendente"
"TO","1713957","Muricilândia","brasao","nao_encontrado"
"TO","1713957","Muricilândia","bandeira","nao_encontrado"
"TO","1714203","Natividade","brasao","revisao_pendente"
"TO","1714203","Natividade","bandeira","revisao_pendente"
"TO","1714302","Nazaré","brasao","nao_encontrado"
"TO","1714302","Nazaré","bandeira","nao_encontrado"
"TO","1714880","Nova Olinda","brasao","revisao_pendente"
"TO","1714880","Nova Olinda","bandeira","revisao_pendente"
"TO","1715002","Nova Rosalândia","brasao","nao_encontrado"
"TO","1715002","Nova Rosalândia","bandeira","revisao_pendente"
"TO","1715101","Novo Acordo","brasao","nao_encontrado"
"TO","1715101","Novo Acordo","bandeira","nao_encontrado"
"TO","1715150","Novo Alegre","brasao","revisao_pendente"
"TO","1715150","Novo Alegre","bandeira","revisao_pendente"
"TO","1715259","Novo Jardim","brasao","nao_encontrado"
"TO","1715259","Novo Jardim","bandeira","nao_encontrado"
"TO","1715507","Oliveira de Fátima","brasao","revisao_pendente"
"TO","1715507","Oliveira de Fátima","bandeira","revisao_pendente"
"TO","1715705","Palmeirante","brasao","nao_encontrado"
"TO","1715705","Palmeirante","bandeira","nao_encontrado"
"TO","1715754","Palmeirópolis","brasao","nao_encontrado"
"TO","1715754","Palmeirópolis","bandeira","nao_encontrado"
"TO","1716109","Paraíso do Tocantins","brasao","revisao_pendente"
"TO","1716109","Paraíso do Tocantins","bandeira","revisao_pendente"
"TO","1716208","Paranã","brasao","revisao_pendente"
"TO","1716208","Paranã","bandeira","revisao_pendente"
"TO","1716307","Pau D'Arco","brasao","nao_encontrado"
"TO","1716307","Pau D'Arco","bandeira","nao_encontrado"
"TO","1716505","Pedro Afonso","brasao","revisao_pendente"
"TO","1716505","Pedro Afonso","bandeira","revisao_pendente"
"TO","1716604","Peixe","brasao","revisao_pendente"
"TO","1716604","Peixe","bandeira","revisao_pendente"
"TO","1716653","Pequizeiro","brasao","nao_encontrado"
"TO","1716653","Pequizeiro","bandeira","nao_encontrado"
"TO","1716703","Colméia","brasao","revisao_pendente"
"TO","1716703","Colméia","bandeira","revisao_pendente"
"TO","1717008","Pindorama do Tocantins","brasao","nao_encontrado"
"TO","1717008","Pindorama do Tocantins","bandeira","nao_encontrado"
"TO","1717206","Piraquê","brasao","nao_encontrado"
"TO","1717206","Piraquê","bandeira","nao_encontrado"
"TO","1717503","Pium","brasao","nao_encontrado"
"TO","1717503","Pium","bandeira","rejeitado"
"TO","1717800","Ponte Alta do Bom Jesus","brasao","nao_encontrado"
"TO","1717800","Ponte Alta do Bom Jesus","bandeira","nao_encontrado"
"TO","1717909","Ponte Alta do Tocantins","brasao","nao_encontrado"
"TO","1717909","Ponte Alta do Tocantins","bandeira","nao_encontrado"
"TO","1718006","Porto Alegre do Tocantins","brasao","nao_encontrado"
"TO","1718006","Porto Alegre do Tocantins","bandeira","revisao_pendente"
"TO","1718204","Porto Nacional","brasao","revisao_pendente"
"TO","1718204","Porto Nacional","bandeira","revisao_pendente"
"TO","1718303","Praia Norte","brasao","nao_encontrado"
"TO","1718303","Praia Norte","bandeira","nao_encontrado"
"TO","1718402","Presidente Kennedy","brasao","nao_encontrado"
"TO","1718402","Presidente Kennedy","bandeira","nao_encontrado"
"TO","1718451","Pugmil","brasao","nao_encontrado"
"TO","1718451","Pugmil","bandeira","nao_encontrado"
"TO","1718501","Recursolândia","brasao","nao_encontrado"
"TO","1718501","Recursolândia","bandeira","revisao_pendente"
"TO","1718550","Riachinho","brasao","revisao_pendente"
"TO","1718550","Riachinho","bandeira","revisao_pendente"
"TO","1718659","Rio da Conceição","brasao","nao_encontrado"
"TO","1718659","Rio da Conceição","bandeira","nao_encontrado"
"TO","1718709","Rio dos Bois","brasao","nao_encontrado"
"TO","1718709","Rio dos Bois","bandeira","nao_encontrado"
"TO","1718758","Rio Sono","brasao","revisao_pendente"
"TO","1718758","Rio Sono","bandeira","nao_encontrado"
"TO","1718808","Sampaio","brasao","nao_encontrado"
"TO","1718808","Sampaio","bandeira","revisao_pendente"
"TO","1718840","Sandolândia","brasao","nao_encontrado"
"TO","1718840","Sandolândia","bandeira","nao_encontrado"
"TO","1718865","Santa Fé do Araguaia","brasao","revisao_pendente"
"TO","1718865","Santa Fé do Araguaia","bandeira","revisao_pendente"
"TO","1718881","Santa Maria do Tocantins","brasao","revisao_pendente"
"TO","1718881","Santa Maria do Tocantins","bandeira","revisao_pendente"
"TO","1718899","Santa Rita do Tocantins","brasao","nao_encontrado"
"TO","1718899","Santa Rita do Tocantins","bandeira","nao_encontrado"
"TO","1718907","Santa Rosa do Tocantins","brasao","revisao_pendente"
"TO","1718907","Santa Rosa do Tocantins","bandeira","rejeitado"
"TO","1719004","Santa Tereza do Tocantins","brasao","nao_encontrado"
"TO","1719004","Santa Tereza do Tocantins","bandeira","nao_encontrado"
"TO","1720002","Santa Terezinha do Tocantins","brasao","nao_encontrado"
"TO","1720002","Santa Terezinha do Tocantins","bandeira","revisao_pendente"
"TO","1720101","São Bento do Tocantins","brasao","revisao_pendente"
"TO","1720101","São Bento do Tocantins","bandeira","revisao_pendente"
"TO","1720150","São Félix do Tocantins","brasao","revisao_pendente"
"TO","1720150","São Félix do Tocantins","bandeira","revisao_pendente"
"TO","1720200","São Miguel do Tocantins","brasao","revisao_pendente"
"TO","1720200","São Miguel do Tocantins","bandeira","revisao_pendente"
"TO","1720259","São Salvador do Tocantins","brasao","nao_encontrado"
"TO","1720259","São Salvador do Tocantins","bandeira","nao_encontrado"
"TO","1720309","São Sebastião do Tocantins","brasao","revisao_pendente"
"TO","1720309","São Sebastião do Tocantins","bandeira","nao_encontrado"
"TO","1720499","São Valério","brasao","nao_encontrado"
"TO","1720499","São Valério","bandeira","nao_encontrado"
"TO","1720655","Silvanópolis","brasao","nao_encontrado"
"TO","1720655","Silvanópolis","bandeira","revisao_pendente"
"TO","1720804","Sítio Novo do Tocantins","brasao","revisao_pendente"
"TO","1720804","Sítio Novo do Tocantins","bandeira","revisao_pendente"
"TO","1720853","Sucupira","brasao","nao_encontrado"
"TO","1720853","Sucupira","bandeira","nao_encontrado"
"TO","1720903","Taguatinga","brasao","revisao_pendente"
"TO","1720903","Taguatinga","bandeira","revisao_pendente"
"TO","1720937","Taipas do Tocantins","brasao","nao_encontrado"
"TO","1720937","Taipas do Tocantins","bandeira","nao_encontrado"
"TO","1720978","Talismã","brasao","revisao_pendente"
"TO","1720978","Talismã","bandeira","revisao_pendente"
"TO","1721000","Palmas","brasao","revisao_pendente"
"TO","1721000","Palmas","bandeira","revisao_pendente"
"TO","1721109","Tocantínia","brasao","nao_encontrado"
"TO","1721109","Tocantínia","bandeira","nao_encontrado"
"TO","1721208","Tocantinópolis","brasao","revisao_pendente"
"TO","1721208","Tocantinópolis","bandeira","revisao_pendente"
"TO","1721257","Tupirama","brasao","revisao_pendente"
"TO","1721257","Tupirama","bandeira","revisao_pendente"
"TO","1721307","Tupiratins","brasao","nao_encontrado"
"TO","1721307","Tupiratins","bandeira","nao_encontrado"
"TO","1722081","Wanderlândia","brasao","revisao_pendente"
"TO","1722081","Wanderlândia","bandeira","revisao_pendente"
"TO","1722107","Xambioá","brasao","revisao_pendente"
"TO","1722107","Xambioá","bandeira","revisao_pendente"
"MA","2100055","Açailândia","brasao","revisao_pendente"
"MA","2100055","Açailândia","bandeira","revisao_pendente"
"MA","2100105","Afonso Cunha","brasao","nao_encontrado"
"MA","2100105","Afonso Cunha","bandeira","nao_encontrado"
"MA","2100154","Água Doce do Maranhão","brasao","nao_encontrado"
"MA","2100154","Água Doce do Maranhão","bandeira","nao_encontrado"
"MA","2100204","Alcântara","brasao","revisao_pendente"
"MA","2100204","Alcântara","bandeira","revisao_pendente"
"MA","2100303","Aldeias Altas","brasao","nao_encontrado"
"MA","2100303","Aldeias Altas","bandeira","revisao_pendente"
"MA","2100402","Altamira do Maranhão","brasao","nao_encontrado"
"MA","2100402","Altamira do Maranhão","bandeira","nao_encontrado"
"MA","2100436","Alto Alegre do Maranhão","brasao","nao_encontrado"
"MA","2100436","Alto Alegre do Maranhão","bandeira","nao_encontrado"
"MA","2100477","Alto Alegre do Pindaré","brasao","revisao_pendente"
"MA","2100477","Alto Alegre do Pindaré","bandeira","revisao_pendente"
"MA","2100501","Alto Parnaíba","brasao","revisao_pendente"
"MA","2100501","Alto Parnaíba","bandeira","revisao_pendente"
"MA","2100550","Amapá do Maranhão","brasao","nao_encontrado"
"MA","2100550","Amapá do Maranhão","bandeira","revisao_pendente"
"MA","2100600","Amarante do Maranhão","brasao","revisao_pendente"
"MA","2100600","Amarante do Maranhão","bandeira","revisao_pendente"
"MA","2100709","Anajatuba","brasao","nao_encontrado"
"MA","2100709","Anajatuba","bandeira","nao_encontrado"
"MA","2100808","Anapurus","brasao","nao_encontrado"
"MA","2100808","Anapurus","bandeira","nao_encontrado"
"MA","2100832","Apicum-Açu","brasao","revisao_pendente"
"MA","2100832","Apicum-Açu","bandeira","revisao_pendente"
"MA","2100873","Araguanã","brasao","nao_encontrado"
"MA","2100873","Araguanã","bandeira","revisao_pendente"
"MA","2100907","Araioses","brasao","revisao_pendente"
"MA","2100907","Araioses","bandeira","revisao_pendente"
"MA","2100956","Arame","brasao","revisao_pendente"
"MA","2100956","Arame","bandeira","revisao_pendente"
"MA","2101004","Arari","brasao","revisao_pendente"
"MA","2101004","Arari","bandeira","revisao_pendente"
"MA","2101103","Axixá","brasao","nao_encontrado"
"MA","2101103","Axixá","bandeira","nao_encontrado"
"MA","2101202","Bacabal","brasao","revisao_pendente"
"MA","2101202","Bacabal","bandeira","revisao_pendente"
"MA","2101251","Bacabeira","brasao","revisao_pendente"
"MA","2101251","Bacabeira","bandeira","revisao_pendente"
"MA","2101301","Bacuri","brasao","nao_encontrado"
"MA","2101301","Bacuri","bandeira","nao_encontrado"
"MA","2101350","Bacurituba","brasao","nao_encontrado"
"MA","2101350","Bacurituba","bandeira","nao_encontrado"
"MA","2101400","Balsas","brasao","revisao_pendente"
"MA","2101400","Balsas","bandeira","revisao_pendente"
"MA","2101509","Barão de Grajaú","brasao","revisao_pendente"
"MA","2101509","Barão de Grajaú","bandeira","revisao_pendente"
"MA","2101608","Barra do Corda","brasao","revisao_pendente"
"MA","2101608","Barra do Corda","bandeira","revisao_pendente"
"MA","2101707","Barreirinhas","brasao","rejeitado"
"MA","2101707","Barreirinhas","bandeira","rejeitado"
"MA","2101731","Belágua","brasao","nao_encontrado"
"MA","2101731","Belágua","bandeira","nao_encontrado"
"MA","2101772","Bela Vista do Maranhão","brasao","nao_encontrado"
"MA","2101772","Bela Vista do Maranhão","bandeira","revisao_pendente"
"MA","2101806","Benedito Leite","brasao","nao_encontrado"
"MA","2101806","Benedito Leite","bandeira","revisao_pendente"
"MA","2101905","Bequimão","brasao","revisao_pendente"
"MA","2101905","Bequimão","bandeira","revisao_pendente"
"MA","2101939","Bernardo do Mearim","brasao","nao_encontrado"
"MA","2101939","Bernardo do Mearim","bandeira","nao_encontrado"
"MA","2101970","Boa Vista do Gurupi","brasao","nao_encontrado"
"MA","2101970","Boa Vista do Gurupi","bandeira","nao_encontrado"
"MA","2102002","Bom Jardim","brasao","revisao_pendente"
"MA","2102002","Bom Jardim","bandeira","revisao_pendente"
"MA","2102036","Bom Jesus das Selvas","brasao","nao_encontrado"
"MA","2102036","Bom Jesus das Selvas","bandeira","revisao_pendente"
"MA","2102077","Bom Lugar","brasao","revisao_pendente"
"MA","2102077","Bom Lugar","bandeira","revisao_pendente"
"MA","2102101","Brejo","brasao","nao_encontrado"
"MA","2102101","Brejo","bandeira","revisao_pendente"
"MA","2102150","Brejo de Areia","brasao","nao_encontrado"
"MA","2102150","Brejo de Areia","bandeira","nao_encontrado"
"MA","2102200","Buriti","brasao","revisao_pendente"
"MA","2102200","Buriti","bandeira","rejeitado"
"MA","2102309","Buriti Bravo","brasao","revisao_pendente"
"MA","2102309","Buriti Bravo","bandeira","revisao_pendente"
"MA","2102325","Buriticupu","brasao","revisao_pendente"
"MA","2102325","Buriticupu","bandeira","revisao_pendente"
"MA","2102358","Buritirana","brasao","nao_encontrado"
"MA","2102358","Buritirana","bandeira","revisao_pendente"
"MA","2102374","Cachoeira Grande","brasao","nao_encontrado"
"MA","2102374","Cachoeira Grande","bandeira","nao_encontrado"
"MA","2102408","Cajapió","brasao","nao_encontrado"
"MA","2102408","Cajapió","bandeira","rejeitado"
"MA","2102507","Cajari","brasao","nao_encontrado"
"MA","2102507","Cajari","bandeira","revisao_pendente"
"MA","2102556","Campestre do Maranhão","brasao","revisao_pendente"
"MA","2102556","Campestre do Maranhão","bandeira","revisao_pendente"
"MA","2102606","Cândido Mendes","brasao","nao_encontrado"
"MA","2102606","Cândido Mendes","bandeira","revisao_pendente"
"MA","2102705","Cantanhede","brasao","nao_encontrado"
"MA","2102705","Cantanhede","bandeira","revisao_pendente"
"MA","2102754","Capinzal do Norte","brasao","nao_encontrado"
"MA","2102754","Capinzal do Norte","bandeira","revisao_pendente"
"MA","2102804","Carolina","brasao","revisao_pendente"
"MA","2102804","Carolina","bandeira","revisao_pendente"
"MA","2102903","Carutapera","brasao","nao_encontrado"
"MA","2102903","Carutapera","bandeira","revisao_pendente"
"MA","2103000","Caxias","brasao","revisao_pendente"
"MA","2103000","Caxias","bandeira","revisao_pendente"
"MA","2103109","Cedral","brasao","revisao_pendente"
"MA","2103109","Cedral","bandeira","revisao_pendente"
"MA","2103125","Central do Maranhão","brasao","revisao_pendente"
"MA","2103125","Central do Maranhão","bandeira","revisao_pendente"
"MA","2103158","Centro do Guilherme","brasao","revisao_pendente"
"MA","2103158","Centro do Guilherme","bandeira","revisao_pendente"
"MA","2103174","Centro Novo do Maranhão","brasao","revisao_pendente"
"MA","2103174","Centro Novo do Maranhão","bandeira","revisao_pendente"
"MA","2103208","Chapadinha","brasao","revisao_pendente"
"MA","2103208","Chapadinha","bandeira","revisao_pendente"
"MA","2103257","Cidelândia","brasao","revisao_pendente"
"MA","2103257","Cidelândia","bandeira","revisao_pendente"
"MA","2103307","Codó","brasao","revisao_pendente"
"MA","2103307","Codó","bandeira","revisao_pendente"
"MA","2103406","Coelho Neto","brasao","nao_encontrado"
"MA","2103406","Coelho Neto","bandeira","revisao_pendente"
"MA","2103505","Colinas","brasao","revisao_pendente"
"MA","2103505","Colinas","bandeira","revisao_pendente"
"MA","2103554","Conceição do Lago-Açu","brasao","revisao_pendente"
"MA","2103554","Conceição do Lago-Açu","bandeira","revisao_pendente"
"MA","2103604","Coroatá","brasao","revisao_pendente"
"MA","2103604","Coroatá","bandeira","revisao_pendente"
"MA","2103703","Cururupu","brasao","revisao_pendente"
"MA","2103703","Cururupu","bandeira","revisao_pendente"
"MA","2103752","Davinópolis","brasao","revisao_pendente"
"MA","2103752","Davinópolis","bandeira","revisao_pendente"
"MA","2103802","Dom Pedro","brasao","nao_encontrado"
"MA","2103802","Dom Pedro","bandeira","revisao_pendente"
"MA","2103901","Duque Bacelar","brasao","nao_encontrado"
"MA","2103901","Duque Bacelar","bandeira","nao_encontrado"
"MA","2104008","Esperantinópolis","brasao","revisao_pendente"
"MA","2104008","Esperantinópolis","bandeira","revisao_pendente"
"MA","2104057","Estreito","brasao","revisao_pendente"
"MA","2104057","Estreito","bandeira","revisao_pendente"
"MA","2104073","Feira Nova do Maranhão","brasao","nao_encontrado"
"MA","2104073","Feira Nova do Maranhão","bandeira","nao_encontrado"
"MA","2104081","Fernando Falcão","brasao","revisao_pendente"
"MA","2104081","Fernando Falcão","bandeira","revisao_pendente"
"MA","2104099","Formosa da Serra Negra","brasao","nao_encontrado"
"MA","2104099","Formosa da Serra Negra","bandeira","nao_encontrado"
"MA","2104107","Fortaleza dos Nogueiras","brasao","nao_encontrado"
"MA","2104107","Fortaleza dos Nogueiras","bandeira","nao_encontrado"
"MA","2104206","Fortuna","brasao","revisao_pendente"
"MA","2104206","Fortuna","bandeira","revisao_pendente"
"MA","2104305","Godofredo Viana","brasao","nao_encontrado"
"MA","2104305","Godofredo Viana","bandeira","nao_encontrado"
"MA","2104404","Gonçalves Dias","brasao","revisao_pendente"
"MA","2104404","Gonçalves Dias","bandeira","revisao_pendente"
"MA","2104503","Governador Archer","brasao","nao_encontrado"
"MA","2104503","Governador Archer","bandeira","nao_encontrado"
"MA","2104552","Governador Edison Lobão","brasao","revisao_pendente"
"MA","2104552","Governador Edison Lobão","bandeira","revisao_pendente"
"MA","2104602","Governador Eugênio Barros","brasao","nao_encontrado"
"MA","2104602","Governador Eugênio Barros","bandeira","nao_encontrado"
"MA","2104628","Governador Luiz Rocha","brasao","revisao_pendente"
"MA","2104628","Governador Luiz Rocha","bandeira","nao_encontrado"
"MA","2104651","Governador Newton Bello","brasao","nao_encontrado"
"MA","2104651","Governador Newton Bello","bandeira","revisao_pendente"
"MA","2104677","Governador Nunes Freire","brasao","nao_encontrado"
"MA","2104677","Governador Nunes Freire","bandeira","revisao_pendente"
"MA","2104701","Graça Aranha","brasao","nao_encontrado"
"MA","2104701","Graça Aranha","bandeira","nao_encontrado"
"MA","2104800","Grajaú","brasao","revisao_pendente"
"MA","2104800","Grajaú","bandeira","revisao_pendente"
"MA","2104909","Guimarães","brasao","nao_encontrado"
"MA","2104909","Guimarães","bandeira","revisao_pendente"
"MA","2105005","Humberto de Campos","brasao","revisao_pendente"
"MA","2105005","Humberto de Campos","bandeira","revisao_pendente"
"MA","2105104","Icatu","brasao","revisao_pendente"
"MA","2105104","Icatu","bandeira","revisao_pendente"
"MA","2105153","Igarapé do Meio","brasao","nao_encontrado"
"MA","2105153","Igarapé do Meio","bandeira","revisao_pendente"
"MA","2105203","Igarapé Grande","brasao","nao_encontrado"
"MA","2105203","Igarapé Grande","bandeira","nao_encontrado"
"MA","2105302","Imperatriz","brasao","revisao_pendente"
"MA","2105302","Imperatriz","bandeira","revisao_pendente"
"MA","2105351","Itaipava do Grajaú","brasao","nao_encontrado"
"MA","2105351","Itaipava do Grajaú","bandeira","nao_encontrado"
"MA","2105401","Itapecuru Mirim","brasao","rejeitado"
"MA","2105401","Itapecuru Mirim","bandeira","revisao_pendente"
"MA","2105427","Itinga do Maranhão","brasao","revisao_pendente"
"MA","2105427","Itinga do Maranhão","bandeira","revisao_pendente"
"MA","2105450","Jatobá","brasao","revisao_pendente"
"MA","2105450","Jatobá","bandeira","revisao_pendente"
"MA","2105476","Jenipapo dos Vieiras","brasao","nao_encontrado"
"MA","2105476","Jenipapo dos Vieiras","bandeira","nao_encontrado"
"MA","2105500","João Lisboa","brasao","nao_encontrado"
"MA","2105500","João Lisboa","bandeira","revisao_pendente"
"MA","2105609","Joselândia","brasao","nao_encontrado"
"MA","2105609","Joselândia","bandeira","revisao_pendente"
"MA","2105658","Junco do Maranhão","brasao","nao_encontrado"
"MA","2105658","Junco do Maranhão","bandeira","nao_encontrado"
"MA","2105708","Lago da Pedra","brasao","revisao_pendente"
"MA","2105708","Lago da Pedra","bandeira","revisao_pendente"
"MA","2105807","Lago do Junco","brasao","nao_encontrado"
"MA","2105807","Lago do Junco","bandeira","nao_encontrado"
"MA","2105906","Lago Verde","brasao","nao_encontrado"
"MA","2105906","Lago Verde","bandeira","nao_encontrado"
"MA","2105922","Lagoa do Mato","brasao","revisao_pendente"
"MA","2105922","Lagoa do Mato","bandeira","revisao_pendente"
"MA","2105948","Lago dos Rodrigues","brasao","nao_encontrado"
"MA","2105948","Lago dos Rodrigues","bandeira","nao_encontrado"
"MA","2105963","Lagoa Grande do Maranhão","brasao","nao_encontrado"
"MA","2105963","Lagoa Grande do Maranhão","bandeira","nao_encontrado"
"MA","2105989","Lajeado Novo","brasao","nao_encontrado"
"MA","2105989","Lajeado Novo","bandeira","nao_encontrado"
"MA","2106003","Lima Campos","brasao","revisao_pendente"
"MA","2106003","Lima Campos","bandeira","revisao_pendente"
"MA","2106102","Loreto","brasao","nao_encontrado"
"MA","2106102","Loreto","bandeira","nao_encontrado"
"MA","2106201","Luís Domingues","brasao","nao_encontrado"
"MA","2106201","Luís Domingues","bandeira","revisao_pendente"
"MA","2106300","Magalhães de Almeida","brasao","nao_encontrado"
"MA","2106300","Magalhães de Almeida","bandeira","nao_encontrado"
"MA","2106326","Maracaçumé","brasao","nao_encontrado"
"MA","2106326","Maracaçumé","bandeira","revisao_pendente"
"MA","2106359","Marajá do Sena","brasao","revisao_pendente"
"MA","2106359","Marajá do Sena","bandeira","revisao_pendente"
"MA","2106375","Maranhãozinho","brasao","revisao_pendente"
"MA","2106375","Maranhãozinho","bandeira","revisao_pendente"
"MA","2106409","Mata Roma","brasao","nao_encontrado"
"MA","2106409","Mata Roma","bandeira","revisao_pendente"
"MA","2106508","Matinha","brasao","nao_encontrado"
"MA","2106508","Matinha","bandeira","revisao_pendente"
"MA","2106607","Matões","brasao","nao_encontrado"
"MA","2106607","Matões","bandeira","revisao_pendente"
"MA","2106631","Matões do Norte","brasao","desatualizado"
"MA","2106631","Matões do Norte","bandeira","desatualizado"
"MA","2106672","Milagres do Maranhão","brasao","nao_encontrado"
"MA","2106672","Milagres do Maranhão","bandeira","nao_encontrado"
"MA","2106706","Mirador","brasao","revisao_pendente"
"MA","2106706","Mirador","bandeira","revisao_pendente"
"MA","2106755","Miranda do Norte","brasao","revisao_pendente"
"MA","2106755","Miranda do Norte","bandeira","revisao_pendente"
"MA","2106805","Mirinzal","brasao","nao_encontrado"
"MA","2106805","Mirinzal","bandeira","revisao_pendente"
"MA","2106904","Monção","brasao","revisao_pendente"
"MA","2106904","Monção","bandeira","revisao_pendente"
"MA","2107001","Montes Altos","brasao","nao_encontrado"
"MA","2107001","Montes Altos","bandeira","nao_encontrado"
"MA","2107100","Morros","brasao","nao_encontrado"
"MA","2107100","Morros","bandeira","nao_encontrado"
"MA","2107209","Nina Rodrigues","brasao","nao_encontrado"
"MA","2107209","Nina Rodrigues","bandeira","revisao_pendente"
"MA","2107258","Nova Colinas","brasao","nao_encontrado"
"MA","2107258","Nova Colinas","bandeira","nao_encontrado"
"MA","2107308","Nova Iorque","brasao","revisao_pendente"
"MA","2107308","Nova Iorque","bandeira","revisao_pendente"
"MA","2107357","Nova Olinda do Maranhão","brasao","nao_encontrado"
"MA","2107357","Nova Olinda do Maranhão","bandeira","revisao_pendente"
"MA","2107407","Olho d'Água das Cunhãs","brasao","nao_encontrado"
"MA","2107407","Olho d'Água das Cunhãs","bandeira","nao_encontrado"
"MA","2107456","Olinda Nova do Maranhão","brasao","revisao_pendente"
"MA","2107456","Olinda Nova do Maranhão","bandeira","nao_encontrado"
"MA","2107506","Paço do Lumiar","brasao","nao_encontrado"
"MA","2107506","Paço do Lumiar","bandeira","revisao_pendente"
"MA","2107605","Palmeirândia","brasao","revisao_pendente"
"MA","2107605","Palmeirândia","bandeira","revisao_pendente"
"MA","2107704","Paraibano","brasao","revisao_pendente"
"MA","2107704","Paraibano","bandeira","revisao_pendente"
"MA","2107803","Parnarama","brasao","nao_encontrado"
"MA","2107803","Parnarama","bandeira","revisao_pendente"
"MA","2107902","Passagem Franca","brasao","revisao_pendente"
"MA","2107902","Passagem Franca","bandeira","revisao_pendente"
"MA","2108009","Pastos Bons","brasao","revisao_pendente"
"MA","2108009","Pastos Bons","bandeira","revisao_pendente"
"MA","2108058","Paulino Neves","brasao","revisao_pendente"
"MA","2108058","Paulino Neves","bandeira","rejeitado"
"MA","2108108","Paulo Ramos","brasao","revisao_pendente"
"MA","2108108","Paulo Ramos","bandeira","revisao_pendente"
"MA","2108207","Pedreiras","brasao","revisao_pendente"
"MA","2108207","Pedreiras","bandeira","revisao_pendente"
"MA","2108256","Pedro do Rosário","brasao","nao_encontrado"
"MA","2108256","Pedro do Rosário","bandeira","nao_encontrado"
"MA","2108306","Penalva","brasao","nao_encontrado"
"MA","2108306","Penalva","bandeira","revisao_pendente"
"MA","2108405","Peri Mirim","brasao","revisao_pendente"
"MA","2108405","Peri Mirim","bandeira","revisao_pendente"
"MA","2108454","Peritoró","brasao","revisao_pendente"
"MA","2108454","Peritoró","bandeira","revisao_pendente"
"MA","2108504","Pindaré-Mirim","brasao","revisao_pendente"
"MA","2108504","Pindaré-Mirim","bandeira","nao_encontrado"
"MA","2108603","Pinheiro","brasao","revisao_pendente"
"MA","2108603","Pinheiro","bandeira","revisao_pendente"
"MA","2108702","Pio XII","brasao","nao_encontrado"
"MA","2108702","Pio XII","bandeira","revisao_pendente"
"MA","2108801","Pirapemas","brasao","nao_encontrado"
"MA","2108801","Pirapemas","bandeira","nao_encontrado"
"MA","2108900","Poção de Pedras","brasao","nao_encontrado"
"MA","2108900","Poção de Pedras","bandeira","nao_encontrado"
"MA","2109007","Porto Franco","brasao","revisao_pendente"
"MA","2109007","Porto Franco","bandeira","revisao_pendente"
"MA","2109056","Porto Rico do Maranhão","brasao","revisao_pendente"
"MA","2109056","Porto Rico do Maranhão","bandeira","revisao_pendente"
"MA","2109106","Presidente Dutra","brasao","nao_encontrado"
"MA","2109106","Presidente Dutra","bandeira","revisao_pendente"
"MA","2109205","Presidente Juscelino","brasao","nao_encontrado"
"MA","2109205","Presidente Juscelino","bandeira","nao_encontrado"
"MA","2109239","Presidente Médici","brasao","nao_encontrado"
"MA","2109239","Presidente Médici","bandeira","revisao_pendente"
"MA","2109270","Presidente Sarney","brasao","nao_encontrado"
"MA","2109270","Presidente Sarney","bandeira","nao_encontrado"
"MA","2109304","Presidente Vargas","brasao","revisao_pendente"
"MA","2109304","Presidente Vargas","bandeira","revisao_pendente"
"MA","2109403","Primeira Cruz","brasao","revisao_pendente"
"MA","2109403","Primeira Cruz","bandeira","revisao_pendente"
"MA","2109452","Raposa","brasao","revisao_pendente"
"MA","2109452","Raposa","bandeira","rejeitado"
"MA","2109502","Riachão","brasao","revisao_pendente"
"MA","2109502","Riachão","bandeira","revisao_pendente"
"MA","2109551","Ribamar Fiquene","brasao","nao_encontrado"
"MA","2109551","Ribamar Fiquene","bandeira","nao_encontrado"
"MA","2109601","Rosário","brasao","revisao_pendente"
"MA","2109601","Rosário","bandeira","revisao_pendente"
"MA","2109700","Sambaíba","brasao","nao_encontrado"
"MA","2109700","Sambaíba","bandeira","nao_encontrado"
"MA","2109759","Santa Filomena do Maranhão","brasao","revisao_pendente"
"MA","2109759","Santa Filomena do Maranhão","bandeira","revisao_pendente"
"MA","2109809","Santa Helena","brasao","nao_encontrado"
"MA","2109809","Santa Helena","bandeira","revisao_pendente"
"MA","2109908","Santa Inês","brasao","revisao_pendente"
"MA","2109908","Santa Inês","bandeira","revisao_pendente"
"MA","2110005","Santa Luzia","brasao","nao_encontrado"
"MA","2110005","Santa Luzia","bandeira","revisao_pendente"
"MA","2110039","Santa Luzia do Paruá","brasao","nao_encontrado"
"MA","2110039","Santa Luzia do Paruá","bandeira","nao_encontrado"
"MA","2110104","Santa Quitéria do Maranhão","brasao","nao_encontrado"
"MA","2110104","Santa Quitéria do Maranhão","bandeira","nao_encontrado"
"MA","2110203","Santa Rita","brasao","nao_encontrado"
"MA","2110203","Santa Rita","bandeira","revisao_pendente"
"MA","2110237","Santana do Maranhão","brasao","nao_encontrado"
"MA","2110237","Santana do Maranhão","bandeira","nao_encontrado"
"MA","2110278","Santo Amaro do Maranhão","brasao","rejeitado"
"MA","2110278","Santo Amaro do Maranhão","bandeira","nao_encontrado"
"MA","2110302","Santo Antônio dos Lopes","brasao","nao_encontrado"
"MA","2110302","Santo Antônio dos Lopes","bandeira","nao_encontrado"
"MA","2110401","São Benedito do Rio Preto","brasao","nao_encontrado"
"MA","2110401","São Benedito do Rio Preto","bandeira","revisao_pendente"
"MA","2110500","São Bento","brasao","nao_encontrado"
"MA","2110500","São Bento","bandeira","revisao_pendente"
"MA","2110609","São Bernardo","brasao","nao_encontrado"
"MA","2110609","São Bernardo","bandeira","revisao_pendente"
"MA","2110658","São Domingos do Azeitão","brasao","revisao_pendente"
"MA","2110658","São Domingos do Azeitão","bandeira","nao_encontrado"
"MA","2110708","São Domingos do Maranhão","brasao","revisao_pendente"
"MA","2110708","São Domingos do Maranhão","bandeira","revisao_pendente"
"MA","2110807","São Félix de Balsas","brasao","nao_encontrado"
"MA","2110807","São Félix de Balsas","bandeira","nao_encontrado"
"MA","2110856","São Francisco do Brejão","brasao","nao_encontrado"
"MA","2110856","São Francisco do Brejão","bandeira","nao_encontrado"
"MA","2110906","São Francisco do Maranhão","brasao","nao_encontrado"
"MA","2110906","São Francisco do Maranhão","bandeira","nao_encontrado"
"MA","2111003","São João Batista","brasao","nao_encontrado"
"MA","2111003","São João Batista","bandeira","nao_encontrado"
"MA","2111029","São João do Carú","brasao","nao_encontrado"
"MA","2111029","São João do Carú","bandeira","nao_encontrado"
"MA","2111052","São João do Paraíso","brasao","nao_encontrado"
"MA","2111052","São João do Paraíso","bandeira","nao_encontrado"
"MA","2111078","São João do Soter","brasao","nao_encontrado"
"MA","2111078","São João do Soter","bandeira","nao_encontrado"
"MA","2111102","São João dos Patos","brasao","revisao_pendente"
"MA","2111102","São João dos Patos","bandeira","revisao_pendente"
"MA","2111201","São José de Ribamar","brasao","revisao_pendente"
"MA","2111201","São José de Ribamar","bandeira","revisao_pendente"
"MA","2111250","São José dos Basílios","brasao","revisao_pendente"
"MA","2111250","São José dos Basílios","bandeira","revisao_pendente"
"MA","2111300","São Luís","brasao","rejeitado"
"MA","2111300","São Luís","bandeira","revisao_pendente"
"MA","2111409","São Luís Gonzaga do Maranhão","brasao","nao_encontrado"
"MA","2111409","São Luís Gonzaga do Maranhão","bandeira","nao_encontrado"
"MA","2111508","São Mateus do Maranhão","brasao","nao_encontrado"
"MA","2111508","São Mateus do Maranhão","bandeira","nao_encontrado"
"MA","2111532","São Pedro da Água Branca","brasao","nao_encontrado"
"MA","2111532","São Pedro da Água Branca","bandeira","nao_encontrado"
"MA","2111573","São Pedro dos Crentes","brasao","nao_encontrado"
"MA","2111573","São Pedro dos Crentes","bandeira","nao_encontrado"
"MA","2111607","São Raimundo das Mangabeiras","brasao","revisao_pendente"
"MA","2111607","São Raimundo das Mangabeiras","bandeira","revisao_pendente"
"MA","2111631","São Raimundo do Doca Bezerra","brasao","nao_encontrado"
"MA","2111631","São Raimundo do Doca Bezerra","bandeira","nao_encontrado"
"MA","2111672","São Roberto","brasao","nao_encontrado"
"MA","2111672","São Roberto","bandeira","revisao_pendente"
"MA","2111706","São Vicente Ferrer","brasao","nao_encontrado"
"MA","2111706","São Vicente Ferrer","bandeira","revisao_pendente"
"MA","2111722","Satubinha","brasao","revisao_pendente"
"MA","2111722","Satubinha","bandeira","revisao_pendente"
"MA","2111748","Senador Alexandre Costa","brasao","nao_encontrado"
"MA","2111748","Senador Alexandre Costa","bandeira","nao_encontrado"
"MA","2111763","Senador La Rocque","brasao","revisao_pendente"
"MA","2111763","Senador La Rocque","bandeira","revisao_pendente"
"MA","2111789","Serrano do Maranhão","brasao","nao_encontrado"
"MA","2111789","Serrano do Maranhão","bandeira","nao_encontrado"
"MA","2111805","Sítio Novo","brasao","nao_encontrado"
"MA","2111805","Sítio Novo","bandeira","nao_encontrado"
"MA","2111904","Sucupira do Norte","brasao","revisao_pendente"
"MA","2111904","Sucupira do Norte","bandeira","revisao_pendente"
"MA","2111953","Sucupira do Riachão","brasao","revisao_pendente"
"MA","2111953","Sucupira do Riachão","bandeira","revisao_pendente"
"MA","2112001","Tasso Fragoso","brasao","nao_encontrado"
"MA","2112001","Tasso Fragoso","bandeira","revisao_pendente"
"MA","2112100","Timbiras","brasao","revisao_pendente"
"MA","2112100","Timbiras","bandeira","revisao_pendente"
"MA","2112209","Timon","brasao","revisao_pendente"
"MA","2112209","Timon","bandeira","nao_encontrado"
"MA","2112233","Trizidela do Vale","brasao","nao_encontrado"
"MA","2112233","Trizidela do Vale","bandeira","revisao_pendente"
"MA","2112274","Tufilândia","brasao","nao_encontrado"
"MA","2112274","Tufilândia","bandeira","nao_encontrado"
"MA","2112308","Tuntum","brasao","nao_encontrado"
"MA","2112308","Tuntum","bandeira","revisao_pendente"
"MA","2112407","Turiaçu","brasao","revisao_pendente"
"MA","2112407","Turiaçu","bandeira","revisao_pendente"
"MA","2112456","Turilândia","brasao","revisao_pendente"
"MA","2112456","Turilândia","bandeira","revisao_pendente"
"MA","2112506","Tutóia","brasao","revisao_pendente"
"MA","2112506","Tutóia","bandeira","revisao_pendente"
"MA","2112605","Urbano Santos","brasao","revisao_pendente"
"MA","2112605","Urbano Santos","bandeira","revisao_pendente"
"MA","2112704","Vargem Grande","brasao","revisao_pendente"
"MA","2112704","Vargem Grande","bandeira","revisao_pendente"
"MA","2112803","Viana","brasao","revisao_pendente"
"MA","2112803","Viana","bandeira","revisao_pendente"
"MA","2112852","Vila Nova dos Martírios","brasao","nao_encontrado"
"MA","2112852","Vila Nova dos Martírios","bandeira","nao_encontrado"
"MA","2112902","Vitória do Mearim","brasao","revisao_pendente"
"MA","2112902","Vitória do Mearim","bandeira","revisao_pendente"
"MA","2113009","Vitorino Freire","brasao","nao_encontrado"
"MA","2113009","Vitorino Freire","bandeira","revisao_pendente"
"MA","2114007","Zé Doca","brasao","revisao_pendente"
"MA","2114007","Zé Doca","bandeira","revisao_pendente"
"PI","2200053","Acauã","brasao","revisao_pendente"
"PI","2200053","Acauã","bandeira","revisao_pendente"
"PI","2200103","Agricolândia","brasao","revisao_pendente"
"PI","2200103","Agricolândia","bandeira","revisao_pendente"
"PI","2200202","Água Branca","brasao","nao_encontrado"
"PI","2200202","Água Branca","bandeira","nao_encontrado"
"PI","2200251","Alagoinha do Piauí","brasao","nao_encontrado"
"PI","2200251","Alagoinha do Piauí","bandeira","revisao_pendente"
"PI","2200277","Alegrete do Piauí","brasao","nao_encontrado"
"PI","2200277","Alegrete do Piauí","bandeira","nao_encontrado"
"PI","2200301","Alto Longá","brasao","rejeitado"
"PI","2200301","Alto Longá","bandeira","rejeitado"
"PI","2200400","Altos","brasao","revisao_pendente"
"PI","2200400","Altos","bandeira","revisao_pendente"
"PI","2200459","Alvorada do Gurguéia","brasao","revisao_pendente"
"PI","2200459","Alvorada do Gurguéia","bandeira","revisao_pendente"
"PI","2200509","Amarante","brasao","nao_encontrado"
"PI","2200509","Amarante","bandeira","nao_encontrado"
"PI","2200608","Angical do Piauí","brasao","nao_encontrado"
"PI","2200608","Angical do Piauí","bandeira","revisao_pendente"
"PI","2200707","Anísio de Abreu","brasao","nao_encontrado"
"PI","2200707","Anísio de Abreu","bandeira","nao_encontrado"
"PI","2200806","Antônio Almeida","brasao","revisao_pendente"
"PI","2200806","Antônio Almeida","bandeira","revisao_pendente"
"PI","2200905","Aroazes","brasao","revisao_pendente"
"PI","2200905","Aroazes","bandeira","revisao_pendente"
"PI","2200954","Aroeiras do Itaim","brasao","nao_encontrado"
"PI","2200954","Aroeiras do Itaim","bandeira","revisao_pendente"
"PI","2201002","Arraial","brasao","revisao_pendente"
"PI","2201002","Arraial","bandeira","nao_encontrado"
"PI","2201051","Assunção do Piauí","brasao","nao_encontrado"
"PI","2201051","Assunção do Piauí","bandeira","revisao_pendente"
"PI","2201101","Avelino Lopes","brasao","revisao_pendente"
"PI","2201101","Avelino Lopes","bandeira","revisao_pendente"
"PI","2201150","Baixa Grande do Ribeiro","brasao","revisao_pendente"
"PI","2201150","Baixa Grande do Ribeiro","bandeira","revisao_pendente"
"PI","2201176","Barra D'Alcântara","brasao","nao_encontrado"
"PI","2201176","Barra D'Alcântara","bandeira","nao_encontrado"
"PI","2201200","Barras","brasao","revisao_pendente"
"PI","2201200","Barras","bandeira","revisao_pendente"
"PI","2201309","Barreiras do Piauí","brasao","nao_encontrado"
"PI","2201309","Barreiras do Piauí","bandeira","nao_encontrado"
"PI","2201408","Barro Duro","brasao","revisao_pendente"
"PI","2201408","Barro Duro","bandeira","nao_encontrado"
"PI","2201507","Batalha","brasao","revisao_pendente"
"PI","2201507","Batalha","bandeira","revisao_pendente"
"PI","2201556","Bela Vista do Piauí","brasao","nao_encontrado"
"PI","2201556","Bela Vista do Piauí","bandeira","nao_encontrado"
"PI","2201572","Belém do Piauí","brasao","nao_encontrado"
"PI","2201572","Belém do Piauí","bandeira","nao_encontrado"
"PI","2201606","Beneditinos","brasao","nao_encontrado"
"PI","2201606","Beneditinos","bandeira","revisao_pendente"
"PI","2201705","Bertolínia","brasao","revisao_pendente"
"PI","2201705","Bertolínia","bandeira","nao_encontrado"
"PI","2201739","Betânia do Piauí","brasao","nao_encontrado"
"PI","2201739","Betânia do Piauí","bandeira","nao_encontrado"
"PI","2201770","Boa Hora","brasao","revisao_pendente"
"PI","2201770","Boa Hora","bandeira","revisao_pendente"
"PI","2201804","Bocaina","brasao","nao_encontrado"
"PI","2201804","Bocaina","bandeira","nao_encontrado"
"PI","2201903","Bom Jesus","brasao","revisao_pendente"
"PI","2201903","Bom Jesus","bandeira","revisao_pendente"
"PI","2201919","Bom Princípio do Piauí","brasao","nao_encontrado"
"PI","2201919","Bom Princípio do Piauí","bandeira","nao_encontrado"
"PI","2201929","Bonfim do Piauí","brasao","nao_encontrado"
"PI","2201929","Bonfim do Piauí","bandeira","nao_encontrado"
"PI","2201945","Boqueirão do Piauí","brasao","nao_encontrado"
"PI","2201945","Boqueirão do Piauí","bandeira","nao_encontrado"
"PI","2201960","Brasileira","brasao","revisao_pendente"
"PI","2201960","Brasileira","bandeira","revisao_pendente"
"PI","2201988","Brejo do Piauí","brasao","nao_encontrado"
"PI","2201988","Brejo do Piauí","bandeira","revisao_pendente"
"PI","2202000","Buriti dos Lopes","brasao","nao_encontrado"
"PI","2202000","Buriti dos Lopes","bandeira","nao_encontrado"
"PI","2202026","Buriti dos Montes","brasao","revisao_pendente"
"PI","2202026","Buriti dos Montes","bandeira","nao_encontrado"
"PI","2202059","Cabeceiras do Piauí","brasao","revisao_pendente"
"PI","2202059","Cabeceiras do Piauí","bandeira","revisao_pendente"
"PI","2202075","Cajazeiras do Piauí","brasao","revisao_pendente"
"PI","2202075","Cajazeiras do Piauí","bandeira","revisao_pendente"
"PI","2202083","Cajueiro da Praia","brasao","nao_encontrado"
"PI","2202083","Cajueiro da Praia","bandeira","nao_encontrado"
"PI","2202091","Caldeirão Grande do Piauí","brasao","nao_encontrado"
"PI","2202091","Caldeirão Grande do Piauí","bandeira","nao_encontrado"
"PI","2202109","Campinas do Piauí","brasao","nao_encontrado"
"PI","2202109","Campinas do Piauí","bandeira","nao_encontrado"
"PI","2202117","Campo Alegre do Fidalgo","brasao","nao_encontrado"
"PI","2202117","Campo Alegre do Fidalgo","bandeira","nao_encontrado"
"PI","2202133","Campo Grande do Piauí","brasao","nao_encontrado"
"PI","2202133","Campo Grande do Piauí","bandeira","nao_encontrado"
"PI","2202174","Campo Largo do Piauí","brasao","nao_encontrado"
"PI","2202174","Campo Largo do Piauí","bandeira","nao_encontrado"
"PI","2202208","Campo Maior","brasao","rejeitado"
"PI","2202208","Campo Maior","bandeira","revisao_pendente"
"PI","2202251","Canavieira","brasao","nao_encontrado"
"PI","2202251","Canavieira","bandeira","nao_encontrado"
"PI","2202307","Canto do Buriti","brasao","revisao_pendente"
"PI","2202307","Canto do Buriti","bandeira","revisao_pendente"
"PI","2202406","Capitão de Campos","brasao","nao_encontrado"
"PI","2202406","Capitão de Campos","bandeira","nao_encontrado"
"PI","2202455","Capitão Gervásio Oliveira","brasao","nao_encontrado"
"PI","2202455","Capitão Gervásio Oliveira","bandeira","nao_encontrado"
"PI","2202505","Caracol","brasao","nao_encontrado"
"PI","2202505","Caracol","bandeira","nao_encontrado"
"PI","2202539","Caraúbas do Piauí","brasao","nao_encontrado"
"PI","2202539","Caraúbas do Piauí","bandeira","nao_encontrado"
"PI","2202554","Caridade do Piauí","brasao","nao_encontrado"
"PI","2202554","Caridade do Piauí","bandeira","nao_encontrado"
"PI","2202604","Castelo do Piauí","brasao","revisao_pendente"
"PI","2202604","Castelo do Piauí","bandeira","revisao_pendente"
"PI","2202653","Caxingó","brasao","nao_encontrado"
"PI","2202653","Caxingó","bandeira","nao_encontrado"
"PI","2202703","Cocal","brasao","revisao_pendente"
"PI","2202703","Cocal","bandeira","revisao_pendente"
"PI","2202711","Cocal de Telha","brasao","nao_encontrado"
"PI","2202711","Cocal de Telha","bandeira","revisao_pendente"
"PI","2202729","Cocal dos Alves","brasao","nao_encontrado"
"PI","2202729","Cocal dos Alves","bandeira","nao_encontrado"
"PI","2202737","Coivaras","brasao","nao_encontrado"
"PI","2202737","Coivaras","bandeira","nao_encontrado"
"PI","2202752","Colônia do Gurguéia","brasao","revisao_pendente"
"PI","2202752","Colônia do Gurguéia","bandeira","nao_encontrado"
"PI","2202778","Colônia do Piauí","brasao","nao_encontrado"
"PI","2202778","Colônia do Piauí","bandeira","nao_encontrado"
"PI","2202802","Conceição do Canindé","brasao","nao_encontrado"
"PI","2202802","Conceição do Canindé","bandeira","nao_encontrado"
"PI","2202851","Coronel José Dias","brasao","nao_encontrado"
"PI","2202851","Coronel José Dias","bandeira","nao_encontrado"
"PI","2202901","Corrente","brasao","revisao_pendente"
"PI","2202901","Corrente","bandeira","revisao_pendente"
"PI","2203008","Cristalândia do Piauí","brasao","nao_encontrado"
"PI","2203008","Cristalândia do Piauí","bandeira","nao_encontrado"
"PI","2203107","Cristino Castro","brasao","revisao_pendente"
"PI","2203107","Cristino Castro","bandeira","revisao_pendente"
"PI","2203206","Curimatá","brasao","revisao_pendente"
"PI","2203206","Curimatá","bandeira","nao_encontrado"
"PI","2203230","Currais","brasao","revisao_pendente"
"PI","2203230","Currais","bandeira","revisao_pendente"
"PI","2203255","Curralinhos","brasao","nao_encontrado"
"PI","2203255","Curralinhos","bandeira","nao_encontrado"
"PI","2203271","Curral Novo do Piauí","brasao","nao_encontrado"
"PI","2203271","Curral Novo do Piauí","bandeira","nao_encontrado"
"PI","2203305","Demerval Lobão","brasao","nao_encontrado"
"PI","2203305","Demerval Lobão","bandeira","nao_encontrado"
"PI","2203354","Dirceu Arcoverde","brasao","revisao_pendente"
"PI","2203354","Dirceu Arcoverde","bandeira","revisao_pendente"
"PI","2203404","Dom Expedito Lopes","brasao","revisao_pendente"
"PI","2203404","Dom Expedito Lopes","bandeira","revisao_pendente"
"PI","2203420","Domingos Mourão","brasao","nao_encontrado"
"PI","2203420","Domingos Mourão","bandeira","nao_encontrado"
"PI","2203453","Dom Inocêncio","brasao","nao_encontrado"
"PI","2203453","Dom Inocêncio","bandeira","nao_encontrado"
"PI","2203503","Elesbão Veloso","brasao","nao_encontrado"
"PI","2203503","Elesbão Veloso","bandeira","revisao_pendente"
"PI","2203602","Eliseu Martins","brasao","nao_encontrado"
"PI","2203602","Eliseu Martins","bandeira","nao_encontrado"
"PI","2203701","Esperantina","brasao","revisao_pendente"
"PI","2203701","Esperantina","bandeira","revisao_pendente"
"PI","2203750","Fartura do Piauí","brasao","nao_encontrado"
"PI","2203750","Fartura do Piauí","bandeira","nao_encontrado"
"PI","2203800","Flores do Piauí","brasao","nao_encontrado"
"PI","2203800","Flores do Piauí","bandeira","nao_encontrado"
"PI","2203859","Floresta do Piauí","brasao","revisao_pendente"
"PI","2203859","Floresta do Piauí","bandeira","revisao_pendente"
"PI","2203909","Floriano","brasao","revisao_pendente"
"PI","2203909","Floriano","bandeira","revisao_pendente"
"PI","2204006","Francinópolis","brasao","nao_encontrado"
"PI","2204006","Francinópolis","bandeira","nao_encontrado"
"PI","2204105","Francisco Ayres","brasao","nao_encontrado"
"PI","2204105","Francisco Ayres","bandeira","revisao_pendente"
"PI","2204154","Francisco Macedo","brasao","revisao_pendente"
"PI","2204154","Francisco Macedo","bandeira","revisao_pendente"
"PI","2204204","Francisco Santos","brasao","nao_encontrado"
"PI","2204204","Francisco Santos","bandeira","nao_encontrado"
"PI","2204303","Fronteiras","brasao","revisao_pendente"
"PI","2204303","Fronteiras","bandeira","revisao_pendente"
"PI","2204352","Geminiano","brasao","nao_encontrado"
"PI","2204352","Geminiano","bandeira","nao_encontrado"
"PI","2204402","Gilbués","brasao","nao_encontrado"
"PI","2204402","Gilbués","bandeira","revisao_pendente"
"PI","2204501","Guadalupe","brasao","revisao_pendente"
"PI","2204501","Guadalupe","bandeira","revisao_pendente"
"PI","2204550","Guaribas","brasao","revisao_pendente"
"PI","2204550","Guaribas","bandeira","revisao_pendente"
"PI","2204600","Hugo Napoleão","brasao","nao_encontrado"
"PI","2204600","Hugo Napoleão","bandeira","revisao_pendente"
"PI","2204659","Ilha Grande","brasao","nao_encontrado"
"PI","2204659","Ilha Grande","bandeira","nao_encontrado"
"PI","2204709","Inhuma","brasao","nao_encontrado"
"PI","2204709","Inhuma","bandeira","nao_encontrado"
"PI","2204808","Ipiranga do Piauí","brasao","revisao_pendente"
"PI","2204808","Ipiranga do Piauí","bandeira","nao_encontrado"
"PI","2204907","Isaías Coelho","brasao","nao_encontrado"
"PI","2204907","Isaías Coelho","bandeira","nao_encontrado"
"PI","2205003","Itainópolis","brasao","nao_encontrado"
"PI","2205003","Itainópolis","bandeira","nao_encontrado"
"PI","2205102","Itaueira","brasao","nao_encontrado"
"PI","2205102","Itaueira","bandeira","revisao_pendente"
"PI","2205151","Jacobina do Piauí","brasao","revisao_pendente"
"PI","2205151","Jacobina do Piauí","bandeira","revisao_pendente"
"PI","2205201","Jaicós","brasao","nao_encontrado"
"PI","2205201","Jaicós","bandeira","revisao_pendente"
"PI","2205250","Jardim do Mulato","brasao","nao_encontrado"
"PI","2205250","Jardim do Mulato","bandeira","nao_encontrado"
"PI","2205276","Jatobá do Piauí","brasao","nao_encontrado"
"PI","2205276","Jatobá do Piauí","bandeira","revisao_pendente"
"PI","2205300","Jerumenha","brasao","nao_encontrado"
"PI","2205300","Jerumenha","bandeira","nao_encontrado"
"PI","2205359","João Costa","brasao","nao_encontrado"
"PI","2205359","João Costa","bandeira","nao_encontrado"
"PI","2205409","Joaquim Pires","brasao","revisao_pendente"
"PI","2205409","Joaquim Pires","bandeira","revisao_pendente"
"PI","2205458","Joca Marques","brasao","revisao_pendente"
"PI","2205458","Joca Marques","bandeira","revisao_pendente"
"PI","2205508","José de Freitas","brasao","rejeitado"
"PI","2205508","José de Freitas","bandeira","revisao_pendente"
"PI","2205516","Juazeiro do Piauí","brasao","nao_encontrado"
"PI","2205516","Juazeiro do Piauí","bandeira","nao_encontrado"
"PI","2205524","Júlio Borges","brasao","nao_encontrado"
"PI","2205524","Júlio Borges","bandeira","nao_encontrado"
"PI","2205532","Jurema","brasao","nao_encontrado"
"PI","2205532","Jurema","bandeira","nao_encontrado"
"PI","2205540","Lagoinha do Piauí","brasao","nao_encontrado"
"PI","2205540","Lagoinha do Piauí","bandeira","nao_encontrado"
"PI","2205557","Lagoa Alegre","brasao","nao_encontrado"
"PI","2205557","Lagoa Alegre","bandeira","nao_encontrado"
"PI","2205565","Lagoa do Barro do Piauí","brasao","nao_encontrado"
"PI","2205565","Lagoa do Barro do Piauí","bandeira","revisao_pendente"
"PI","2205573","Lagoa de São Francisco","brasao","nao_encontrado"
"PI","2205573","Lagoa de São Francisco","bandeira","nao_encontrado"
"PI","2205581","Lagoa do Piauí","brasao","nao_encontrado"
"PI","2205581","Lagoa do Piauí","bandeira","nao_encontrado"
"PI","2205599","Lagoa do Sítio","brasao","nao_encontrado"
"PI","2205599","Lagoa do Sítio","bandeira","nao_encontrado"
"PI","2205607","Landri Sales","brasao","nao_encontrado"
"PI","2205607","Landri Sales","bandeira","nao_encontrado"
"PI","2205706","Luís Correia","brasao","nao_encontrado"
"PI","2205706","Luís Correia","bandeira","revisao_pendente"
"PI","2205805","Luzilândia","brasao","revisao_pendente"
"PI","2205805","Luzilândia","bandeira","revisao_pendente"
"PI","2205854","Madeiro","brasao","nao_encontrado"
"PI","2205854","Madeiro","bandeira","revisao_pendente"
"PI","2205904","Manoel Emídio","brasao","revisao_pendente"
"PI","2205904","Manoel Emídio","bandeira","revisao_pendente"
"PI","2205953","Marcolândia","brasao","nao_encontrado"
"PI","2205953","Marcolândia","bandeira","nao_encontrado"
"PI","2206001","Marcos Parente","brasao","nao_encontrado"
"PI","2206001","Marcos Parente","bandeira","nao_encontrado"
"PI","2206050","Massapê do Piauí","brasao","nao_encontrado"
"PI","2206050","Massapê do Piauí","bandeira","nao_encontrado"
"PI","2206100","Matias Olímpio","brasao","nao_encontrado"
"PI","2206100","Matias Olímpio","bandeira","revisao_pendente"
"PI","2206209","Miguel Alves","brasao","revisao_pendente"
"PI","2206209","Miguel Alves","bandeira","rejeitado"
"PI","2206308","Miguel Leão","brasao","revisao_pendente"
"PI","2206308","Miguel Leão","bandeira","nao_encontrado"
"PI","2206357","Milton Brandão","brasao","nao_encontrado"
"PI","2206357","Milton Brandão","bandeira","nao_encontrado"
"PI","2206407","Monsenhor Gil","brasao","revisao_pendente"
"PI","2206407","Monsenhor Gil","bandeira","revisao_pendente"
"PI","2206506","Monsenhor Hipólito","brasao","nao_encontrado"
"PI","2206506","Monsenhor Hipólito","bandeira","nao_encontrado"
"PI","2206605","Monte Alegre do Piauí","brasao","nao_encontrado"
"PI","2206605","Monte Alegre do Piauí","bandeira","nao_encontrado"
"PI","2206654","Morro Cabeça no Tempo","brasao","nao_encontrado"
"PI","2206654","Morro Cabeça no Tempo","bandeira","nao_encontrado"
"PI","2206670","Morro do Chapéu do Piauí","brasao","nao_encontrado"
"PI","2206670","Morro do Chapéu do Piauí","bandeira","nao_encontrado"
"PI","2206696","Murici dos Portelas","brasao","nao_encontrado"
"PI","2206696","Murici dos Portelas","bandeira","revisao_pendente"
"PI","2206704","Nazaré do Piauí","brasao","nao_encontrado"
"PI","2206704","Nazaré do Piauí","bandeira","revisao_pendente"
"PI","2206720","Nazária","brasao","revisao_pendente"
"PI","2206720","Nazária","bandeira","nao_encontrado"
"PI","2206753","Nossa Senhora de Nazaré","brasao","nao_encontrado"
"PI","2206753","Nossa Senhora de Nazaré","bandeira","nao_encontrado"
"PI","2206803","Nossa Senhora dos Remédios","brasao","revisao_pendente"
"PI","2206803","Nossa Senhora dos Remédios","bandeira","revisao_pendente"
"PI","2206902","Novo Oriente do Piauí","brasao","nao_encontrado"
"PI","2206902","Novo Oriente do Piauí","bandeira","nao_encontrado"
"PI","2206951","Novo Santo Antônio","brasao","nao_encontrado"
"PI","2206951","Novo Santo Antônio","bandeira","nao_encontrado"
"PI","2207009","Oeiras","brasao","nao_encontrado"
"PI","2207009","Oeiras","bandeira","revisao_pendente"
"PI","2207108","Olho D'Água do Piauí","brasao","nao_encontrado"
"PI","2207108","Olho D'Água do Piauí","bandeira","nao_encontrado"
"PI","2207207","Padre Marcos","brasao","revisao_pendente"
"PI","2207207","Padre Marcos","bandeira","nao_encontrado"
"PI","2207306","Paes Landim","brasao","revisao_pendente"
"PI","2207306","Paes Landim","bandeira","revisao_pendente"
"PI","2207355","Pajeú do Piauí","brasao","revisao_pendente"
"PI","2207355","Pajeú do Piauí","bandeira","nao_encontrado"
"PI","2207405","Palmeira do Piauí","brasao","revisao_pendente"
"PI","2207405","Palmeira do Piauí","bandeira","revisao_pendente"
"PI","2207504","Palmeirais","brasao","revisao_pendente"
"PI","2207504","Palmeirais","bandeira","revisao_pendente"
"PI","2207553","Paquetá","brasao","nao_encontrado"
"PI","2207553","Paquetá","bandeira","nao_encontrado"
"PI","2207603","Parnaguá","brasao","nao_encontrado"
"PI","2207603","Parnaguá","bandeira","nao_encontrado"
"PI","2207702","Parnaíba","brasao","revisao_pendente"
"PI","2207702","Parnaíba","bandeira","revisao_pendente"
"PI","2207751","Passagem Franca do Piauí","brasao","nao_encontrado"
"PI","2207751","Passagem Franca do Piauí","bandeira","nao_encontrado"
"PI","2207777","Patos do Piauí","brasao","nao_encontrado"
"PI","2207777","Patos do Piauí","bandeira","nao_encontrado"
"PI","2207793","Pau D'Arco do Piauí","brasao","nao_encontrado"
"PI","2207793","Pau D'Arco do Piauí","bandeira","nao_encontrado"
"PI","2207801","Paulistana","brasao","revisao_pendente"
"PI","2207801","Paulistana","bandeira","revisao_pendente"
"PI","2207850","Pavussu","brasao","nao_encontrado"
"PI","2207850","Pavussu","bandeira","nao_encontrado"
"PI","2207900","Pedro II","brasao","revisao_pendente"
"PI","2207900","Pedro II","bandeira","revisao_pendente"
"PI","2207934","Pedro Laurentino","brasao","revisao_pendente"
"PI","2207934","Pedro Laurentino","bandeira","nao_encontrado"
"PI","2207959","Nova Santa Rita","brasao","nao_encontrado"
"PI","2207959","Nova Santa Rita","bandeira","nao_encontrado"
"PI","2208007","Picos","brasao","revisao_pendente"
"PI","2208007","Picos","bandeira","revisao_pendente"
"PI","2208106","Pimenteiras","brasao","nao_encontrado"
"PI","2208106","Pimenteiras","bandeira","revisao_pendente"
"PI","2208205","Pio IX","brasao","revisao_pendente"
"PI","2208205","Pio IX","bandeira","revisao_pendente"
"PI","2208304","Piracuruca","brasao","revisao_pendente"
"PI","2208304","Piracuruca","bandeira","revisao_pendente"
"PI","2208403","Piripiri","brasao","revisao_pendente"
"PI","2208403","Piripiri","bandeira","revisao_pendente"
"PI","2208502","Porto","brasao","revisao_pendente"
"PI","2208502","Porto","bandeira","revisao_pendente"
"PI","2208551","Porto Alegre do Piauí","brasao","nao_encontrado"
"PI","2208551","Porto Alegre do Piauí","bandeira","nao_encontrado"
"PI","2208601","Prata do Piauí","brasao","nao_encontrado"
"PI","2208601","Prata do Piauí","bandeira","nao_encontrado"
"PI","2208650","Queimada Nova","brasao","revisao_pendente"
"PI","2208650","Queimada Nova","bandeira","revisao_pendente"
"PI","2208700","Redenção do Gurguéia","brasao","nao_encontrado"
"PI","2208700","Redenção do Gurguéia","bandeira","nao_encontrado"
"PI","2208809","Regeneração","brasao","revisao_pendente"
"PI","2208809","Regeneração","bandeira","nao_encontrado"
"PI","2208858","Riacho Frio","brasao","nao_encontrado"
"PI","2208858","Riacho Frio","bandeira","revisao_pendente"
"PI","2208874","Ribeira do Piauí","brasao","nao_encontrado"
"PI","2208874","Ribeira do Piauí","bandeira","nao_encontrado"
"PI","2208908","Ribeiro Gonçalves","brasao","nao_encontrado"
"PI","2208908","Ribeiro Gonçalves","bandeira","nao_encontrado"
"PI","2209005","Rio Grande do Piauí","brasao","nao_encontrado"
"PI","2209005","Rio Grande do Piauí","bandeira","nao_encontrado"
"PI","2209104","Santa Cruz do Piauí","brasao","nao_encontrado"
"PI","2209104","Santa Cruz do Piauí","bandeira","nao_encontrado"
"PI","2209153","Santa Cruz dos Milagres","brasao","nao_encontrado"
"PI","2209153","Santa Cruz dos Milagres","bandeira","revisao_pendente"
"PI","2209203","Santa Filomena","brasao","nao_encontrado"
"PI","2209203","Santa Filomena","bandeira","nao_encontrado"
"PI","2209302","Santa Luz","brasao","nao_encontrado"
"PI","2209302","Santa Luz","bandeira","nao_encontrado"
"PI","2209351","Santana do Piauí","brasao","nao_encontrado"
"PI","2209351","Santana do Piauí","bandeira","nao_encontrado"
"PI","2209377","Santa Rosa do Piauí","brasao","nao_encontrado"
"PI","2209377","Santa Rosa do Piauí","bandeira","revisao_pendente"
"PI","2209401","Santo Antônio de Lisboa","brasao","revisao_pendente"
"PI","2209401","Santo Antônio de Lisboa","bandeira","revisao_pendente"
"PI","2209450","Santo Antônio dos Milagres","brasao","nao_encontrado"
"PI","2209450","Santo Antônio dos Milagres","bandeira","revisao_pendente"
"PI","2209500","Santo Inácio do Piauí","brasao","nao_encontrado"
"PI","2209500","Santo Inácio do Piauí","bandeira","revisao_pendente"
"PI","2209559","São Braz do Piauí","brasao","nao_encontrado"
"PI","2209559","São Braz do Piauí","bandeira","nao_encontrado"
"PI","2209609","São Félix do Piauí","brasao","nao_encontrado"
"PI","2209609","São Félix do Piauí","bandeira","revisao_pendente"
"PI","2209658","São Francisco de Assis do Piauí","brasao","nao_encontrado"
"PI","2209658","São Francisco de Assis do Piauí","bandeira","nao_encontrado"
"PI","2209708","São Francisco do Piauí","brasao","nao_encontrado"
"PI","2209708","São Francisco do Piauí","bandeira","revisao_pendente"
"PI","2209757","São Gonçalo do Gurguéia","brasao","nao_encontrado"
"PI","2209757","São Gonçalo do Gurguéia","bandeira","nao_encontrado"
"PI","2209807","São Gonçalo do Piauí","brasao","nao_encontrado"
"PI","2209807","São Gonçalo do Piauí","bandeira","nao_encontrado"
"PI","2209856","São João da Canabrava","brasao","revisao_pendente"
"PI","2209856","São João da Canabrava","bandeira","revisao_pendente"
"PI","2209872","São João da Fronteira","brasao","nao_encontrado"
"PI","2209872","São João da Fronteira","bandeira","nao_encontrado"
"PI","2209906","São João da Serra","brasao","revisao_pendente"
"PI","2209906","São João da Serra","bandeira","revisao_pendente"
"PI","2209955","São João da Varjota","brasao","revisao_pendente"
"PI","2209955","São João da Varjota","bandeira","revisao_pendente"
"PI","2209971","São João do Arraial","brasao","revisao_pendente"
"PI","2209971","São João do Arraial","bandeira","revisao_pendente"
"PI","2210003","São João do Piauí","brasao","revisao_pendente"
"PI","2210003","São João do Piauí","bandeira","revisao_pendente"
"PI","2210052","São José do Divino","brasao","nao_encontrado"
"PI","2210052","São José do Divino","bandeira","revisao_pendente"
"PI","2210102","São José do Peixe","brasao","nao_encontrado"
"PI","2210102","São José do Peixe","bandeira","revisao_pendente"
"PI","2210201","São José do Piauí","brasao","nao_encontrado"
"PI","2210201","São José do Piauí","bandeira","nao_encontrado"
"PI","2210300","São Julião","brasao","nao_encontrado"
"PI","2210300","São Julião","bandeira","nao_encontrado"
"PI","2210359","São Lourenço do Piauí","brasao","nao_encontrado"
"PI","2210359","São Lourenço do Piauí","bandeira","revisao_pendente"
"PI","2210375","São Luis do Piauí","brasao","nao_encontrado"
"PI","2210375","São Luis do Piauí","bandeira","revisao_pendente"
"PI","2210383","São Miguel da Baixa Grande","brasao","nao_encontrado"
"PI","2210383","São Miguel da Baixa Grande","bandeira","nao_encontrado"
"PI","2210391","São Miguel do Fidalgo","brasao","revisao_pendente"
"PI","2210391","São Miguel do Fidalgo","bandeira","nao_encontrado"
"PI","2210409","São Miguel do Tapuio","brasao","revisao_pendente"
"PI","2210409","São Miguel do Tapuio","bandeira","nao_encontrado"
"PI","2210508","São Pedro do Piauí","brasao","revisao_pendente"
"PI","2210508","São Pedro do Piauí","bandeira","revisao_pendente"
"PI","2210607","São Raimundo Nonato","brasao","rejeitado"
"PI","2210607","São Raimundo Nonato","bandeira","revisao_pendente"
"PI","2210623","Sebastião Barros","brasao","revisao_pendente"
"PI","2210623","Sebastião Barros","bandeira","revisao_pendente"
"PI","2210631","Sebastião Leal","brasao","nao_encontrado"
"PI","2210631","Sebastião Leal","bandeira","nao_encontrado"
"PI","2210656","Sigefredo Pacheco","brasao","nao_encontrado"
"PI","2210656","Sigefredo Pacheco","bandeira","revisao_pendente"
"PI","2210706","Simões","brasao","nao_encontrado"
"PI","2210706","Simões","bandeira","revisao_pendente"
"PI","2210805","Simplício Mendes","brasao","nao_encontrado"
"PI","2210805","Simplício Mendes","bandeira","revisao_pendente"
"PI","2210904","Socorro do Piauí","brasao","revisao_pendente"
"PI","2210904","Socorro do Piauí","bandeira","nao_encontrado"
"PI","2210938","Sussuapara","brasao","nao_encontrado"
"PI","2210938","Sussuapara","bandeira","nao_encontrado"
"PI","2210953","Tamboril do Piauí","brasao","nao_encontrado"
"PI","2210953","Tamboril do Piauí","bandeira","nao_encontrado"
"PI","2210979","Tanque do Piauí","brasao","nao_encontrado"
"PI","2210979","Tanque do Piauí","bandeira","nao_encontrado"
"PI","2211001","Teresina","brasao","revisao_pendente"
"PI","2211001","Teresina","bandeira","revisao_pendente"
"PI","2211100","União","brasao","revisao_pendente"
"PI","2211100","União","bandeira","revisao_pendente"
"PI","2211209","Uruçuí","brasao","nao_encontrado"
"PI","2211209","Uruçuí","bandeira","nao_encontrado"
"PI","2211308","Valença do Piauí","brasao","revisao_pendente"
"PI","2211308","Valença do Piauí","bandeira","nao_encontrado"
"PI","2211357","Várzea Branca","brasao","nao_encontrado"
"PI","2211357","Várzea Branca","bandeira","nao_encontrado"
"PI","2211407","Várzea Grande","brasao","nao_encontrado"
"PI","2211407","Várzea Grande","bandeira","nao_encontrado"
"PI","2211506","Vera Mendes","brasao","revisao_pendente"
"PI","2211506","Vera Mendes","bandeira","revisao_pendente"
"PI","2211605","Vila Nova do Piauí","brasao","nao_encontrado"
"PI","2211605","Vila Nova do Piauí","bandeira","nao_encontrado"
"PI","2211704","Wall Ferraz","brasao","nao_encontrado"
"PI","2211704","Wall Ferraz","bandeira","nao_encontrado"
"CE","2300101","Abaiara","brasao","revisao_pendente"
"CE","2300101","Abaiara","bandeira","revisao_pendente"
"CE","2300150","Acarape","brasao","revisao_pendente"
"CE","2300150","Acarape","bandeira","nao_encontrado"
"CE","2300200","Acaraú","brasao","revisao_pendente"
"CE","2300200","Acaraú","bandeira","revisao_pendente"
"CE","2300309","Acopiara","brasao","revisao_pendente"
"CE","2300309","Acopiara","bandeira","revisao_pendente"
"CE","2300408","Aiuaba","brasao","nao_encontrado"
"CE","2300408","Aiuaba","bandeira","revisao_pendente"
"CE","2300507","Alcântaras","brasao","revisao_pendente"
"CE","2300507","Alcântaras","bandeira","revisao_pendente"
"CE","2300606","Altaneira","brasao","nao_encontrado"
"CE","2300606","Altaneira","bandeira","nao_encontrado"
"CE","2300705","Alto Santo","brasao","revisao_pendente"
"CE","2300705","Alto Santo","bandeira","revisao_pendente"
"CE","2300754","Amontada","brasao","revisao_pendente"
"CE","2300754","Amontada","bandeira","revisao_pendente"
"CE","2300804","Antonina do Norte","brasao","nao_encontrado"
"CE","2300804","Antonina do Norte","bandeira","nao_encontrado"
"CE","2300903","Apuiarés","brasao","revisao_pendente"
"CE","2300903","Apuiarés","bandeira","revisao_pendente"
"CE","2301000","Aquiraz","brasao","revisao_pendente"
"CE","2301000","Aquiraz","bandeira","revisao_pendente"
"CE","2301109","Aracati","brasao","revisao_pendente"
"CE","2301109","Aracati","bandeira","revisao_pendente"
"CE","2301208","Aracoiaba","brasao","revisao_pendente"
"CE","2301208","Aracoiaba","bandeira","nao_encontrado"
"CE","2301257","Ararendá","brasao","revisao_pendente"
"CE","2301257","Ararendá","bandeira","revisao_pendente"
"CE","2301307","Araripe","brasao","nao_encontrado"
"CE","2301307","Araripe","bandeira","revisao_pendente"
"CE","2301406","Aratuba","brasao","revisao_pendente"
"CE","2301406","Aratuba","bandeira","revisao_pendente"
"CE","2301505","Arneiroz","brasao","revisao_pendente"
"CE","2301505","Arneiroz","bandeira","revisao_pendente"
"CE","2301604","Assaré","brasao","nao_encontrado"
"CE","2301604","Assaré","bandeira","nao_encontrado"
"CE","2301703","Aurora","brasao","nao_encontrado"
"CE","2301703","Aurora","bandeira","revisao_pendente"
"CE","2301802","Baixio","brasao","nao_encontrado"
"CE","2301802","Baixio","bandeira","revisao_pendente"
"CE","2301851","Banabuiú","brasao","revisao_pendente"
"CE","2301851","Banabuiú","bandeira","revisao_pendente"
"CE","2301901","Barbalha","brasao","revisao_pendente"
"CE","2301901","Barbalha","bandeira","revisao_pendente"
"CE","2301950","Barreira","brasao","revisao_pendente"
"CE","2301950","Barreira","bandeira","revisao_pendente"
"CE","2302008","Barro","brasao","revisao_pendente"
"CE","2302008","Barro","bandeira","revisao_pendente"
"CE","2302057","Barroquinha","brasao","nao_encontrado"
"CE","2302057","Barroquinha","bandeira","nao_encontrado"
"CE","2302107","Baturité","brasao","revisao_pendente"
"CE","2302107","Baturité","bandeira","revisao_pendente"
"CE","2302206","Beberibe","brasao","revisao_pendente"
"CE","2302206","Beberibe","bandeira","revisao_pendente"
"CE","2302305","Bela Cruz","brasao","revisao_pendente"
"CE","2302305","Bela Cruz","bandeira","rejeitado"
"CE","2302404","Boa Viagem","brasao","revisao_pendente"
"CE","2302404","Boa Viagem","bandeira","revisao_pendente"
"CE","2302503","Brejo Santo","brasao","revisao_pendente"
"CE","2302503","Brejo Santo","bandeira","revisao_pendente"
"CE","2302602","Camocim","brasao","revisao_pendente"
"CE","2302602","Camocim","bandeira","revisao_pendente"
"CE","2302701","Campos Sales","brasao","revisao_pendente"
"CE","2302701","Campos Sales","bandeira","revisao_pendente"
"CE","2302800","Canindé","brasao","revisao_pendente"
"CE","2302800","Canindé","bandeira","revisao_pendente"
"CE","2302909","Capistrano","brasao","revisao_pendente"
"CE","2302909","Capistrano","bandeira","revisao_pendente"
"CE","2303006","Caridade","brasao","nao_encontrado"
"CE","2303006","Caridade","bandeira","nao_encontrado"
"CE","2303105","Cariré","brasao","revisao_pendente"
"CE","2303105","Cariré","bandeira","revisao_pendente"
"CE","2303204","Caririaçu","brasao","revisao_pendente"
"CE","2303204","Caririaçu","bandeira","revisao_pendente"
"CE","2303303","Cariús","brasao","revisao_pendente"
"CE","2303303","Cariús","bandeira","revisao_pendente"
"CE","2303402","Carnaubal","brasao","revisao_pendente"
"CE","2303402","Carnaubal","bandeira","revisao_pendente"
"CE","2303501","Cascavel","brasao","revisao_pendente"
"CE","2303501","Cascavel","bandeira","revisao_pendente"
"CE","2303600","Catarina","brasao","revisao_pendente"
"CE","2303600","Catarina","bandeira","revisao_pendente"
"CE","2303659","Catunda","brasao","revisao_pendente"
"CE","2303659","Catunda","bandeira","revisao_pendente"
"CE","2303709","Caucaia","brasao","revisao_pendente"
"CE","2303709","Caucaia","bandeira","revisao_pendente"
"CE","2303808","Cedro","brasao","revisao_pendente"
"CE","2303808","Cedro","bandeira","revisao_pendente"
"CE","2303907","Chaval","brasao","revisao_pendente"
"CE","2303907","Chaval","bandeira","revisao_pendente"
"CE","2303931","Choró","brasao","nao_encontrado"
"CE","2303931","Choró","bandeira","nao_encontrado"
"CE","2303956","Chorozinho","brasao","nao_encontrado"
"CE","2303956","Chorozinho","bandeira","nao_encontrado"
"CE","2304004","Coreaú","brasao","revisao_pendente"
"CE","2304004","Coreaú","bandeira","revisao_pendente"
"CE","2304103","Crateús","brasao","revisao_pendente"
"CE","2304103","Crateús","bandeira","revisao_pendente"
"CE","2304202","Crato","brasao","revisao_pendente"
"CE","2304202","Crato","bandeira","revisao_pendente"
"CE","2304236","Croatá","brasao","revisao_pendente"
"CE","2304236","Croatá","bandeira","revisao_pendente"
"CE","2304251","Cruz","brasao","revisao_pendente"
"CE","2304251","Cruz","bandeira","revisao_pendente"
"CE","2304269","Deputado Irapuan Pinheiro","brasao","revisao_pendente"
"CE","2304269","Deputado Irapuan Pinheiro","bandeira","revisao_pendente"
"CE","2304277","Ereré","brasao","revisao_pendente"
"CE","2304277","Ereré","bandeira","revisao_pendente"
"CE","2304285","Eusébio","brasao","nao_encontrado"
"CE","2304285","Eusébio","bandeira","nao_encontrado"
"CE","2304301","Farias Brito","brasao","revisao_pendente"
"CE","2304301","Farias Brito","bandeira","revisao_pendente"
"CE","2304350","Forquilha","brasao","revisao_pendente"
"CE","2304350","Forquilha","bandeira","revisao_pendente"
"CE","2304400","Fortaleza","brasao","revisao_pendente"
"CE","2304400","Fortaleza","bandeira","rejeitado"
"CE","2304459","Fortim","brasao","revisao_pendente"
"CE","2304459","Fortim","bandeira","revisao_pendente"
"CE","2304509","Frecheirinha","brasao","revisao_pendente"
"CE","2304509","Frecheirinha","bandeira","revisao_pendente"
"CE","2304608","General Sampaio","brasao","nao_encontrado"
"CE","2304608","General Sampaio","bandeira","revisao_pendente"
"CE","2304657","Graça","brasao","revisao_pendente"
"CE","2304657","Graça","bandeira","revisao_pendente"
"CE","2304707","Granja","brasao","revisao_pendente"
"CE","2304707","Granja","bandeira","revisao_pendente"
"CE","2304806","Granjeiro","brasao","revisao_pendente"
"CE","2304806","Granjeiro","bandeira","revisao_pendente"
"CE","2304905","Groaíras","brasao","revisao_pendente"
"CE","2304905","Groaíras","bandeira","revisao_pendente"
"CE","2304954","Guaiúba","brasao","nao_encontrado"
"CE","2304954","Guaiúba","bandeira","revisao_pendente"
"CE","2305001","Guaraciaba do Norte","brasao","revisao_pendente"
"CE","2305001","Guaraciaba do Norte","bandeira","revisao_pendente"
"CE","2305100","Guaramiranga","brasao","nao_encontrado"
"CE","2305100","Guaramiranga","bandeira","nao_encontrado"
"CE","2305209","Hidrolândia","brasao","revisao_pendente"
"CE","2305209","Hidrolândia","bandeira","nao_encontrado"
"CE","2305233","Horizonte","brasao","revisao_pendente"
"CE","2305233","Horizonte","bandeira","revisao_pendente"
"CE","2305266","Ibaretama","brasao","revisao_pendente"
"CE","2305266","Ibaretama","bandeira","revisao_pendente"
"CE","2305308","Ibiapina","brasao","revisao_pendente"
"CE","2305308","Ibiapina","bandeira","rejeitado"
"CE","2305332","Ibicuitinga","brasao","nao_encontrado"
"CE","2305332","Ibicuitinga","bandeira","nao_encontrado"
"CE","2305357","Icapuí","brasao","revisao_pendente"
"CE","2305357","Icapuí","bandeira","revisao_pendente"
"CE","2305407","Icó","brasao","revisao_pendente"
"CE","2305407","Icó","bandeira","revisao_pendente"
"CE","2305506","Iguatu","brasao","revisao_pendente"
"CE","2305506","Iguatu","bandeira","revisao_pendente"
"CE","2305605","Independência","brasao","revisao_pendente"
"CE","2305605","Independência","bandeira","revisao_pendente"
"CE","2305654","Ipaporanga","brasao","nao_encontrado"
"CE","2305654","Ipaporanga","bandeira","nao_encontrado"
"CE","2305704","Ipaumirim","brasao","revisao_pendente"
"CE","2305704","Ipaumirim","bandeira","revisao_pendente"
"CE","2305803","Ipu","brasao","nao_encontrado"
"CE","2305803","Ipu","bandeira","revisao_pendente"
"CE","2305902","Ipueiras","brasao","revisao_pendente"
"CE","2305902","Ipueiras","bandeira","revisao_pendente"
"CE","2306009","Iracema","brasao","nao_encontrado"
"CE","2306009","Iracema","bandeira","nao_encontrado"
"CE","2306108","Irauçuba","brasao","revisao_pendente"
"CE","2306108","Irauçuba","bandeira","nao_encontrado"
"CE","2306207","Itaiçaba","brasao","revisao_pendente"
"CE","2306207","Itaiçaba","bandeira","revisao_pendente"
"CE","2306256","Itaitinga","brasao","revisao_pendente"
"CE","2306256","Itaitinga","bandeira","revisao_pendente"
"CE","2306306","Itapajé","brasao","revisao_pendente"
"CE","2306306","Itapajé","bandeira","revisao_pendente"
"CE","2306405","Itapipoca","brasao","revisao_pendente"
"CE","2306405","Itapipoca","bandeira","revisao_pendente"
"CE","2306504","Itapiúna","brasao","revisao_pendente"
"CE","2306504","Itapiúna","bandeira","revisao_pendente"
"CE","2306553","Itarema","brasao","nao_encontrado"
"CE","2306553","Itarema","bandeira","revisao_pendente"
"CE","2306603","Itatira","brasao","revisao_pendente"
"CE","2306603","Itatira","bandeira","revisao_pendente"
"CE","2306702","Jaguaretama","brasao","revisao_pendente"
"CE","2306702","Jaguaretama","bandeira","revisao_pendente"
"CE","2306801","Jaguaribara","brasao","revisao_pendente"
"CE","2306801","Jaguaribara","bandeira","revisao_pendente"
"CE","2306900","Jaguaribe","brasao","nao_encontrado"
"CE","2306900","Jaguaribe","bandeira","revisao_pendente"
"CE","2307007","Jaguaruana","brasao","revisao_pendente"
"CE","2307007","Jaguaruana","bandeira","nao_encontrado"
"CE","2307106","Jardim","brasao","revisao_pendente"
"CE","2307106","Jardim","bandeira","revisao_pendente"
"CE","2307205","Jati","brasao","nao_encontrado"
"CE","2307205","Jati","bandeira","revisao_pendente"
"CE","2307254","Jijoca de Jericoacoara","brasao","revisao_pendente"
"CE","2307254","Jijoca de Jericoacoara","bandeira","revisao_pendente"
"CE","2307304","Juazeiro do Norte","brasao","revisao_pendente"
"CE","2307304","Juazeiro do Norte","bandeira","revisao_pendente"
"CE","2307403","Jucás","brasao","revisao_pendente"
"CE","2307403","Jucás","bandeira","revisao_pendente"
"CE","2307502","Lavras da Mangabeira","brasao","revisao_pendente"
"CE","2307502","Lavras da Mangabeira","bandeira","revisao_pendente"
"CE","2307601","Limoeiro do Norte","brasao","revisao_pendente"
"CE","2307601","Limoeiro do Norte","bandeira","revisao_pendente"
"CE","2307635","Madalena","brasao","revisao_pendente"
"CE","2307635","Madalena","bandeira","revisao_pendente"
"CE","2307650","Maracanaú","brasao","revisao_pendente"
"CE","2307650","Maracanaú","bandeira","revisao_pendente"
"CE","2307700","Maranguape","brasao","revisao_pendente"
"CE","2307700","Maranguape","bandeira","revisao_pendente"
"CE","2307809","Marco","brasao","revisao_pendente"
"CE","2307809","Marco","bandeira","revisao_pendente"
"CE","2307908","Martinópole","brasao","revisao_pendente"
"CE","2307908","Martinópole","bandeira","revisao_pendente"
"CE","2308005","Massapê","brasao","revisao_pendente"
"CE","2308005","Massapê","bandeira","revisao_pendente"
"CE","2308104","Mauriti","brasao","revisao_pendente"
"CE","2308104","Mauriti","bandeira","revisao_pendente"
"CE","2308203","Meruoca","brasao","revisao_pendente"
"CE","2308203","Meruoca","bandeira","revisao_pendente"
"CE","2308302","Milagres","brasao","revisao_pendente"
"CE","2308302","Milagres","bandeira","revisao_pendente"
"CE","2308351","Milhã","brasao","revisao_pendente"
"CE","2308351","Milhã","bandeira","nao_encontrado"
"CE","2308377","Miraíma","brasao","revisao_pendente"
"CE","2308377","Miraíma","bandeira","revisao_pendente"
"CE","2308401","Missão Velha","brasao","revisao_pendente"
"CE","2308401","Missão Velha","bandeira","revisao_pendente"
"CE","2308500","Mombaça","brasao","revisao_pendente"
"CE","2308500","Mombaça","bandeira","revisao_pendente"
"CE","2308609","Monsenhor Tabosa","brasao","revisao_pendente"
"CE","2308609","Monsenhor Tabosa","bandeira","revisao_pendente"
"CE","2308708","Morada Nova","brasao","revisao_pendente"
"CE","2308708","Morada Nova","bandeira","revisao_pendente"
"CE","2308807","Moraújo","brasao","revisao_pendente"
"CE","2308807","Moraújo","bandeira","revisao_pendente"
"CE","2308906","Morrinhos","brasao","revisao_pendente"
"CE","2308906","Morrinhos","bandeira","revisao_pendente"
"CE","2309003","Mucambo","brasao","revisao_pendente"
"CE","2309003","Mucambo","bandeira","revisao_pendente"
"CE","2309102","Mulungu","brasao","revisao_pendente"
"CE","2309102","Mulungu","bandeira","revisao_pendente"
"CE","2309201","Nova Olinda","brasao","nao_encontrado"
"CE","2309201","Nova Olinda","bandeira","nao_encontrado"
"CE","2309300","Nova Russas","brasao","revisao_pendente"
"CE","2309300","Nova Russas","bandeira","revisao_pendente"
"CE","2309409","Novo Oriente","brasao","nao_encontrado"
"CE","2309409","Novo Oriente","bandeira","revisao_pendente"
"CE","2309458","Ocara","brasao","revisao_pendente"
"CE","2309458","Ocara","bandeira","revisao_pendente"
"CE","2309508","Orós","brasao","revisao_pendente"
"CE","2309508","Orós","bandeira","revisao_pendente"
"CE","2309607","Pacajus","brasao","revisao_pendente"
"CE","2309607","Pacajus","bandeira","revisao_pendente"
"CE","2309706","Pacatuba","brasao","revisao_pendente"
"CE","2309706","Pacatuba","bandeira","revisao_pendente"
"CE","2309805","Pacoti","brasao","revisao_pendente"
"CE","2309805","Pacoti","bandeira","revisao_pendente"
"CE","2309904","Pacujá","brasao","revisao_pendente"
"CE","2309904","Pacujá","bandeira","revisao_pendente"
"CE","2310001","Palhano","brasao","revisao_pendente"
"CE","2310001","Palhano","bandeira","revisao_pendente"
"CE","2310100","Palmácia","brasao","revisao_pendente"
"CE","2310100","Palmácia","bandeira","revisao_pendente"
"CE","2310209","Paracuru","brasao","revisao_pendente"
"CE","2310209","Paracuru","bandeira","revisao_pendente"
"CE","2310258","Paraipaba","brasao","revisao_pendente"
"CE","2310258","Paraipaba","bandeira","revisao_pendente"
"CE","2310308","Parambu","brasao","revisao_pendente"
"CE","2310308","Parambu","bandeira","revisao_pendente"
"CE","2310407","Paramoti","brasao","revisao_pendente"
"CE","2310407","Paramoti","bandeira","revisao_pendente"
"CE","2310506","Pedra Branca","brasao","revisao_pendente"
"CE","2310506","Pedra Branca","bandeira","nao_encontrado"
"CE","2310605","Penaforte","brasao","revisao_pendente"
"CE","2310605","Penaforte","bandeira","revisao_pendente"
"CE","2310704","Pentecoste","brasao","revisao_pendente"
"CE","2310704","Pentecoste","bandeira","revisao_pendente"
"CE","2310803","Pereiro","brasao","revisao_pendente"
"CE","2310803","Pereiro","bandeira","revisao_pendente"
"CE","2310852","Pindoretama","brasao","revisao_pendente"
"CE","2310852","Pindoretama","bandeira","revisao_pendente"
"CE","2310902","Piquet Carneiro","brasao","nao_encontrado"
"CE","2310902","Piquet Carneiro","bandeira","revisao_pendente"
"CE","2310951","Pires Ferreira","brasao","nao_encontrado"
"CE","2310951","Pires Ferreira","bandeira","revisao_pendente"
"CE","2311009","Poranga","brasao","revisao_pendente"
"CE","2311009","Poranga","bandeira","revisao_pendente"
"CE","2311108","Porteiras","brasao","revisao_pendente"
"CE","2311108","Porteiras","bandeira","revisao_pendente"
"CE","2311207","Potengi","brasao","nao_encontrado"
"CE","2311207","Potengi","bandeira","nao_encontrado"
"CE","2311231","Potiretama","brasao","nao_encontrado"
"CE","2311231","Potiretama","bandeira","revisao_pendente"
"CE","2311264","Quiterianópolis","brasao","revisao_pendente"
"CE","2311264","Quiterianópolis","bandeira","revisao_pendente"
"CE","2311306","Quixadá","brasao","revisao_pendente"
"CE","2311306","Quixadá","bandeira","revisao_pendente"
"CE","2311355","Quixelô","brasao","revisao_pendente"
"CE","2311355","Quixelô","bandeira","revisao_pendente"
"CE","2311405","Quixeramobim","brasao","revisao_pendente"
"CE","2311405","Quixeramobim","bandeira","nao_encontrado"
"CE","2311504","Quixeré","brasao","nao_encontrado"
"CE","2311504","Quixeré","bandeira","revisao_pendente"
"CE","2311603","Redenção","brasao","revisao_pendente"
"CE","2311603","Redenção","bandeira","revisao_pendente"
"CE","2311702","Reriutaba","brasao","revisao_pendente"
"CE","2311702","Reriutaba","bandeira","revisao_pendente"
"CE","2311801","Russas","brasao","revisao_pendente"
"CE","2311801","Russas","bandeira","revisao_pendente"
"CE","2311900","Saboeiro","brasao","revisao_pendente"
"CE","2311900","Saboeiro","bandeira","revisao_pendente"
"CE","2311959","Salitre","brasao","nao_encontrado"
"CE","2311959","Salitre","bandeira","nao_encontrado"
"CE","2312007","Santana do Acaraú","brasao","revisao_pendente"
"CE","2312007","Santana do Acaraú","bandeira","revisao_pendente"
"CE","2312106","Santana do Cariri","brasao","nao_encontrado"
"CE","2312106","Santana do Cariri","bandeira","revisao_pendente"
"CE","2312205","Santa Quitéria","brasao","revisao_pendente"
"CE","2312205","Santa Quitéria","bandeira","revisao_pendente"
"CE","2312304","São Benedito","brasao","revisao_pendente"
"CE","2312304","São Benedito","bandeira","revisao_pendente"
"CE","2312403","São Gonçalo do Amarante","brasao","revisao_pendente"
"CE","2312403","São Gonçalo do Amarante","bandeira","revisao_pendente"
"CE","2312502","São João do Jaguaribe","brasao","revisao_pendente"
"CE","2312502","São João do Jaguaribe","bandeira","revisao_pendente"
"CE","2312601","São Luís do Curu","brasao","revisao_pendente"
"CE","2312601","São Luís do Curu","bandeira","revisao_pendente"
"CE","2312700","Senador Pompeu","brasao","revisao_pendente"
"CE","2312700","Senador Pompeu","bandeira","revisao_pendente"
"CE","2312809","Senador Sá","brasao","revisao_pendente"
"CE","2312809","Senador Sá","bandeira","revisao_pendente"
"CE","2312908","Sobral","brasao","revisao_pendente"
"CE","2312908","Sobral","bandeira","revisao_pendente"
"CE","2313005","Solonópole","brasao","revisao_pendente"
"CE","2313005","Solonópole","bandeira","revisao_pendente"
"CE","2313104","Tabuleiro do Norte","brasao","revisao_pendente"
"CE","2313104","Tabuleiro do Norte","bandeira","revisao_pendente"
"CE","2313203","Tamboril","brasao","revisao_pendente"
"CE","2313203","Tamboril","bandeira","revisao_pendente"
"CE","2313252","Tarrafas","brasao","revisao_pendente"
"CE","2313252","Tarrafas","bandeira","revisao_pendente"
"CE","2313302","Tauá","brasao","revisao_pendente"
"CE","2313302","Tauá","bandeira","revisao_pendente"
"CE","2313351","Tejuçuoca","brasao","revisao_pendente"
"CE","2313351","Tejuçuoca","bandeira","revisao_pendente"
"CE","2313401","Tianguá","brasao","revisao_pendente"
"CE","2313401","Tianguá","bandeira","revisao_pendente"
"CE","2313500","Trairi","brasao","revisao_pendente"
"CE","2313500","Trairi","bandeira","revisao_pendente"
"CE","2313559","Tururu","brasao","nao_encontrado"
"CE","2313559","Tururu","bandeira","revisao_pendente"
"CE","2313609","Ubajara","brasao","nao_encontrado"
"CE","2313609","Ubajara","bandeira","revisao_pendente"
"CE","2313708","Umari","brasao","nao_encontrado"
"CE","2313708","Umari","bandeira","nao_encontrado"
"CE","2313757","Umirim","brasao","nao_encontrado"
"CE","2313757","Umirim","bandeira","revisao_pendente"
"CE","2313807","Uruburetama","brasao","revisao_pendente"
"CE","2313807","Uruburetama","bandeira","revisao_pendente"
"CE","2313906","Uruoca","brasao","revisao_pendente"
"CE","2313906","Uruoca","bandeira","revisao_pendente"
"CE","2313955","Varjota","brasao","revisao_pendente"
"CE","2313955","Varjota","bandeira","revisao_pendente"
"CE","2314003","Várzea Alegre","brasao","revisao_pendente"
"CE","2314003","Várzea Alegre","bandeira","revisao_pendente"
"CE","2314102","Viçosa do Ceará","brasao","revisao_pendente"
"CE","2314102","Viçosa do Ceará","bandeira","revisao_pendente"
"RN","2400109","Acari","brasao","revisao_pendente"
"RN","2400109","Acari","bandeira","revisao_pendente"
"RN","2400208","Assú","brasao","revisao_pendente"
"RN","2400208","Assú","bandeira","revisao_pendente"
"RN","2400307","Afonso Bezerra","brasao","revisao_pendente"
"RN","2400307","Afonso Bezerra","bandeira","revisao_pendente"
"RN","2400406","Água Nova","brasao","revisao_pendente"
"RN","2400406","Água Nova","bandeira","revisao_pendente"
"RN","2400505","Alexandria","brasao","revisao_pendente"
"RN","2400505","Alexandria","bandeira","revisao_pendente"
"RN","2400604","Almino Afonso","brasao","revisao_pendente"
"RN","2400604","Almino Afonso","bandeira","revisao_pendente"
"RN","2400703","Alto do Rodrigues","brasao","revisao_pendente"
"RN","2400703","Alto do Rodrigues","bandeira","revisao_pendente"
"RN","2400802","Angicos","brasao","revisao_pendente"
"RN","2400802","Angicos","bandeira","revisao_pendente"
"RN","2400901","Antônio Martins","brasao","revisao_pendente"
"RN","2400901","Antônio Martins","bandeira","revisao_pendente"
"RN","2401008","Apodi","brasao","revisao_pendente"
"RN","2401008","Apodi","bandeira","revisao_pendente"
"RN","2401107","Areia Branca","brasao","revisao_pendente"
"RN","2401107","Areia Branca","bandeira","revisao_pendente"
"RN","2401206","Arez","brasao","revisao_pendente"
"RN","2401206","Arez","bandeira","revisao_pendente"
"RN","2401305","Campo Grande","brasao","revisao_pendente"
"RN","2401305","Campo Grande","bandeira","revisao_pendente"
"RN","2401404","Baía Formosa","brasao","revisao_pendente"
"RN","2401404","Baía Formosa","bandeira","revisao_pendente"
"RN","2401453","Baraúna","brasao","revisao_pendente"
"RN","2401453","Baraúna","bandeira","revisao_pendente"
"RN","2401503","Barcelona","brasao","revisao_pendente"
"RN","2401503","Barcelona","bandeira","revisao_pendente"
"RN","2401602","Bento Fernandes","brasao","revisao_pendente"
"RN","2401602","Bento Fernandes","bandeira","revisao_pendente"
"RN","2401651","Bodó","brasao","revisao_pendente"
"RN","2401651","Bodó","bandeira","revisao_pendente"
"RN","2401701","Bom Jesus","brasao","revisao_pendente"
"RN","2401701","Bom Jesus","bandeira","revisao_pendente"
"RN","2401800","Brejinho","brasao","revisao_pendente"
"RN","2401800","Brejinho","bandeira","revisao_pendente"
"RN","2401859","Caiçara do Norte","brasao","revisao_pendente"
"RN","2401859","Caiçara do Norte","bandeira","revisao_pendente"
"RN","2401909","Caiçara do Rio do Vento","brasao","revisao_pendente"
"RN","2401909","Caiçara do Rio do Vento","bandeira","revisao_pendente"
"RN","2402006","Caicó","brasao","revisao_pendente"
"RN","2402006","Caicó","bandeira","revisao_pendente"
"RN","2402105","Campo Redondo","brasao","revisao_pendente"
"RN","2402105","Campo Redondo","bandeira","revisao_pendente"
"RN","2402204","Canguaretama","brasao","revisao_pendente"
"RN","2402204","Canguaretama","bandeira","revisao_pendente"
"RN","2402303","Caraúbas","brasao","revisao_pendente"
"RN","2402303","Caraúbas","bandeira","revisao_pendente"
"RN","2402402","Carnaúba dos Dantas","brasao","revisao_pendente"
"RN","2402402","Carnaúba dos Dantas","bandeira","revisao_pendente"
"RN","2402501","Carnaubais","brasao","revisao_pendente"
"RN","2402501","Carnaubais","bandeira","revisao_pendente"
"RN","2402600","Ceará-Mirim","brasao","revisao_pendente"
"RN","2402600","Ceará-Mirim","bandeira","revisao_pendente"
"RN","2402709","Cerro Corá","brasao","revisao_pendente"
"RN","2402709","Cerro Corá","bandeira","revisao_pendente"
"RN","2402808","Coronel Ezequiel","brasao","revisao_pendente"
"RN","2402808","Coronel Ezequiel","bandeira","revisao_pendente"
"RN","2402907","Coronel João Pessoa","brasao","revisao_pendente"
"RN","2402907","Coronel João Pessoa","bandeira","revisao_pendente"
"RN","2403004","Cruzeta","brasao","revisao_pendente"
"RN","2403004","Cruzeta","bandeira","revisao_pendente"
"RN","2403103","Currais Novos","brasao","revisao_pendente"
"RN","2403103","Currais Novos","bandeira","revisao_pendente"
"RN","2403202","Doutor Severiano","brasao","revisao_pendente"
"RN","2403202","Doutor Severiano","bandeira","revisao_pendente"
"RN","2403251","Parnamirim","brasao","revisao_pendente"
"RN","2403251","Parnamirim","bandeira","revisao_pendente"
"RN","2403301","Encanto","brasao","revisao_pendente"
"RN","2403301","Encanto","bandeira","revisao_pendente"
"RN","2403400","Equador","brasao","revisao_pendente"
"RN","2403400","Equador","bandeira","revisao_pendente"
"RN","2403509","Espírito Santo","brasao","revisao_pendente"
"RN","2403509","Espírito Santo","bandeira","revisao_pendente"
"RN","2403608","Extremoz","brasao","revisao_pendente"
"RN","2403608","Extremoz","bandeira","revisao_pendente"
"RN","2403707","Felipe Guerra","brasao","revisao_pendente"
"RN","2403707","Felipe Guerra","bandeira","revisao_pendente"
"RN","2403756","Fernando Pedroza","brasao","revisao_pendente"
"RN","2403756","Fernando Pedroza","bandeira","revisao_pendente"
"RN","2403806","Florânia","brasao","revisao_pendente"
"RN","2403806","Florânia","bandeira","revisao_pendente"
"RN","2403905","Francisco Dantas","brasao","revisao_pendente"
"RN","2403905","Francisco Dantas","bandeira","revisao_pendente"
"RN","2404002","Frutuoso Gomes","brasao","revisao_pendente"
"RN","2404002","Frutuoso Gomes","bandeira","revisao_pendente"
"RN","2404101","Galinhos","brasao","revisao_pendente"
"RN","2404101","Galinhos","bandeira","revisao_pendente"
"RN","2404200","Goianinha","brasao","revisao_pendente"
"RN","2404200","Goianinha","bandeira","revisao_pendente"
"RN","2404309","Governador Dix-Sept Rosado","brasao","revisao_pendente"
"RN","2404309","Governador Dix-Sept Rosado","bandeira","revisao_pendente"
"RN","2404408","Grossos","brasao","revisao_pendente"
"RN","2404408","Grossos","bandeira","revisao_pendente"
"RN","2404507","Guamaré","brasao","revisao_pendente"
"RN","2404507","Guamaré","bandeira","revisao_pendente"
"RN","2404606","Ielmo Marinho","brasao","revisao_pendente"
"RN","2404606","Ielmo Marinho","bandeira","revisao_pendente"
"RN","2404705","Ipanguaçu","brasao","revisao_pendente"
"RN","2404705","Ipanguaçu","bandeira","revisao_pendente"
"RN","2404804","Ipueira","brasao","revisao_pendente"
"RN","2404804","Ipueira","bandeira","revisao_pendente"
"RN","2404853","Itajá","brasao","revisao_pendente"
"RN","2404853","Itajá","bandeira","revisao_pendente"
"RN","2404903","Itaú","brasao","revisao_pendente"
"RN","2404903","Itaú","bandeira","revisao_pendente"
"RN","2405009","Jaçanã","brasao","revisao_pendente"
"RN","2405009","Jaçanã","bandeira","revisao_pendente"
"RN","2405108","Jandaíra","brasao","revisao_pendente"
"RN","2405108","Jandaíra","bandeira","revisao_pendente"
"RN","2405207","Janduís","brasao","revisao_pendente"
"RN","2405207","Janduís","bandeira","revisao_pendente"
"RN","2405306","Januário Cicco","brasao","revisao_pendente"
"RN","2405306","Januário Cicco","bandeira","revisao_pendente"
"RN","2405405","Japi","brasao","revisao_pendente"
"RN","2405405","Japi","bandeira","revisao_pendente"
"RN","2405504","Jardim de Angicos","brasao","revisao_pendente"
"RN","2405504","Jardim de Angicos","bandeira","revisao_pendente"
"RN","2405603","Jardim de Piranhas","brasao","revisao_pendente"
"RN","2405603","Jardim de Piranhas","bandeira","revisao_pendente"
"RN","2405702","Jardim do Seridó","brasao","revisao_pendente"
"RN","2405702","Jardim do Seridó","bandeira","revisao_pendente"
"RN","2405801","João Câmara","brasao","revisao_pendente"
"RN","2405801","João Câmara","bandeira","revisao_pendente"
"RN","2405900","João Dias","brasao","revisao_pendente"
"RN","2405900","João Dias","bandeira","revisao_pendente"
"RN","2406007","José da Penha","brasao","revisao_pendente"
"RN","2406007","José da Penha","bandeira","revisao_pendente"
"RN","2406106","Jucurutu","brasao","revisao_pendente"
"RN","2406106","Jucurutu","bandeira","revisao_pendente"
"RN","2406155","Jundiá","brasao","revisao_pendente"
"RN","2406155","Jundiá","bandeira","revisao_pendente"
"RN","2406205","Lagoa d'Anta","brasao","revisao_pendente"
"RN","2406205","Lagoa d'Anta","bandeira","revisao_pendente"
"RN","2406304","Lagoa de Pedras","brasao","revisao_pendente"
"RN","2406304","Lagoa de Pedras","bandeira","revisao_pendente"
"RN","2406403","Lagoa de Velhos","brasao","revisao_pendente"
"RN","2406403","Lagoa de Velhos","bandeira","revisao_pendente"
"RN","2406502","Lagoa Nova","brasao","revisao_pendente"
"RN","2406502","Lagoa Nova","bandeira","revisao_pendente"
"RN","2406601","Lagoa Salgada","brasao","revisao_pendente"
"RN","2406601","Lagoa Salgada","bandeira","revisao_pendente"
"RN","2406700","Lajes","brasao","revisao_pendente"
"RN","2406700","Lajes","bandeira","revisao_pendente"
"RN","2406809","Lajes Pintadas","brasao","revisao_pendente"
"RN","2406809","Lajes Pintadas","bandeira","revisao_pendente"
"RN","2406908","Lucrécia","brasao","revisao_pendente"
"RN","2406908","Lucrécia","bandeira","revisao_pendente"
"RN","2407005","Luís Gomes","brasao","revisao_pendente"
"RN","2407005","Luís Gomes","bandeira","revisao_pendente"
"RN","2407104","Macaíba","brasao","revisao_pendente"
"RN","2407104","Macaíba","bandeira","revisao_pendente"
"RN","2407203","Macau","brasao","revisao_pendente"
"RN","2407203","Macau","bandeira","revisao_pendente"
"RN","2407252","Major Sales","brasao","revisao_pendente"
"RN","2407252","Major Sales","bandeira","revisao_pendente"
"RN","2407302","Marcelino Vieira","brasao","revisao_pendente"
"RN","2407302","Marcelino Vieira","bandeira","revisao_pendente"
"RN","2407401","Martins","brasao","revisao_pendente"
"RN","2407401","Martins","bandeira","revisao_pendente"
"RN","2407500","Maxaranguape","brasao","revisao_pendente"
"RN","2407500","Maxaranguape","bandeira","revisao_pendente"
"RN","2407609","Messias Targino","brasao","revisao_pendente"
"RN","2407609","Messias Targino","bandeira","revisao_pendente"
"RN","2407708","Montanhas","brasao","revisao_pendente"
"RN","2407708","Montanhas","bandeira","revisao_pendente"
"RN","2407807","Monte Alegre","brasao","revisao_pendente"
"RN","2407807","Monte Alegre","bandeira","revisao_pendente"
"RN","2407906","Monte das Gameleiras","brasao","revisao_pendente"
"RN","2407906","Monte das Gameleiras","bandeira","revisao_pendente"
"RN","2408003","Mossoró","brasao","revisao_pendente"
"RN","2408003","Mossoró","bandeira","revisao_pendente"
"RN","2408102","Natal","brasao","revisao_pendente"
"RN","2408102","Natal","bandeira","revisao_pendente"
"RN","2408201","Nísia Floresta","brasao","revisao_pendente"
"RN","2408201","Nísia Floresta","bandeira","revisao_pendente"
"RN","2408300","Nova Cruz","brasao","revisao_pendente"
"RN","2408300","Nova Cruz","bandeira","revisao_pendente"
"RN","2408409","Olho d'Água do Borges","brasao","nao_encontrado"
"RN","2408409","Olho d'Água do Borges","bandeira","revisao_pendente"
"RN","2408508","Ouro Branco","brasao","revisao_pendente"
"RN","2408508","Ouro Branco","bandeira","revisao_pendente"
"RN","2408607","Paraná","brasao","revisao_pendente"
"RN","2408607","Paraná","bandeira","revisao_pendente"
"RN","2408706","Paraú","brasao","revisao_pendente"
"RN","2408706","Paraú","bandeira","revisao_pendente"
"RN","2408805","Parazinho","brasao","revisao_pendente"
"RN","2408805","Parazinho","bandeira","revisao_pendente"
"RN","2408904","Parelhas","brasao","revisao_pendente"
"RN","2408904","Parelhas","bandeira","revisao_pendente"
"RN","2408953","Rio do Fogo","brasao","revisao_pendente"
"RN","2408953","Rio do Fogo","bandeira","revisao_pendente"
"RN","2409100","Passa e Fica","brasao","revisao_pendente"
"RN","2409100","Passa e Fica","bandeira","revisao_pendente"
"RN","2409209","Passagem","brasao","revisao_pendente"
"RN","2409209","Passagem","bandeira","revisao_pendente"
"RN","2409308","Patu","brasao","revisao_pendente"
"RN","2409308","Patu","bandeira","revisao_pendente"
"RN","2409332","Santa Maria","brasao","revisao_pendente"
"RN","2409332","Santa Maria","bandeira","revisao_pendente"
"RN","2409407","Pau dos Ferros","brasao","revisao_pendente"
"RN","2409407","Pau dos Ferros","bandeira","revisao_pendente"
"RN","2409506","Pedra Grande","brasao","revisao_pendente"
"RN","2409506","Pedra Grande","bandeira","revisao_pendente"
"RN","2409605","Pedra Preta","brasao","revisao_pendente"
"RN","2409605","Pedra Preta","bandeira","revisao_pendente"
"RN","2409704","Pedro Avelino","brasao","revisao_pendente"
"RN","2409704","Pedro Avelino","bandeira","revisao_pendente"
"RN","2409803","Pedro Velho","brasao","revisao_pendente"
"RN","2409803","Pedro Velho","bandeira","revisao_pendente"
"RN","2409902","Pendências","brasao","revisao_pendente"
"RN","2409902","Pendências","bandeira","revisao_pendente"
"RN","2410009","Pilões","brasao","revisao_pendente"
"RN","2410009","Pilões","bandeira","revisao_pendente"
"RN","2410108","Poço Branco","brasao","revisao_pendente"
"RN","2410108","Poço Branco","bandeira","revisao_pendente"
"RN","2410207","Portalegre","brasao","revisao_pendente"
"RN","2410207","Portalegre","bandeira","revisao_pendente"
"RN","2410256","Porto do Mangue","brasao","revisao_pendente"
"RN","2410256","Porto do Mangue","bandeira","revisao_pendente"
"RN","2410306","Serra Caiada","brasao","revisao_pendente"
"RN","2410306","Serra Caiada","bandeira","revisao_pendente"
"RN","2410405","Pureza","brasao","revisao_pendente"
"RN","2410405","Pureza","bandeira","revisao_pendente"
"RN","2410504","Rafael Fernandes","brasao","revisao_pendente"
"RN","2410504","Rafael Fernandes","bandeira","revisao_pendente"
"RN","2410603","Rafael Godeiro","brasao","revisao_pendente"
"RN","2410603","Rafael Godeiro","bandeira","revisao_pendente"
"RN","2410702","Riacho da Cruz","brasao","revisao_pendente"
"RN","2410702","Riacho da Cruz","bandeira","revisao_pendente"
"RN","2410801","Riacho de Santana","brasao","revisao_pendente"
"RN","2410801","Riacho de Santana","bandeira","revisao_pendente"
"RN","2410900","Riachuelo","brasao","revisao_pendente"
"RN","2410900","Riachuelo","bandeira","revisao_pendente"
"RN","2411007","Rodolfo Fernandes","brasao","revisao_pendente"
"RN","2411007","Rodolfo Fernandes","bandeira","revisao_pendente"
"RN","2411056","Tibau","brasao","revisao_pendente"
"RN","2411056","Tibau","bandeira","revisao_pendente"
"RN","2411106","Ruy Barbosa","brasao","revisao_pendente"
"RN","2411106","Ruy Barbosa","bandeira","revisao_pendente"
"RN","2411205","Santa Cruz","brasao","revisao_pendente"
"RN","2411205","Santa Cruz","bandeira","revisao_pendente"
"RN","2411403","Santana do Matos","brasao","revisao_pendente"
"RN","2411403","Santana do Matos","bandeira","revisao_pendente"
"RN","2411429","Santana do Seridó","brasao","revisao_pendente"
"RN","2411429","Santana do Seridó","bandeira","revisao_pendente"
"RN","2411502","Santo Antônio","brasao","revisao_pendente"
"RN","2411502","Santo Antônio","bandeira","revisao_pendente"
"RN","2411601","São Bento do Norte","brasao","revisao_pendente"
"RN","2411601","São Bento do Norte","bandeira","revisao_pendente"
"RN","2411700","São Bento do Trairí","brasao","revisao_pendente"
"RN","2411700","São Bento do Trairí","bandeira","revisao_pendente"
"RN","2411809","São Fernando","brasao","nao_encontrado"
"RN","2411809","São Fernando","bandeira","nao_encontrado"
"RN","2411908","São Francisco do Oeste","brasao","revisao_pendente"
"RN","2411908","São Francisco do Oeste","bandeira","revisao_pendente"
"RN","2412005","São Gonçalo do Amarante","brasao","revisao_pendente"
"RN","2412005","São Gonçalo do Amarante","bandeira","revisao_pendente"
"RN","2412104","São João do Sabugi","brasao","revisao_pendente"
"RN","2412104","São João do Sabugi","bandeira","revisao_pendente"
"RN","2412203","São José de Mipibu","brasao","revisao_pendente"
"RN","2412203","São José de Mipibu","bandeira","revisao_pendente"
"RN","2412302","São José do Campestre","brasao","revisao_pendente"
"RN","2412302","São José do Campestre","bandeira","revisao_pendente"
"RN","2412401","São José do Seridó","brasao","revisao_pendente"
"RN","2412401","São José do Seridó","bandeira","revisao_pendente"
"RN","2412500","São Miguel","brasao","revisao_pendente"
"RN","2412500","São Miguel","bandeira","revisao_pendente"
"RN","2412559","São Miguel do Gostoso","brasao","revisao_pendente"
"RN","2412559","São Miguel do Gostoso","bandeira","revisao_pendente"
"RN","2412609","São Paulo do Potengi","brasao","revisao_pendente"
"RN","2412609","São Paulo do Potengi","bandeira","revisao_pendente"
"RN","2412708","São Pedro","brasao","revisao_pendente"
"RN","2412708","São Pedro","bandeira","revisao_pendente"
"RN","2412807","São Rafael","brasao","revisao_pendente"
"RN","2412807","São Rafael","bandeira","revisao_pendente"
"RN","2412906","São Tomé","brasao","revisao_pendente"
"RN","2412906","São Tomé","bandeira","revisao_pendente"
"RN","2413003","São Vicente","brasao","revisao_pendente"
"RN","2413003","São Vicente","bandeira","revisao_pendente"
"RN","2413102","Senador Elói de Souza","brasao","revisao_pendente"
"RN","2413102","Senador Elói de Souza","bandeira","revisao_pendente"
"RN","2413201","Senador Georgino Avelino","brasao","revisao_pendente"
"RN","2413201","Senador Georgino Avelino","bandeira","revisao_pendente"
"RN","2413300","Serra de São Bento","brasao","revisao_pendente"
"RN","2413300","Serra de São Bento","bandeira","revisao_pendente"
"RN","2413359","Serra do Mel","brasao","revisao_pendente"
"RN","2413359","Serra do Mel","bandeira","revisao_pendente"
"RN","2413409","Serra Negra do Norte","brasao","revisao_pendente"
"RN","2413409","Serra Negra do Norte","bandeira","revisao_pendente"
"RN","2413508","Serrinha","brasao","revisao_pendente"
"RN","2413508","Serrinha","bandeira","revisao_pendente"
"RN","2413557","Serrinha dos Pintos","brasao","revisao_pendente"
"RN","2413557","Serrinha dos Pintos","bandeira","revisao_pendente"
"RN","2413607","Severiano Melo","brasao","revisao_pendente"
"RN","2413607","Severiano Melo","bandeira","revisao_pendente"
"RN","2413706","Sítio Novo","brasao","revisao_pendente"
"RN","2413706","Sítio Novo","bandeira","revisao_pendente"
"RN","2413805","Taboleiro Grande","brasao","revisao_pendente"
"RN","2413805","Taboleiro Grande","bandeira","revisao_pendente"
"RN","2413904","Taipu","brasao","revisao_pendente"
"RN","2413904","Taipu","bandeira","revisao_pendente"
"RN","2414001","Tangará","brasao","revisao_pendente"
"RN","2414001","Tangará","bandeira","revisao_pendente"
"RN","2414100","Tenente Ananias","brasao","revisao_pendente"
"RN","2414100","Tenente Ananias","bandeira","revisao_pendente"
"RN","2414159","Tenente Laurentino Cruz","brasao","revisao_pendente"
"RN","2414159","Tenente Laurentino Cruz","bandeira","revisao_pendente"
"RN","2414209","Tibau do Sul","brasao","revisao_pendente"
"RN","2414209","Tibau do Sul","bandeira","revisao_pendente"
"RN","2414308","Timbaúba dos Batistas","brasao","revisao_pendente"
"RN","2414308","Timbaúba dos Batistas","bandeira","revisao_pendente"
"RN","2414407","Touros","brasao","revisao_pendente"
"RN","2414407","Touros","bandeira","revisao_pendente"
"RN","2414456","Triunfo Potiguar","brasao","revisao_pendente"
"RN","2414456","Triunfo Potiguar","bandeira","revisao_pendente"
"RN","2414506","Umarizal","brasao","revisao_pendente"
"RN","2414506","Umarizal","bandeira","revisao_pendente"
"RN","2414605","Upanema","brasao","revisao_pendente"
"RN","2414605","Upanema","bandeira","revisao_pendente"
"RN","2414704","Várzea","brasao","revisao_pendente"
"RN","2414704","Várzea","bandeira","revisao_pendente"
"RN","2414753","Venha-Ver","brasao","revisao_pendente"
"RN","2414753","Venha-Ver","bandeira","revisao_pendente"
"RN","2414803","Vera Cruz","brasao","revisao_pendente"
"RN","2414803","Vera Cruz","bandeira","revisao_pendente"
"RN","2414902","Viçosa","brasao","revisao_pendente"
"RN","2414902","Viçosa","bandeira","revisao_pendente"
"RN","2415008","Vila Flor","brasao","revisao_pendente"
"RN","2415008","Vila Flor","bandeira","revisao_pendente"
"PB","2500106","Água Branca","brasao","revisao_pendente"
"PB","2500106","Água Branca","bandeira","revisao_pendente"
"PB","2500205","Aguiar","brasao","revisao_pendente"
"PB","2500205","Aguiar","bandeira","revisao_pendente"
"PB","2500304","Alagoa Grande","brasao","revisao_pendente"
"PB","2500304","Alagoa Grande","bandeira","revisao_pendente"
"PB","2500403","Alagoa Nova","brasao","revisao_pendente"
"PB","2500403","Alagoa Nova","bandeira","revisao_pendente"
"PB","2500502","Alagoinha","brasao","revisao_pendente"
"PB","2500502","Alagoinha","bandeira","revisao_pendente"
"PB","2500536","Alcantil","brasao","revisao_pendente"
"PB","2500536","Alcantil","bandeira","revisao_pendente"
"PB","2500577","Algodão de Jandaíra","brasao","revisao_pendente"
"PB","2500577","Algodão de Jandaíra","bandeira","revisao_pendente"
"PB","2500601","Alhandra","brasao","revisao_pendente"
"PB","2500601","Alhandra","bandeira","revisao_pendente"
"PB","2500700","São João do Rio do Peixe","brasao","revisao_pendente"
"PB","2500700","São João do Rio do Peixe","bandeira","revisao_pendente"
"PB","2500734","Amparo","brasao","revisao_pendente"
"PB","2500734","Amparo","bandeira","revisao_pendente"
"PB","2500775","Aparecida","brasao","revisao_pendente"
"PB","2500775","Aparecida","bandeira","revisao_pendente"
"PB","2500809","Araçagi","brasao","revisao_pendente"
"PB","2500809","Araçagi","bandeira","revisao_pendente"
"PB","2500908","Arara","brasao","revisao_pendente"
"PB","2500908","Arara","bandeira","revisao_pendente"
"PB","2501005","Araruna","brasao","revisao_pendente"
"PB","2501005","Araruna","bandeira","revisao_pendente"
"PB","2501104","Areia","brasao","revisao_pendente"
"PB","2501104","Areia","bandeira","revisao_pendente"
"PB","2501153","Areia de Baraúnas","brasao","revisao_pendente"
"PB","2501153","Areia de Baraúnas","bandeira","revisao_pendente"
"PB","2501203","Areial","brasao","revisao_pendente"
"PB","2501203","Areial","bandeira","revisao_pendente"
"PB","2501302","Aroeiras","brasao","revisao_pendente"
"PB","2501302","Aroeiras","bandeira","revisao_pendente"
"PB","2501351","Assunção","brasao","nao_encontrado"
"PB","2501351","Assunção","bandeira","revisao_pendente"
"PB","2501401","Baía da Traição","brasao","revisao_pendente"
"PB","2501401","Baía da Traição","bandeira","revisao_pendente"
"PB","2501500","Bananeiras","brasao","revisao_pendente"
"PB","2501500","Bananeiras","bandeira","revisao_pendente"
"PB","2501534","Baraúna","brasao","revisao_pendente"
"PB","2501534","Baraúna","bandeira","revisao_pendente"
"PB","2501575","Barra de Santana","brasao","revisao_pendente"
"PB","2501575","Barra de Santana","bandeira","revisao_pendente"
"PB","2501609","Barra de Santa Rosa","brasao","revisao_pendente"
"PB","2501609","Barra de Santa Rosa","bandeira","revisao_pendente"
"PB","2501708","Barra de São Miguel","brasao","nao_encontrado"
"PB","2501708","Barra de São Miguel","bandeira","nao_encontrado"
"PB","2501807","Bayeux","brasao","revisao_pendente"
"PB","2501807","Bayeux","bandeira","revisao_pendente"
"PB","2501906","Belém","brasao","revisao_pendente"
"PB","2501906","Belém","bandeira","revisao_pendente"
"PB","2502003","Belém do Brejo do Cruz","brasao","revisao_pendente"
"PB","2502003","Belém do Brejo do Cruz","bandeira","revisao_pendente"
"PB","2502052","Bernardino Batista","brasao","revisao_pendente"
"PB","2502052","Bernardino Batista","bandeira","revisao_pendente"
"PB","2502102","Boa Ventura","brasao","revisao_pendente"
"PB","2502102","Boa Ventura","bandeira","revisao_pendente"
"PB","2502151","Boa Vista","brasao","revisao_pendente"
"PB","2502151","Boa Vista","bandeira","revisao_pendente"
"PB","2502201","Bom Jesus","brasao","revisao_pendente"
"PB","2502201","Bom Jesus","bandeira","revisao_pendente"
"PB","2502300","Bom Sucesso","brasao","revisao_pendente"
"PB","2502300","Bom Sucesso","bandeira","revisao_pendente"
"PB","2502409","Bonito de Santa Fé","brasao","nao_encontrado"
"PB","2502409","Bonito de Santa Fé","bandeira","revisao_pendente"
"PB","2502508","Boqueirão","brasao","revisao_pendente"
"PB","2502508","Boqueirão","bandeira","revisao_pendente"
"PB","2502607","Igaracy","brasao","revisao_pendente"
"PB","2502607","Igaracy","bandeira","revisao_pendente"
"PB","2502706","Borborema","brasao","revisao_pendente"
"PB","2502706","Borborema","bandeira","revisao_pendente"
"PB","2502805","Brejo do Cruz","brasao","revisao_pendente"
"PB","2502805","Brejo do Cruz","bandeira","revisao_pendente"
"PB","2502904","Brejo dos Santos","brasao","revisao_pendente"
"PB","2502904","Brejo dos Santos","bandeira","revisao_pendente"
"PB","2503001","Caaporã","brasao","revisao_pendente"
"PB","2503001","Caaporã","bandeira","revisao_pendente"
"PB","2503100","Cabaceiras","brasao","revisao_pendente"
"PB","2503100","Cabaceiras","bandeira","revisao_pendente"
"PB","2503209","Cabedelo","brasao","revisao_pendente"
"PB","2503209","Cabedelo","bandeira","revisao_pendente"
"PB","2503308","Cachoeira dos Índios","brasao","revisao_pendente"
"PB","2503308","Cachoeira dos Índios","bandeira","revisao_pendente"
"PB","2503407","Cacimba de Areia","brasao","nao_encontrado"
"PB","2503407","Cacimba de Areia","bandeira","revisao_pendente"
"PB","2503506","Cacimba de Dentro","brasao","revisao_pendente"
"PB","2503506","Cacimba de Dentro","bandeira","revisao_pendente"
"PB","2503555","Cacimbas","brasao","revisao_pendente"
"PB","2503555","Cacimbas","bandeira","revisao_pendente"
"PB","2503605","Caiçara","brasao","revisao_pendente"
"PB","2503605","Caiçara","bandeira","revisao_pendente"
"PB","2503704","Cajazeiras","brasao","revisao_pendente"
"PB","2503704","Cajazeiras","bandeira","revisao_pendente"
"PB","2503753","Cajazeirinhas","brasao","revisao_pendente"
"PB","2503753","Cajazeirinhas","bandeira","revisao_pendente"
"PB","2503803","Caldas Brandão","brasao","revisao_pendente"
"PB","2503803","Caldas Brandão","bandeira","revisao_pendente"
"PB","2503902","Camalaú","brasao","revisao_pendente"
"PB","2503902","Camalaú","bandeira","revisao_pendente"
"PB","2504009","Campina Grande","brasao","revisao_pendente"
"PB","2504009","Campina Grande","bandeira","revisao_pendente"
"PB","2504033","Capim","brasao","revisao_pendente"
"PB","2504033","Capim","bandeira","revisao_pendente"
"PB","2504074","Caraúbas","brasao","revisao_pendente"
"PB","2504074","Caraúbas","bandeira","revisao_pendente"
"PB","2504108","Carrapateira","brasao","revisao_pendente"
"PB","2504108","Carrapateira","bandeira","revisao_pendente"
"PB","2504157","Casserengue","brasao","revisao_pendente"
"PB","2504157","Casserengue","bandeira","revisao_pendente"
"PB","2504207","Catingueira","brasao","revisao_pendente"
"PB","2504207","Catingueira","bandeira","revisao_pendente"
"PB","2504306","Catolé do Rocha","brasao","revisao_pendente"
"PB","2504306","Catolé do Rocha","bandeira","revisao_pendente"
"PB","2504355","Caturité","brasao","revisao_pendente"
"PB","2504355","Caturité","bandeira","revisao_pendente"
"PB","2504405","Conceição","brasao","revisao_pendente"
"PB","2504405","Conceição","bandeira","revisao_pendente"
"PB","2504504","Condado","brasao","revisao_pendente"
"PB","2504504","Condado","bandeira","revisao_pendente"
"PB","2504603","Conde","brasao","revisao_pendente"
"PB","2504603","Conde","bandeira","revisao_pendente"
"PB","2504702","Congo","brasao","revisao_pendente"
"PB","2504702","Congo","bandeira","revisao_pendente"
"PB","2504801","Coremas","brasao","revisao_pendente"
"PB","2504801","Coremas","bandeira","revisao_pendente"
"PB","2504850","Coxixola","brasao","revisao_pendente"
"PB","2504850","Coxixola","bandeira","nao_encontrado"
"PB","2504900","Cruz do Espírito Santo","brasao","revisao_pendente"
"PB","2504900","Cruz do Espírito Santo","bandeira","revisao_pendente"
"PB","2505006","Cubati","brasao","revisao_pendente"
"PB","2505006","Cubati","bandeira","revisao_pendente"
"PB","2505105","Cuité","brasao","revisao_pendente"
"PB","2505105","Cuité","bandeira","revisao_pendente"
"PB","2505204","Cuitegi","brasao","revisao_pendente"
"PB","2505204","Cuitegi","bandeira","revisao_pendente"
"PB","2505238","Cuité de Mamanguape","brasao","revisao_pendente"
"PB","2505238","Cuité de Mamanguape","bandeira","revisao_pendente"
"PB","2505279","Curral de Cima","brasao","nao_encontrado"
"PB","2505279","Curral de Cima","bandeira","revisao_pendente"
"PB","2505303","Curral Velho","brasao","revisao_pendente"
"PB","2505303","Curral Velho","bandeira","nao_encontrado"
"PB","2505352","Damião","brasao","revisao_pendente"
"PB","2505352","Damião","bandeira","revisao_pendente"
"PB","2505402","Desterro","brasao","revisao_pendente"
"PB","2505402","Desterro","bandeira","revisao_pendente"
"PB","2505501","Vista Serrana","brasao","revisao_pendente"
"PB","2505501","Vista Serrana","bandeira","revisao_pendente"
"PB","2505600","Diamante","brasao","revisao_pendente"
"PB","2505600","Diamante","bandeira","revisao_pendente"
"PB","2505709","Dona Inês","brasao","revisao_pendente"
"PB","2505709","Dona Inês","bandeira","revisao_pendente"
"PB","2505808","Duas Estradas","brasao","revisao_pendente"
"PB","2505808","Duas Estradas","bandeira","rejeitado"
"PB","2505907","Emas","brasao","revisao_pendente"
"PB","2505907","Emas","bandeira","revisao_pendente"
"PB","2506004","Esperança","brasao","revisao_pendente"
"PB","2506004","Esperança","bandeira","revisao_pendente"
"PB","2506103","Fagundes","brasao","revisao_pendente"
"PB","2506103","Fagundes","bandeira","revisao_pendente"
"PB","2506202","Frei Martinho","brasao","revisao_pendente"
"PB","2506202","Frei Martinho","bandeira","revisao_pendente"
"PB","2506251","Gado Bravo","brasao","revisao_pendente"
"PB","2506251","Gado Bravo","bandeira","revisao_pendente"
"PB","2506301","Guarabira","brasao","revisao_pendente"
"PB","2506301","Guarabira","bandeira","rejeitado"
"PB","2506400","Gurinhém","brasao","revisao_pendente"
"PB","2506400","Gurinhém","bandeira","revisao_pendente"
"PB","2506509","Gurjão","brasao","revisao_pendente"
"PB","2506509","Gurjão","bandeira","revisao_pendente"
"PB","2506608","Ibiara","brasao","revisao_pendente"
"PB","2506608","Ibiara","bandeira","revisao_pendente"
"PB","2506707","Imaculada","brasao","revisao_pendente"
"PB","2506707","Imaculada","bandeira","revisao_pendente"
"PB","2506806","Ingá","brasao","revisao_pendente"
"PB","2506806","Ingá","bandeira","revisao_pendente"
"PB","2506905","Itabaiana","brasao","revisao_pendente"
"PB","2506905","Itabaiana","bandeira","revisao_pendente"
"PB","2507002","Itaporanga","brasao","revisao_pendente"
"PB","2507002","Itaporanga","bandeira","revisao_pendente"
"PB","2507101","Itapororoca","brasao","revisao_pendente"
"PB","2507101","Itapororoca","bandeira","revisao_pendente"
"PB","2507200","Itatuba","brasao","revisao_pendente"
"PB","2507200","Itatuba","bandeira","revisao_pendente"
"PB","2507309","Jacaraú","brasao","revisao_pendente"
"PB","2507309","Jacaraú","bandeira","revisao_pendente"
"PB","2507408","Jericó","brasao","revisao_pendente"
"PB","2507408","Jericó","bandeira","revisao_pendente"
"PB","2507507","João Pessoa","brasao","revisao_pendente"
"PB","2507507","João Pessoa","bandeira","revisao_pendente"
"PB","2507606","Juarez Távora","brasao","revisao_pendente"
"PB","2507606","Juarez Távora","bandeira","revisao_pendente"
"PB","2507705","Juazeirinho","brasao","revisao_pendente"
"PB","2507705","Juazeirinho","bandeira","revisao_pendente"
"PB","2507804","Junco do Seridó","brasao","revisao_pendente"
"PB","2507804","Junco do Seridó","bandeira","revisao_pendente"
"PB","2507903","Juripiranga","brasao","revisao_pendente"
"PB","2507903","Juripiranga","bandeira","revisao_pendente"
"PB","2508000","Juru","brasao","revisao_pendente"
"PB","2508000","Juru","bandeira","revisao_pendente"
"PB","2508109","Lagoa","brasao","revisao_pendente"
"PB","2508109","Lagoa","bandeira","revisao_pendente"
"PB","2508208","Lagoa de Dentro","brasao","revisao_pendente"
"PB","2508208","Lagoa de Dentro","bandeira","revisao_pendente"
"PB","2508307","Lagoa Seca","brasao","revisao_pendente"
"PB","2508307","Lagoa Seca","bandeira","rejeitado"
"PB","2508406","Lastro","brasao","revisao_pendente"
"PB","2508406","Lastro","bandeira","revisao_pendente"
"PB","2508505","Livramento","brasao","revisao_pendente"
"PB","2508505","Livramento","bandeira","revisao_pendente"
"PB","2508554","Logradouro","brasao","revisao_pendente"
"PB","2508554","Logradouro","bandeira","revisao_pendente"
"PB","2508604","Lucena","brasao","revisao_pendente"
"PB","2508604","Lucena","bandeira","revisao_pendente"
"PB","2508703","Mãe d'Água","brasao","revisao_pendente"
"PB","2508703","Mãe d'Água","bandeira","revisao_pendente"
"PB","2508802","Malta","brasao","revisao_pendente"
"PB","2508802","Malta","bandeira","revisao_pendente"
"PB","2508901","Mamanguape","brasao","revisao_pendente"
"PB","2508901","Mamanguape","bandeira","revisao_pendente"
"PB","2509008","Manaíra","brasao","revisao_pendente"
"PB","2509008","Manaíra","bandeira","revisao_pendente"
"PB","2509057","Marcação","brasao","revisao_pendente"
"PB","2509057","Marcação","bandeira","revisao_pendente"
"PB","2509107","Mari","brasao","revisao_pendente"
"PB","2509107","Mari","bandeira","revisao_pendente"
"PB","2509156","Marizópolis","brasao","revisao_pendente"
"PB","2509156","Marizópolis","bandeira","revisao_pendente"
"PB","2509206","Massaranduba","brasao","revisao_pendente"
"PB","2509206","Massaranduba","bandeira","revisao_pendente"
"PB","2509305","Mataraca","brasao","revisao_pendente"
"PB","2509305","Mataraca","bandeira","revisao_pendente"
"PB","2509339","Matinhas","brasao","revisao_pendente"
"PB","2509339","Matinhas","bandeira","revisao_pendente"
"PB","2509370","Mato Grosso","brasao","revisao_pendente"
"PB","2509370","Mato Grosso","bandeira","revisao_pendente"
"PB","2509396","Maturéia","brasao","revisao_pendente"
"PB","2509396","Maturéia","bandeira","revisao_pendente"
"PB","2509404","Mogeiro","brasao","revisao_pendente"
"PB","2509404","Mogeiro","bandeira","revisao_pendente"
"PB","2509503","Montadas","brasao","revisao_pendente"
"PB","2509503","Montadas","bandeira","revisao_pendente"
"PB","2509602","Monte Horebe","brasao","revisao_pendente"
"PB","2509602","Monte Horebe","bandeira","revisao_pendente"
"PB","2509701","Monteiro","brasao","revisao_pendente"
"PB","2509701","Monteiro","bandeira","revisao_pendente"
"PB","2509800","Mulungu","brasao","revisao_pendente"
"PB","2509800","Mulungu","bandeira","revisao_pendente"
"PB","2509909","Natuba","brasao","revisao_pendente"
"PB","2509909","Natuba","bandeira","revisao_pendente"
"PB","2510006","Nazarezinho","brasao","revisao_pendente"
"PB","2510006","Nazarezinho","bandeira","nao_encontrado"
"PB","2510105","Nova Floresta","brasao","revisao_pendente"
"PB","2510105","Nova Floresta","bandeira","revisao_pendente"
"PB","2510204","Nova Olinda","brasao","revisao_pendente"
"PB","2510204","Nova Olinda","bandeira","revisao_pendente"
"PB","2510303","Nova Palmeira","brasao","revisao_pendente"
"PB","2510303","Nova Palmeira","bandeira","revisao_pendente"
"PB","2510402","Olho d'Água","brasao","revisao_pendente"
"PB","2510402","Olho d'Água","bandeira","revisao_pendente"
"PB","2510501","Olivedos","brasao","revisao_pendente"
"PB","2510501","Olivedos","bandeira","revisao_pendente"
"PB","2510600","Ouro Velho","brasao","nao_encontrado"
"PB","2510600","Ouro Velho","bandeira","revisao_pendente"
"PB","2510659","Parari","brasao","revisao_pendente"
"PB","2510659","Parari","bandeira","revisao_pendente"
"PB","2510709","Passagem","brasao","revisao_pendente"
"PB","2510709","Passagem","bandeira","revisao_pendente"
"PB","2510808","Patos","brasao","revisao_pendente"
"PB","2510808","Patos","bandeira","revisao_pendente"
"PB","2510907","Paulista","brasao","revisao_pendente"
"PB","2510907","Paulista","bandeira","revisao_pendente"
"PB","2511004","Pedra Branca","brasao","nao_encontrado"
"PB","2511004","Pedra Branca","bandeira","nao_encontrado"
"PB","2511103","Pedra Lavrada","brasao","revisao_pendente"
"PB","2511103","Pedra Lavrada","bandeira","revisao_pendente"
"PB","2511202","Pedras de Fogo","brasao","revisao_pendente"
"PB","2511202","Pedras de Fogo","bandeira","revisao_pendente"
"PB","2511301","Piancó","brasao","revisao_pendente"
"PB","2511301","Piancó","bandeira","revisao_pendente"
"PB","2511400","Picuí","brasao","revisao_pendente"
"PB","2511400","Picuí","bandeira","revisao_pendente"
"PB","2511509","Pilar","brasao","revisao_pendente"
"PB","2511509","Pilar","bandeira","revisao_pendente"
"PB","2511608","Pilões","brasao","revisao_pendente"
"PB","2511608","Pilões","bandeira","revisao_pendente"
"PB","2511707","Pilõezinhos","brasao","revisao_pendente"
"PB","2511707","Pilõezinhos","bandeira","revisao_pendente"
"PB","2511806","Pirpirituba","brasao","revisao_pendente"
"PB","2511806","Pirpirituba","bandeira","revisao_pendente"
"PB","2511905","Pitimbu","brasao","revisao_pendente"
"PB","2511905","Pitimbu","bandeira","revisao_pendente"
"PB","2512002","Pocinhos","brasao","revisao_pendente"
"PB","2512002","Pocinhos","bandeira","revisao_pendente"
"PB","2512036","Poço Dantas","brasao","revisao_pendente"
"PB","2512036","Poço Dantas","bandeira","revisao_pendente"
"PB","2512077","Poço de José de Moura","brasao","revisao_pendente"
"PB","2512077","Poço de José de Moura","bandeira","revisao_pendente"
"PB","2512101","Pombal","brasao","revisao_pendente"
"PB","2512101","Pombal","bandeira","revisao_pendente"
"PB","2512200","Prata","brasao","rejeitado"
"PB","2512200","Prata","bandeira","rejeitado"
"PB","2512309","Princesa Isabel","brasao","revisao_pendente"
"PB","2512309","Princesa Isabel","bandeira","revisao_pendente"
"PB","2512408","Puxinanã","brasao","revisao_pendente"
"PB","2512408","Puxinanã","bandeira","revisao_pendente"
"PB","2512507","Queimadas","brasao","revisao_pendente"
"PB","2512507","Queimadas","bandeira","revisao_pendente"
"PB","2512606","Quixaba","brasao","revisao_pendente"
"PB","2512606","Quixaba","bandeira","revisao_pendente"
"PB","2512705","Remígio","brasao","revisao_pendente"
"PB","2512705","Remígio","bandeira","revisao_pendente"
"PB","2512721","Pedro Régis","brasao","revisao_pendente"
"PB","2512721","Pedro Régis","bandeira","revisao_pendente"
"PB","2512747","Riachão","brasao","revisao_pendente"
"PB","2512747","Riachão","bandeira","revisao_pendente"
"PB","2512754","Riachão do Bacamarte","brasao","revisao_pendente"
"PB","2512754","Riachão do Bacamarte","bandeira","revisao_pendente"
"PB","2512762","Riachão do Poço","brasao","revisao_pendente"
"PB","2512762","Riachão do Poço","bandeira","revisao_pendente"
"PB","2512788","Riacho de Santo Antônio","brasao","revisao_pendente"
"PB","2512788","Riacho de Santo Antônio","bandeira","revisao_pendente"
"PB","2512804","Riacho dos Cavalos","brasao","revisao_pendente"
"PB","2512804","Riacho dos Cavalos","bandeira","revisao_pendente"
"PB","2512903","Rio Tinto","brasao","revisao_pendente"
"PB","2512903","Rio Tinto","bandeira","revisao_pendente"
"PB","2513000","Salgadinho","brasao","revisao_pendente"
"PB","2513000","Salgadinho","bandeira","revisao_pendente"
"PB","2513109","Salgado de São Félix","brasao","revisao_pendente"
"PB","2513109","Salgado de São Félix","bandeira","revisao_pendente"
"PB","2513158","Santa Cecília","brasao","revisao_pendente"
"PB","2513158","Santa Cecília","bandeira","revisao_pendente"
"PB","2513208","Santa Cruz","brasao","revisao_pendente"
"PB","2513208","Santa Cruz","bandeira","revisao_pendente"
"PB","2513307","Santa Helena","brasao","revisao_pendente"
"PB","2513307","Santa Helena","bandeira","revisao_pendente"
"PB","2513356","Santa Inês","brasao","revisao_pendente"
"PB","2513356","Santa Inês","bandeira","revisao_pendente"
"PB","2513406","Santa Luzia","brasao","revisao_pendente"
"PB","2513406","Santa Luzia","bandeira","revisao_pendente"
"PB","2513505","Santana de Mangueira","brasao","revisao_pendente"
"PB","2513505","Santana de Mangueira","bandeira","revisao_pendente"
"PB","2513604","Santana dos Garrotes","brasao","revisao_pendente"
"PB","2513604","Santana dos Garrotes","bandeira","revisao_pendente"
"PB","2513653","Joca Claudino","brasao","revisao_pendente"
"PB","2513653","Joca Claudino","bandeira","revisao_pendente"
"PB","2513703","Santa Rita","brasao","revisao_pendente"
"PB","2513703","Santa Rita","bandeira","revisao_pendente"
"PB","2513802","Santa Teresinha","brasao","revisao_pendente"
"PB","2513802","Santa Teresinha","bandeira","revisao_pendente"
"PB","2513851","Santo André","brasao","revisao_pendente"
"PB","2513851","Santo André","bandeira","revisao_pendente"
"PB","2513901","São Bento","brasao","revisao_pendente"
"PB","2513901","São Bento","bandeira","revisao_pendente"
"PB","2513927","São Bentinho","brasao","revisao_pendente"
"PB","2513927","São Bentinho","bandeira","revisao_pendente"
"PB","2513943","São Domingos do Cariri","brasao","revisao_pendente"
"PB","2513943","São Domingos do Cariri","bandeira","nao_encontrado"
"PB","2513968","São Domingos","brasao","revisao_pendente"
"PB","2513968","São Domingos","bandeira","revisao_pendente"
"PB","2513984","São Francisco","brasao","revisao_pendente"
"PB","2513984","São Francisco","bandeira","revisao_pendente"
"PB","2514008","São João do Cariri","brasao","revisao_pendente"
"PB","2514008","São João do Cariri","bandeira","revisao_pendente"
"PB","2514107","São João do Tigre","brasao","revisao_pendente"
"PB","2514107","São João do Tigre","bandeira","revisao_pendente"
"PB","2514206","São José da Lagoa Tapada","brasao","revisao_pendente"
"PB","2514206","São José da Lagoa Tapada","bandeira","revisao_pendente"
"PB","2514305","São José de Caiana","brasao","nao_encontrado"
"PB","2514305","São José de Caiana","bandeira","nao_encontrado"
"PB","2514404","São José de Espinharas","brasao","revisao_pendente"
"PB","2514404","São José de Espinharas","bandeira","revisao_pendente"
"PB","2514453","São José dos Ramos","brasao","revisao_pendente"
"PB","2514453","São José dos Ramos","bandeira","nao_encontrado"
"PB","2514503","São José de Piranhas","brasao","revisao_pendente"
"PB","2514503","São José de Piranhas","bandeira","nao_encontrado"
"PB","2514552","São José de Princesa","brasao","revisao_pendente"
"PB","2514552","São José de Princesa","bandeira","revisao_pendente"
"PB","2514602","São José do Bonfim","brasao","revisao_pendente"
"PB","2514602","São José do Bonfim","bandeira","revisao_pendente"
"PB","2514651","São José do Brejo do Cruz","brasao","revisao_pendente"
"PB","2514651","São José do Brejo do Cruz","bandeira","revisao_pendente"
"PB","2514701","São José do Sabugi","brasao","revisao_pendente"
"PB","2514701","São José do Sabugi","bandeira","revisao_pendente"
"PB","2514800","São José dos Cordeiros","brasao","revisao_pendente"
"PB","2514800","São José dos Cordeiros","bandeira","revisao_pendente"
"PB","2514909","São Mamede","brasao","revisao_pendente"
"PB","2514909","São Mamede","bandeira","revisao_pendente"
"PB","2515005","São Miguel de Taipu","brasao","revisao_pendente"
"PB","2515005","São Miguel de Taipu","bandeira","revisao_pendente"
"PB","2515104","São Sebastião de Lagoa de Roça","brasao","revisao_pendente"
"PB","2515104","São Sebastião de Lagoa de Roça","bandeira","revisao_pendente"
"PB","2515203","São Sebastião do Umbuzeiro","brasao","revisao_pendente"
"PB","2515203","São Sebastião do Umbuzeiro","bandeira","revisao_pendente"
"PB","2515302","Sapé","brasao","revisao_pendente"
"PB","2515302","Sapé","bandeira","revisao_pendente"
"PB","2515401","São Vicente do Seridó","brasao","revisao_pendente"
"PB","2515401","São Vicente do Seridó","bandeira","revisao_pendente"
"PB","2515500","Serra Branca","brasao","revisao_pendente"
"PB","2515500","Serra Branca","bandeira","revisao_pendente"
"PB","2515609","Serra da Raiz","brasao","revisao_pendente"
"PB","2515609","Serra da Raiz","bandeira","revisao_pendente"
"PB","2515708","Serra Grande","brasao","revisao_pendente"
"PB","2515708","Serra Grande","bandeira","nao_encontrado"
"PB","2515807","Serra Redonda","brasao","revisao_pendente"
"PB","2515807","Serra Redonda","bandeira","revisao_pendente"
"PB","2515906","Serraria","brasao","revisao_pendente"
"PB","2515906","Serraria","bandeira","revisao_pendente"
"PB","2515930","Sertãozinho","brasao","revisao_pendente"
"PB","2515930","Sertãozinho","bandeira","revisao_pendente"
"PB","2515971","Sobrado","brasao","revisao_pendente"
"PB","2515971","Sobrado","bandeira","revisao_pendente"
"PB","2516003","Solânea","brasao","revisao_pendente"
"PB","2516003","Solânea","bandeira","revisao_pendente"
"PB","2516102","Soledade","brasao","revisao_pendente"
"PB","2516102","Soledade","bandeira","revisao_pendente"
"PB","2516151","Sossêgo","brasao","revisao_pendente"
"PB","2516151","Sossêgo","bandeira","revisao_pendente"
"PB","2516201","Sousa","brasao","revisao_pendente"
"PB","2516201","Sousa","bandeira","revisao_pendente"
"PB","2516300","Sumé","brasao","revisao_pendente"
"PB","2516300","Sumé","bandeira","rejeitado"
"PB","2516409","Tacima","brasao","revisao_pendente"
"PB","2516409","Tacima","bandeira","revisao_pendente"
"PB","2516508","Taperoá","brasao","revisao_pendente"
"PB","2516508","Taperoá","bandeira","revisao_pendente"
"PB","2516607","Tavares","brasao","revisao_pendente"
"PB","2516607","Tavares","bandeira","revisao_pendente"
"PB","2516706","Teixeira","brasao","revisao_pendente"
"PB","2516706","Teixeira","bandeira","revisao_pendente"
"PB","2516755","Tenório","brasao","revisao_pendente"
"PB","2516755","Tenório","bandeira","revisao_pendente"
"PB","2516805","Triunfo","brasao","revisao_pendente"
"PB","2516805","Triunfo","bandeira","revisao_pendente"
"PB","2516904","Uiraúna","brasao","revisao_pendente"
"PB","2516904","Uiraúna","bandeira","revisao_pendente"
"PB","2517001","Umbuzeiro","brasao","revisao_pendente"
"PB","2517001","Umbuzeiro","bandeira","revisao_pendente"
"PB","2517100","Várzea","brasao","revisao_pendente"
"PB","2517100","Várzea","bandeira","revisao_pendente"
"PB","2517209","Vieirópolis","brasao","revisao_pendente"
"PB","2517209","Vieirópolis","bandeira","nao_encontrado"
"PB","2517407","Zabelê","brasao","revisao_pendente"
"PB","2517407","Zabelê","bandeira","revisao_pendente"
"PE","2600054","Abreu e Lima","brasao","revisao_pendente"
"PE","2600054","Abreu e Lima","bandeira","revisao_pendente"
"PE","2600104","Afogados da Ingazeira","brasao","revisao_pendente"
"PE","2600104","Afogados da Ingazeira","bandeira","rejeitado"
"PE","2600203","Afrânio","brasao","revisao_pendente"
"PE","2600203","Afrânio","bandeira","revisao_pendente"
"PE","2600302","Agrestina","brasao","revisao_pendente"
"PE","2600302","Agrestina","bandeira","revisao_pendente"
"PE","2600401","Água Preta","brasao","revisao_pendente"
"PE","2600401","Água Preta","bandeira","revisao_pendente"
"PE","2600500","Águas Belas","brasao","revisao_pendente"
"PE","2600500","Águas Belas","bandeira","revisao_pendente"
"PE","2600609","Alagoinha","brasao","revisao_pendente"
"PE","2600609","Alagoinha","bandeira","revisao_pendente"
"PE","2600708","Aliança","brasao","revisao_pendente"
"PE","2600708","Aliança","bandeira","revisao_pendente"
"PE","2600807","Altinho","brasao","revisao_pendente"
"PE","2600807","Altinho","bandeira","revisao_pendente"
"PE","2600906","Amaraji","brasao","revisao_pendente"
"PE","2600906","Amaraji","bandeira","revisao_pendente"
"PE","2601003","Angelim","brasao","revisao_pendente"
"PE","2601003","Angelim","bandeira","revisao_pendente"
"PE","2601052","Araçoiaba","brasao","revisao_pendente"
"PE","2601052","Araçoiaba","bandeira","revisao_pendente"
"PE","2601102","Araripina","brasao","revisao_pendente"
"PE","2601102","Araripina","bandeira","revisao_pendente"
"PE","2601201","Arcoverde","brasao","revisao_pendente"
"PE","2601201","Arcoverde","bandeira","revisao_pendente"
"PE","2601300","Barra de Guabiraba","brasao","revisao_pendente"
"PE","2601300","Barra de Guabiraba","bandeira","revisao_pendente"
"PE","2601409","Barreiros","brasao","revisao_pendente"
"PE","2601409","Barreiros","bandeira","rejeitado"
"PE","2601508","Belém de Maria","brasao","revisao_pendente"
"PE","2601508","Belém de Maria","bandeira","rejeitado"
"PE","2601607","Belém do São Francisco","brasao","revisao_pendente"
"PE","2601607","Belém do São Francisco","bandeira","revisao_pendente"
"PE","2601706","Belo Jardim","brasao","revisao_pendente"
"PE","2601706","Belo Jardim","bandeira","rejeitado"
"PE","2601805","Betânia","brasao","rejeitado"
"PE","2601805","Betânia","bandeira","rejeitado"
"PE","2601904","Bezerros","brasao","revisao_pendente"
"PE","2601904","Bezerros","bandeira","rejeitado"
"PE","2602001","Bodocó","brasao","revisao_pendente"
"PE","2602001","Bodocó","bandeira","revisao_pendente"
"PE","2602100","Bom Conselho","brasao","revisao_pendente"
"PE","2602100","Bom Conselho","bandeira","revisao_pendente"
"PE","2602209","Bom Jardim","brasao","revisao_pendente"
"PE","2602209","Bom Jardim","bandeira","revisao_pendente"
"PE","2602308","Bonito","brasao","rejeitado"
"PE","2602308","Bonito","bandeira","rejeitado"
"PE","2602407","Brejão","brasao","rejeitado"
"PE","2602407","Brejão","bandeira","rejeitado"
"PE","2602506","Brejinho","brasao","revisao_pendente"
"PE","2602506","Brejinho","bandeira","rejeitado"
"PE","2602605","Brejo da Madre de Deus","brasao","revisao_pendente"
"PE","2602605","Brejo da Madre de Deus","bandeira","revisao_pendente"
"PE","2602704","Buenos Aires","brasao","rejeitado"
"PE","2602704","Buenos Aires","bandeira","rejeitado"
"PE","2602803","Buíque","brasao","revisao_pendente"
"PE","2602803","Buíque","bandeira","revisao_pendente"
"PE","2602902","Cabo de Santo Agostinho","brasao","revisao_pendente"
"PE","2602902","Cabo de Santo Agostinho","bandeira","revisao_pendente"
"PE","2603009","Cabrobó","brasao","revisao_pendente"
"PE","2603009","Cabrobó","bandeira","revisao_pendente"
"PE","2603108","Cachoeirinha","brasao","revisao_pendente"
"PE","2603108","Cachoeirinha","bandeira","revisao_pendente"
"PE","2603207","Caetés","brasao","revisao_pendente"
"PE","2603207","Caetés","bandeira","revisao_pendente"
"PE","2603306","Calçado","brasao","revisao_pendente"
"PE","2603306","Calçado","bandeira","revisao_pendente"
"PE","2603405","Calumbi","brasao","revisao_pendente"
"PE","2603405","Calumbi","bandeira","revisao_pendente"
"PE","2603454","Camaragibe","brasao","nao_encontrado"
"PE","2603454","Camaragibe","bandeira","revisao_pendente"
"PE","2603504","Camocim de São Félix","brasao","revisao_pendente"
"PE","2603504","Camocim de São Félix","bandeira","revisao_pendente"
"PE","2603603","Camutanga","brasao","revisao_pendente"
"PE","2603603","Camutanga","bandeira","revisao_pendente"
"PE","2603702","Canhotinho","brasao","revisao_pendente"
"PE","2603702","Canhotinho","bandeira","revisao_pendente"
"PE","2603801","Capoeiras","brasao","revisao_pendente"
"PE","2603801","Capoeiras","bandeira","revisao_pendente"
"PE","2603900","Carnaíba","brasao","revisao_pendente"
"PE","2603900","Carnaíba","bandeira","revisao_pendente"
"PE","2603926","Carnaubeira da Penha","brasao","revisao_pendente"
"PE","2603926","Carnaubeira da Penha","bandeira","revisao_pendente"
"PE","2604007","Carpina","brasao","revisao_pendente"
"PE","2604007","Carpina","bandeira","revisao_pendente"
"PE","2604106","Caruaru","brasao","revisao_pendente"
"PE","2604106","Caruaru","bandeira","revisao_pendente"
"PE","2604155","Casinhas","brasao","revisao_pendente"
"PE","2604155","Casinhas","bandeira","rejeitado"
"PE","2604205","Catende","brasao","revisao_pendente"
"PE","2604205","Catende","bandeira","revisao_pendente"
"PE","2604304","Cedro","brasao","nao_encontrado"
"PE","2604304","Cedro","bandeira","revisao_pendente"
"PE","2604403","Chã de Alegria","brasao","revisao_pendente"
"PE","2604403","Chã de Alegria","bandeira","revisao_pendente"
"PE","2604502","Chã Grande","brasao","nao_encontrado"
"PE","2604502","Chã Grande","bandeira","revisao_pendente"
"PE","2604601","Condado","brasao","revisao_pendente"
"PE","2604601","Condado","bandeira","revisao_pendente"
"PE","2604700","Correntes","brasao","revisao_pendente"
"PE","2604700","Correntes","bandeira","revisao_pendente"
"PE","2604809","Cortês","brasao","revisao_pendente"
"PE","2604809","Cortês","bandeira","revisao_pendente"
"PE","2604908","Cumaru","brasao","revisao_pendente"
"PE","2604908","Cumaru","bandeira","revisao_pendente"
"PE","2605004","Cupira","brasao","revisao_pendente"
"PE","2605004","Cupira","bandeira","revisao_pendente"
"PE","2605103","Custódia","brasao","nao_encontrado"
"PE","2605103","Custódia","bandeira","revisao_pendente"
"PE","2605152","Dormentes","brasao","revisao_pendente"
"PE","2605152","Dormentes","bandeira","revisao_pendente"
"PE","2605202","Escada","brasao","revisao_pendente"
"PE","2605202","Escada","bandeira","revisao_pendente"
"PE","2605301","Exu","brasao","revisao_pendente"
"PE","2605301","Exu","bandeira","revisao_pendente"
"PE","2605400","Feira Nova","brasao","revisao_pendente"
"PE","2605400","Feira Nova","bandeira","revisao_pendente"
"PE","2605459","Fernando de Noronha","brasao","rejeitado"
"PE","2605459","Fernando de Noronha","bandeira","rejeitado"
"PE","2605509","Ferreiros","brasao","revisao_pendente"
"PE","2605509","Ferreiros","bandeira","revisao_pendente"
"PE","2605608","Flores","brasao","revisao_pendente"
"PE","2605608","Flores","bandeira","revisao_pendente"
"PE","2605707","Floresta","brasao","revisao_pendente"
"PE","2605707","Floresta","bandeira","revisao_pendente"
"PE","2605806","Frei Miguelinho","brasao","revisao_pendente"
"PE","2605806","Frei Miguelinho","bandeira","revisao_pendente"
"PE","2605905","Gameleira","brasao","revisao_pendente"
"PE","2605905","Gameleira","bandeira","revisao_pendente"
"PE","2606002","Garanhuns","brasao","revisao_pendente"
"PE","2606002","Garanhuns","bandeira","revisao_pendente"
"PE","2606101","Glória do Goitá","brasao","revisao_pendente"
"PE","2606101","Glória do Goitá","bandeira","revisao_pendente"
"PE","2606200","Goiana","brasao","revisao_pendente"
"PE","2606200","Goiana","bandeira","revisao_pendente"
"PE","2606309","Granito","brasao","revisao_pendente"
"PE","2606309","Granito","bandeira","revisao_pendente"
"PE","2606408","Gravatá","brasao","revisao_pendente"
"PE","2606408","Gravatá","bandeira","revisao_pendente"
"PE","2606507","Iati","brasao","revisao_pendente"
"PE","2606507","Iati","bandeira","revisao_pendente"
"PE","2606606","Ibimirim","brasao","revisao_pendente"
"PE","2606606","Ibimirim","bandeira","revisao_pendente"
"PE","2606705","Ibirajuba","brasao","revisao_pendente"
"PE","2606705","Ibirajuba","bandeira","revisao_pendente"
"PE","2606804","Igarassu","brasao","revisao_pendente"
"PE","2606804","Igarassu","bandeira","revisao_pendente"
"PE","2606903","Iguaracy","brasao","nao_encontrado"
"PE","2606903","Iguaracy","bandeira","revisao_pendente"
"PE","2607000","Inajá","brasao","revisao_pendente"
"PE","2607000","Inajá","bandeira","revisao_pendente"
"PE","2607109","Ingazeira","brasao","revisao_pendente"
"PE","2607109","Ingazeira","bandeira","revisao_pendente"
"PE","2607208","Ipojuca","brasao","revisao_pendente"
"PE","2607208","Ipojuca","bandeira","revisao_pendente"
"PE","2607307","Ipubi","brasao","revisao_pendente"
"PE","2607307","Ipubi","bandeira","revisao_pendente"
"PE","2607406","Itacuruba","brasao","revisao_pendente"
"PE","2607406","Itacuruba","bandeira","revisao_pendente"
"PE","2607505","Itaíba","brasao","nao_encontrado"
"PE","2607505","Itaíba","bandeira","revisao_pendente"
"PE","2607604","Ilha de Itamaracá","brasao","revisao_pendente"
"PE","2607604","Ilha de Itamaracá","bandeira","revisao_pendente"
"PE","2607653","Itambé","brasao","revisao_pendente"
"PE","2607653","Itambé","bandeira","rejeitado"
"PE","2607703","Itapetim","brasao","rejeitado"
"PE","2607703","Itapetim","bandeira","rejeitado"
"PE","2607752","Itapissuma","brasao","revisao_pendente"
"PE","2607752","Itapissuma","bandeira","revisao_pendente"
"PE","2607802","Itaquitinga","brasao","revisao_pendente"
"PE","2607802","Itaquitinga","bandeira","revisao_pendente"
"PE","2607901","Jaboatão dos Guararapes","brasao","revisao_pendente"
"PE","2607901","Jaboatão dos Guararapes","bandeira","revisao_pendente"
"PE","2607950","Jaqueira","brasao","revisao_pendente"
"PE","2607950","Jaqueira","bandeira","revisao_pendente"
"PE","2608008","Jataúba","brasao","nao_encontrado"
"PE","2608008","Jataúba","bandeira","nao_encontrado"
"PE","2608057","Jatobá","brasao","revisao_pendente"
"PE","2608057","Jatobá","bandeira","revisao_pendente"
"PE","2608107","João Alfredo","brasao","nao_encontrado"
"PE","2608107","João Alfredo","bandeira","revisao_pendente"
"PE","2608206","Joaquim Nabuco","brasao","nao_encontrado"
"PE","2608206","Joaquim Nabuco","bandeira","revisao_pendente"
"PE","2608255","Jucati","brasao","revisao_pendente"
"PE","2608255","Jucati","bandeira","revisao_pendente"
"PE","2608305","Jupi","brasao","revisao_pendente"
"PE","2608305","Jupi","bandeira","rejeitado"
"PE","2608404","Jurema","brasao","nao_encontrado"
"PE","2608404","Jurema","bandeira","revisao_pendente"
"PE","2608453","Lagoa do Carro","brasao","revisao_pendente"
"PE","2608453","Lagoa do Carro","bandeira","revisao_pendente"
"PE","2608503","Lagoa de Itaenga","brasao","revisao_pendente"
"PE","2608503","Lagoa de Itaenga","bandeira","revisao_pendente"
"PE","2608602","Lagoa do Ouro","brasao","revisao_pendente"
"PE","2608602","Lagoa do Ouro","bandeira","revisao_pendente"
"PE","2608701","Lagoa dos Gatos","brasao","revisao_pendente"
"PE","2608701","Lagoa dos Gatos","bandeira","revisao_pendente"
"PE","2608750","Lagoa Grande","brasao","revisao_pendente"
"PE","2608750","Lagoa Grande","bandeira","revisao_pendente"
"PE","2608800","Lajedo","brasao","revisao_pendente"
"PE","2608800","Lajedo","bandeira","revisao_pendente"
"PE","2608909","Limoeiro","brasao","revisao_pendente"
"PE","2608909","Limoeiro","bandeira","revisao_pendente"
"PE","2609006","Macaparana","brasao","nao_encontrado"
"PE","2609006","Macaparana","bandeira","revisao_pendente"
"PE","2609105","Machados","brasao","revisao_pendente"
"PE","2609105","Machados","bandeira","revisao_pendente"
"PE","2609154","Manari","brasao","nao_encontrado"
"PE","2609154","Manari","bandeira","revisao_pendente"
"PE","2609204","Maraial","brasao","nao_encontrado"
"PE","2609204","Maraial","bandeira","revisao_pendente"
"PE","2609303","Mirandiba","brasao","revisao_pendente"
"PE","2609303","Mirandiba","bandeira","revisao_pendente"
"PE","2609402","Moreno","brasao","revisao_pendente"
"PE","2609402","Moreno","bandeira","revisao_pendente"
"PE","2609501","Nazaré da Mata","brasao","revisao_pendente"
"PE","2609501","Nazaré da Mata","bandeira","revisao_pendente"
"PE","2609600","Olinda","brasao","revisao_pendente"
"PE","2609600","Olinda","bandeira","revisao_pendente"
"PE","2609709","Orobó","brasao","revisao_pendente"
"PE","2609709","Orobó","bandeira","revisao_pendente"
"PE","2609808","Orocó","brasao","revisao_pendente"
"PE","2609808","Orocó","bandeira","revisao_pendente"
"PE","2609907","Ouricuri","brasao","revisao_pendente"
"PE","2609907","Ouricuri","bandeira","revisao_pendente"
"PE","2610004","Palmares","brasao","revisao_pendente"
"PE","2610004","Palmares","bandeira","revisao_pendente"
"PE","2610103","Palmeirina","brasao","revisao_pendente"
"PE","2610103","Palmeirina","bandeira","revisao_pendente"
"PE","2610202","Panelas","brasao","revisao_pendente"
"PE","2610202","Panelas","bandeira","revisao_pendente"
"PE","2610301","Paranatama","brasao","nao_encontrado"
"PE","2610301","Paranatama","bandeira","revisao_pendente"
"PE","2610400","Parnamirim","brasao","revisao_pendente"
"PE","2610400","Parnamirim","bandeira","revisao_pendente"
"PE","2610509","Passira","brasao","revisao_pendente"
"PE","2610509","Passira","bandeira","revisao_pendente"
"PE","2610608","Paudalho","brasao","revisao_pendente"
"PE","2610608","Paudalho","bandeira","revisao_pendente"
"PE","2610707","Paulista","brasao","revisao_pendente"
"PE","2610707","Paulista","bandeira","revisao_pendente"
"PE","2610806","Pedra","brasao","nao_encontrado"
"PE","2610806","Pedra","bandeira","revisao_pendente"
"PE","2610905","Pesqueira","brasao","revisao_pendente"
"PE","2610905","Pesqueira","bandeira","revisao_pendente"
"PE","2611002","Petrolândia","brasao","revisao_pendente"
"PE","2611002","Petrolândia","bandeira","revisao_pendente"
"PE","2611101","Petrolina","brasao","revisao_pendente"
"PE","2611101","Petrolina","bandeira","revisao_pendente"
"PE","2611200","Poção","brasao","revisao_pendente"
"PE","2611200","Poção","bandeira","revisao_pendente"
"PE","2611309","Pombos","brasao","revisao_pendente"
"PE","2611309","Pombos","bandeira","revisao_pendente"
"PE","2611408","Primavera","brasao","revisao_pendente"
"PE","2611408","Primavera","bandeira","revisao_pendente"
"PE","2611507","Quipapá","brasao","revisao_pendente"
"PE","2611507","Quipapá","bandeira","revisao_pendente"
"PE","2611533","Quixaba","brasao","revisao_pendente"
"PE","2611533","Quixaba","bandeira","revisao_pendente"
"PE","2611606","Recife","brasao","revisao_pendente"
"PE","2611606","Recife","bandeira","revisao_pendente"
"PE","2611705","Riacho das Almas","brasao","nao_encontrado"
"PE","2611705","Riacho das Almas","bandeira","revisao_pendente"
"PE","2611804","Ribeirão","brasao","revisao_pendente"
"PE","2611804","Ribeirão","bandeira","revisao_pendente"
"PE","2611903","Rio Formoso","brasao","nao_encontrado"
"PE","2611903","Rio Formoso","bandeira","revisao_pendente"
"PE","2612000","Sairé","brasao","revisao_pendente"
"PE","2612000","Sairé","bandeira","revisao_pendente"
"PE","2612109","Salgadinho","brasao","nao_encontrado"
"PE","2612109","Salgadinho","bandeira","revisao_pendente"
"PE","2612208","Salgueiro","brasao","revisao_pendente"
"PE","2612208","Salgueiro","bandeira","revisao_pendente"
"PE","2612307","Saloá","brasao","revisao_pendente"
"PE","2612307","Saloá","bandeira","revisao_pendente"
"PE","2612406","Sanharó","brasao","revisao_pendente"
"PE","2612406","Sanharó","bandeira","revisao_pendente"
"PE","2612455","Santa Cruz","brasao","nao_encontrado"
"PE","2612455","Santa Cruz","bandeira","revisao_pendente"
"PE","2612471","Santa Cruz da Baixa Verde","brasao","revisao_pendente"
"PE","2612471","Santa Cruz da Baixa Verde","bandeira","revisao_pendente"
"PE","2612505","Santa Cruz do Capibaribe","brasao","revisao_pendente"
"PE","2612505","Santa Cruz do Capibaribe","bandeira","revisao_pendente"
"PE","2612554","Santa Filomena","brasao","nao_encontrado"
"PE","2612554","Santa Filomena","bandeira","revisao_pendente"
"PE","2612604","Santa Maria da Boa Vista","brasao","revisao_pendente"
"PE","2612604","Santa Maria da Boa Vista","bandeira","revisao_pendente"
"PE","2612703","Santa Maria do Cambucá","brasao","revisao_pendente"
"PE","2612703","Santa Maria do Cambucá","bandeira","revisao_pendente"
"PE","2612802","Santa Terezinha","brasao","revisao_pendente"
"PE","2612802","Santa Terezinha","bandeira","revisao_pendente"
"PE","2612901","São Benedito do Sul","brasao","nao_encontrado"
"PE","2612901","São Benedito do Sul","bandeira","revisao_pendente"
"PE","2613008","São Bento do Una","brasao","revisao_pendente"
"PE","2613008","São Bento do Una","bandeira","revisao_pendente"
"PE","2613107","São Caitano","brasao","nao_encontrado"
"PE","2613107","São Caitano","bandeira","nao_encontrado"
"PE","2613206","São João","brasao","revisao_pendente"
"PE","2613206","São João","bandeira","revisao_pendente"
"PE","2613305","São Joaquim do Monte","brasao","revisao_pendente"
"PE","2613305","São Joaquim do Monte","bandeira","revisao_pendente"
"PE","2613404","São José da Coroa Grande","brasao","revisao_pendente"
"PE","2613404","São José da Coroa Grande","bandeira","revisao_pendente"
"PE","2613503","São José do Belmonte","brasao","revisao_pendente"
"PE","2613503","São José do Belmonte","bandeira","revisao_pendente"
"PE","2613602","São José do Egito","brasao","revisao_pendente"
"PE","2613602","São José do Egito","bandeira","revisao_pendente"
"PE","2613701","São Lourenço da Mata","brasao","revisao_pendente"
"PE","2613701","São Lourenço da Mata","bandeira","revisao_pendente"
"PE","2613800","São Vicente Férrer","brasao","revisao_pendente"
"PE","2613800","São Vicente Férrer","bandeira","revisao_pendente"
"PE","2613909","Serra Talhada","brasao","revisao_pendente"
"PE","2613909","Serra Talhada","bandeira","revisao_pendente"
"PE","2614006","Serrita","brasao","nao_encontrado"
"PE","2614006","Serrita","bandeira","revisao_pendente"
"PE","2614105","Sertânia","brasao","revisao_pendente"
"PE","2614105","Sertânia","bandeira","revisao_pendente"
"PE","2614204","Sirinhaém","brasao","revisao_pendente"
"PE","2614204","Sirinhaém","bandeira","revisao_pendente"
"PE","2614303","Moreilândia","brasao","nao_encontrado"
"PE","2614303","Moreilândia","bandeira","revisao_pendente"
"PE","2614402","Solidão","brasao","revisao_pendente"
"PE","2614402","Solidão","bandeira","revisao_pendente"
"PE","2614501","Surubim","brasao","revisao_pendente"
"PE","2614501","Surubim","bandeira","revisao_pendente"
"PE","2614600","Tabira","brasao","revisao_pendente"
"PE","2614600","Tabira","bandeira","revisao_pendente"
"PE","2614709","Tacaimbó","brasao","revisao_pendente"
"PE","2614709","Tacaimbó","bandeira","revisao_pendente"
"PE","2614808","Tacaratu","brasao","revisao_pendente"
"PE","2614808","Tacaratu","bandeira","revisao_pendente"
"PE","2614857","Tamandaré","brasao","revisao_pendente"
"PE","2614857","Tamandaré","bandeira","revisao_pendente"
"PE","2615003","Taquaritinga do Norte","brasao","revisao_pendente"
"PE","2615003","Taquaritinga do Norte","bandeira","revisao_pendente"
"PE","2615102","Terezinha","brasao","revisao_pendente"
"PE","2615102","Terezinha","bandeira","revisao_pendente"
"PE","2615201","Terra Nova","brasao","nao_encontrado"
"PE","2615201","Terra Nova","bandeira","revisao_pendente"
"PE","2615300","Timbaúba","brasao","licenca_pendente"
"PE","2615300","Timbaúba","bandeira","licenca_pendente"
"PE","2615409","Toritama","brasao","nao_encontrado"
"PE","2615409","Toritama","bandeira","revisao_pendente"
"PE","2615508","Tracunhaém","brasao","revisao_pendente"
"PE","2615508","Tracunhaém","bandeira","revisao_pendente"
"PE","2615607","Trindade","brasao","nao_encontrado"
"PE","2615607","Trindade","bandeira","revisao_pendente"
"PE","2615706","Triunfo","brasao","revisao_pendente"
"PE","2615706","Triunfo","bandeira","revisao_pendente"
"PE","2615805","Tupanatinga","brasao","revisao_pendente"
"PE","2615805","Tupanatinga","bandeira","revisao_pendente"
"PE","2615904","Tuparetama","brasao","revisao_pendente"
"PE","2615904","Tuparetama","bandeira","revisao_pendente"
"PE","2616001","Venturosa","brasao","revisao_pendente"
"PE","2616001","Venturosa","bandeira","revisao_pendente"
"PE","2616100","Verdejante","brasao","revisao_pendente"
"PE","2616100","Verdejante","bandeira","revisao_pendente"
"PE","2616183","Vertente do Lério","brasao","revisao_pendente"
"PE","2616183","Vertente do Lério","bandeira","revisao_pendente"
"PE","2616209","Vertentes","brasao","revisao_pendente"
"PE","2616209","Vertentes","bandeira","revisao_pendente"
"PE","2616308","Vicência","brasao","revisao_pendente"
"PE","2616308","Vicência","bandeira","revisao_pendente"
"PE","2616407","Vitória de Santo Antão","brasao","revisao_pendente"
"PE","2616407","Vitória de Santo Antão","bandeira","revisao_pendente"
"PE","2616506","Xexéu","brasao","revisao_pendente"
"PE","2616506","Xexéu","bandeira","revisao_pendente"
"AL","2700102","Água Branca","brasao","revisao_pendente"
"AL","2700102","Água Branca","bandeira","revisao_pendente"
"AL","2700201","Anadia","brasao","revisao_pendente"
"AL","2700201","Anadia","bandeira","revisao_pendente"
"AL","2700300","Arapiraca","brasao","revisao_pendente"
"AL","2700300","Arapiraca","bandeira","revisao_pendente"
"AL","2700409","Atalaia","brasao","licenca_pendente"
"AL","2700409","Atalaia","bandeira","revisao_pendente"
"AL","2700508","Barra de Santo Antônio","brasao","revisao_pendente"
"AL","2700508","Barra de Santo Antônio","bandeira","revisao_pendente"
"AL","2700607","Barra de São Miguel","brasao","revisao_pendente"
"AL","2700607","Barra de São Miguel","bandeira","revisao_pendente"
"AL","2700706","Batalha","brasao","revisao_pendente"
"AL","2700706","Batalha","bandeira","revisao_pendente"
"AL","2700805","Belém","brasao","revisao_pendente"
"AL","2700805","Belém","bandeira","revisao_pendente"
"AL","2700904","Belo Monte","brasao","revisao_pendente"
"AL","2700904","Belo Monte","bandeira","revisao_pendente"
"AL","2701001","Boca da Mata","brasao","nao_encontrado"
"AL","2701001","Boca da Mata","bandeira","revisao_pendente"
"AL","2701100","Branquinha","brasao","rejeitado"
"AL","2701100","Branquinha","bandeira","rejeitado"
"AL","2701209","Cacimbinhas","brasao","revisao_pendente"
"AL","2701209","Cacimbinhas","bandeira","revisao_pendente"
"AL","2701308","Cajueiro","brasao","revisao_pendente"
"AL","2701308","Cajueiro","bandeira","revisao_pendente"
"AL","2701357","Campestre","brasao","revisao_pendente"
"AL","2701357","Campestre","bandeira","revisao_pendente"
"AL","2701407","Campo Alegre","brasao","revisao_pendente"
"AL","2701407","Campo Alegre","bandeira","revisao_pendente"
"AL","2701506","Campo Grande","brasao","nao_encontrado"
"AL","2701506","Campo Grande","bandeira","revisao_pendente"
"AL","2701605","Canapi","brasao","nao_encontrado"
"AL","2701605","Canapi","bandeira","revisao_pendente"
"AL","2701704","Capela","brasao","revisao_pendente"
"AL","2701704","Capela","bandeira","revisao_pendente"
"AL","2701803","Carneiros","brasao","revisao_pendente"
"AL","2701803","Carneiros","bandeira","revisao_pendente"
"AL","2701902","Chã Preta","brasao","revisao_pendente"
"AL","2701902","Chã Preta","bandeira","revisao_pendente"
"AL","2702009","Coité do Nóia","brasao","revisao_pendente"
"AL","2702009","Coité do Nóia","bandeira","revisao_pendente"
"AL","2702108","Colônia Leopoldina","brasao","revisao_pendente"
"AL","2702108","Colônia Leopoldina","bandeira","revisao_pendente"
"AL","2702207","Coqueiro Seco","brasao","revisao_pendente"
"AL","2702207","Coqueiro Seco","bandeira","revisao_pendente"
"AL","2702306","Coruripe","brasao","revisao_pendente"
"AL","2702306","Coruripe","bandeira","revisao_pendente"
"AL","2702355","Craíbas","brasao","revisao_pendente"
"AL","2702355","Craíbas","bandeira","revisao_pendente"
"AL","2702405","Delmiro Gouveia","brasao","revisao_pendente"
"AL","2702405","Delmiro Gouveia","bandeira","revisao_pendente"
"AL","2702504","Dois Riachos","brasao","revisao_pendente"
"AL","2702504","Dois Riachos","bandeira","revisao_pendente"
"AL","2702553","Estrela de Alagoas","brasao","nao_encontrado"
"AL","2702553","Estrela de Alagoas","bandeira","revisao_pendente"
"AL","2702603","Feira Grande","brasao","nao_encontrado"
"AL","2702603","Feira Grande","bandeira","revisao_pendente"
"AL","2702702","Feliz Deserto","brasao","nao_encontrado"
"AL","2702702","Feliz Deserto","bandeira","revisao_pendente"
"AL","2702801","Flexeiras","brasao","revisao_pendente"
"AL","2702801","Flexeiras","bandeira","revisao_pendente"
"AL","2702900","Girau do Ponciano","brasao","revisao_pendente"
"AL","2702900","Girau do Ponciano","bandeira","revisao_pendente"
"AL","2703007","Ibateguara","brasao","revisao_pendente"
"AL","2703007","Ibateguara","bandeira","revisao_pendente"
"AL","2703106","Igaci","brasao","revisao_pendente"
"AL","2703106","Igaci","bandeira","nao_encontrado"
"AL","2703205","Igreja Nova","brasao","nao_encontrado"
"AL","2703205","Igreja Nova","bandeira","revisao_pendente"
"AL","2703304","Inhapi","brasao","revisao_pendente"
"AL","2703304","Inhapi","bandeira","revisao_pendente"
"AL","2703403","Jacaré dos Homens","brasao","nao_encontrado"
"AL","2703403","Jacaré dos Homens","bandeira","revisao_pendente"
"AL","2703502","Jacuípe","brasao","revisao_pendente"
"AL","2703502","Jacuípe","bandeira","revisao_pendente"
"AL","2703601","Japaratinga","brasao","revisao_pendente"
"AL","2703601","Japaratinga","bandeira","revisao_pendente"
"AL","2703700","Jaramataia","brasao","revisao_pendente"
"AL","2703700","Jaramataia","bandeira","revisao_pendente"
"AL","2703759","Jequiá da Praia","brasao","revisao_pendente"
"AL","2703759","Jequiá da Praia","bandeira","revisao_pendente"
"AL","2703809","Joaquim Gomes","brasao","nao_encontrado"
"AL","2703809","Joaquim Gomes","bandeira","revisao_pendente"
"AL","2703908","Jundiá","brasao","nao_encontrado"
"AL","2703908","Jundiá","bandeira","revisao_pendente"
"AL","2704005","Junqueiro","brasao","nao_encontrado"
"AL","2704005","Junqueiro","bandeira","revisao_pendente"
"AL","2704104","Lagoa da Canoa","brasao","revisao_pendente"
"AL","2704104","Lagoa da Canoa","bandeira","revisao_pendente"
"AL","2704203","Limoeiro de Anadia","brasao","revisao_pendente"
"AL","2704203","Limoeiro de Anadia","bandeira","rejeitado"
"AL","2704302","Maceió","brasao","revisao_pendente"
"AL","2704302","Maceió","bandeira","revisao_pendente"
"AL","2704401","Major Isidoro","brasao","nao_encontrado"
"AL","2704401","Major Isidoro","bandeira","nao_encontrado"
"AL","2704500","Maragogi","brasao","revisao_pendente"
"AL","2704500","Maragogi","bandeira","revisao_pendente"
"AL","2704609","Maravilha","brasao","nao_encontrado"
"AL","2704609","Maravilha","bandeira","revisao_pendente"
"AL","2704708","Marechal Deodoro","brasao","revisao_pendente"
"AL","2704708","Marechal Deodoro","bandeira","revisao_pendente"
"AL","2704807","Maribondo","brasao","nao_encontrado"
"AL","2704807","Maribondo","bandeira","nao_encontrado"
"AL","2704906","Mar Vermelho","brasao","nao_encontrado"
"AL","2704906","Mar Vermelho","bandeira","revisao_pendente"
"AL","2705002","Mata Grande","brasao","nao_encontrado"
"AL","2705002","Mata Grande","bandeira","revisao_pendente"
"AL","2705101","Matriz de Camaragibe","brasao","revisao_pendente"
"AL","2705101","Matriz de Camaragibe","bandeira","revisao_pendente"
"AL","2705200","Messias","brasao","nao_encontrado"
"AL","2705200","Messias","bandeira","nao_encontrado"
"AL","2705309","Minador do Negrão","brasao","revisao_pendente"
"AL","2705309","Minador do Negrão","bandeira","revisao_pendente"
"AL","2705408","Monteirópolis","brasao","nao_encontrado"
"AL","2705408","Monteirópolis","bandeira","nao_encontrado"
"AL","2705507","Murici","brasao","revisao_pendente"
"AL","2705507","Murici","bandeira","revisao_pendente"
"AL","2705606","Novo Lino","brasao","revisao_pendente"
"AL","2705606","Novo Lino","bandeira","revisao_pendente"
"AL","2705705","Olho d'Água das Flores","brasao","revisao_pendente"
"AL","2705705","Olho d'Água das Flores","bandeira","revisao_pendente"
"AL","2705804","Olho d'Água do Casado","brasao","nao_encontrado"
"AL","2705804","Olho d'Água do Casado","bandeira","nao_encontrado"
"AL","2705903","Olho d'Água Grande","brasao","revisao_pendente"
"AL","2705903","Olho d'Água Grande","bandeira","revisao_pendente"
"AL","2706000","Olivença","brasao","revisao_pendente"
"AL","2706000","Olivença","bandeira","revisao_pendente"
"AL","2706109","Ouro Branco","brasao","revisao_pendente"
"AL","2706109","Ouro Branco","bandeira","revisao_pendente"
"AL","2706208","Palestina","brasao","rejeitado"
"AL","2706208","Palestina","bandeira","rejeitado"
"AL","2706307","Palmeira dos Índios","brasao","revisao_pendente"
"AL","2706307","Palmeira dos Índios","bandeira","revisao_pendente"
"AL","2706406","Pão de Açúcar","brasao","revisao_pendente"
"AL","2706406","Pão de Açúcar","bandeira","revisao_pendente"
"AL","2706422","Pariconha","brasao","nao_encontrado"
"AL","2706422","Pariconha","bandeira","nao_encontrado"
"AL","2706448","Paripueira","brasao","revisao_pendente"
"AL","2706448","Paripueira","bandeira","revisao_pendente"
"AL","2706505","Passo de Camaragibe","brasao","nao_encontrado"
"AL","2706505","Passo de Camaragibe","bandeira","nao_encontrado"
"AL","2706604","Paulo Jacinto","brasao","rejeitado"
"AL","2706604","Paulo Jacinto","bandeira","rejeitado"
"AL","2706703","Penedo","brasao","revisao_pendente"
"AL","2706703","Penedo","bandeira","revisao_pendente"
"AL","2706802","Piaçabuçu","brasao","revisao_pendente"
"AL","2706802","Piaçabuçu","bandeira","revisao_pendente"
"AL","2706901","Pilar","brasao","nao_encontrado"
"AL","2706901","Pilar","bandeira","revisao_pendente"
"AL","2707008","Pindoba","brasao","nao_encontrado"
"AL","2707008","Pindoba","bandeira","nao_encontrado"
"AL","2707107","Piranhas","brasao","revisao_pendente"
"AL","2707107","Piranhas","bandeira","revisao_pendente"
"AL","2707206","Poço das Trincheiras","brasao","revisao_pendente"
"AL","2707206","Poço das Trincheiras","bandeira","revisao_pendente"
"AL","2707305","Porto Calvo","brasao","nao_encontrado"
"AL","2707305","Porto Calvo","bandeira","revisao_pendente"
"AL","2707404","Porto de Pedras","brasao","revisao_pendente"
"AL","2707404","Porto de Pedras","bandeira","revisao_pendente"
"AL","2707503","Porto Real do Colégio","brasao","revisao_pendente"
"AL","2707503","Porto Real do Colégio","bandeira","revisao_pendente"
"AL","2707602","Quebrangulo","brasao","revisao_pendente"
"AL","2707602","Quebrangulo","bandeira","revisao_pendente"
"AL","2707701","Rio Largo","brasao","nao_encontrado"
"AL","2707701","Rio Largo","bandeira","revisao_pendente"
"AL","2707800","Roteiro","brasao","nao_encontrado"
"AL","2707800","Roteiro","bandeira","revisao_pendente"
"AL","2707909","Santa Luzia do Norte","brasao","revisao_pendente"
"AL","2707909","Santa Luzia do Norte","bandeira","revisao_pendente"
"AL","2708006","Santana do Ipanema","brasao","revisao_pendente"
"AL","2708006","Santana do Ipanema","bandeira","revisao_pendente"
"AL","2708105","Santana do Mundaú","brasao","revisao_pendente"
"AL","2708105","Santana do Mundaú","bandeira","revisao_pendente"
"AL","2708204","São Brás","brasao","nao_encontrado"
"AL","2708204","São Brás","bandeira","revisao_pendente"
"AL","2708303","São José da Laje","brasao","revisao_pendente"
"AL","2708303","São José da Laje","bandeira","revisao_pendente"
"AL","2708402","São José da Tapera","brasao","nao_encontrado"
"AL","2708402","São José da Tapera","bandeira","revisao_pendente"
"AL","2708501","São Luís do Quitunde","brasao","revisao_pendente"
"AL","2708501","São Luís do Quitunde","bandeira","revisao_pendente"
"AL","2708600","São Miguel dos Campos","brasao","revisao_pendente"
"AL","2708600","São Miguel dos Campos","bandeira","revisao_pendente"
"AL","2708709","São Miguel dos Milagres","brasao","nao_encontrado"
"AL","2708709","São Miguel dos Milagres","bandeira","revisao_pendente"
"AL","2708808","São Sebastião","brasao","nao_encontrado"
"AL","2708808","São Sebastião","bandeira","revisao_pendente"
"AL","2708907","Satuba","brasao","revisao_pendente"
"AL","2708907","Satuba","bandeira","revisao_pendente"
"AL","2708956","Senador Rui Palmeira","brasao","revisao_pendente"
"AL","2708956","Senador Rui Palmeira","bandeira","revisao_pendente"
"AL","2709004","Tanque d'Arca","brasao","nao_encontrado"
"AL","2709004","Tanque d'Arca","bandeira","revisao_pendente"
"AL","2709103","Taquarana","brasao","revisao_pendente"
"AL","2709103","Taquarana","bandeira","revisao_pendente"
"AL","2709152","Teotônio Vilela","brasao","revisao_pendente"
"AL","2709152","Teotônio Vilela","bandeira","revisao_pendente"
"AL","2709202","Traipu","brasao","revisao_pendente"
"AL","2709202","Traipu","bandeira","revisao_pendente"
"AL","2709301","União dos Palmares","brasao","revisao_pendente"
"AL","2709301","União dos Palmares","bandeira","revisao_pendente"
"AL","2709400","Viçosa","brasao","revisao_pendente"
"AL","2709400","Viçosa","bandeira","revisao_pendente"
"SE","2800100","Amparo do São Francisco","brasao","revisao_pendente"
"SE","2800100","Amparo do São Francisco","bandeira","nao_encontrado"
"SE","2800209","Aquidabã","brasao","revisao_pendente"
"SE","2800209","Aquidabã","bandeira","revisao_pendente"
"SE","2800308","Aracaju","brasao","revisao_pendente"
"SE","2800308","Aracaju","bandeira","rejeitado"
"SE","2800407","Arauá","brasao","revisao_pendente"
"SE","2800407","Arauá","bandeira","revisao_pendente"
"SE","2800506","Areia Branca","brasao","revisao_pendente"
"SE","2800506","Areia Branca","bandeira","nao_encontrado"
"SE","2800605","Barra dos Coqueiros","brasao","revisao_pendente"
"SE","2800605","Barra dos Coqueiros","bandeira","revisao_pendente"
"SE","2800670","Boquim","brasao","revisao_pendente"
"SE","2800670","Boquim","bandeira","revisao_pendente"
"SE","2800704","Brejo Grande","brasao","revisao_pendente"
"SE","2800704","Brejo Grande","bandeira","revisao_pendente"
"SE","2801009","Campo do Brito","brasao","revisao_pendente"
"SE","2801009","Campo do Brito","bandeira","revisao_pendente"
"SE","2801108","Canhoba","brasao","revisao_pendente"
"SE","2801108","Canhoba","bandeira","revisao_pendente"
"SE","2801207","Canindé de São Francisco","brasao","revisao_pendente"
"SE","2801207","Canindé de São Francisco","bandeira","nao_encontrado"
"SE","2801306","Capela","brasao","revisao_pendente"
"SE","2801306","Capela","bandeira","revisao_pendente"
"SE","2801405","Carira","brasao","revisao_pendente"
"SE","2801405","Carira","bandeira","revisao_pendente"
"SE","2801504","Carmópolis","brasao","revisao_pendente"
"SE","2801504","Carmópolis","bandeira","revisao_pendente"
"SE","2801603","Cedro de São João","brasao","revisao_pendente"
"SE","2801603","Cedro de São João","bandeira","revisao_pendente"
"SE","2801702","Cristinápolis","brasao","revisao_pendente"
"SE","2801702","Cristinápolis","bandeira","revisao_pendente"
"SE","2801900","Cumbe","brasao","revisao_pendente"
"SE","2801900","Cumbe","bandeira","revisao_pendente"
"SE","2802007","Divina Pastora","brasao","revisao_pendente"
"SE","2802007","Divina Pastora","bandeira","revisao_pendente"
"SE","2802106","Estância","brasao","revisao_pendente"
"SE","2802106","Estância","bandeira","revisao_pendente"
"SE","2802205","Feira Nova","brasao","revisao_pendente"
"SE","2802205","Feira Nova","bandeira","nao_encontrado"
"SE","2802304","Frei Paulo","brasao","revisao_pendente"
"SE","2802304","Frei Paulo","bandeira","revisao_pendente"
"SE","2802403","Gararu","brasao","revisao_pendente"
"SE","2802403","Gararu","bandeira","revisao_pendente"
"SE","2802502","General Maynard","brasao","revisao_pendente"
"SE","2802502","General Maynard","bandeira","nao_encontrado"
"SE","2802601","Graccho Cardoso","brasao","revisao_pendente"
"SE","2802601","Graccho Cardoso","bandeira","nao_encontrado"
"SE","2802700","Ilha das Flores","brasao","revisao_pendente"
"SE","2802700","Ilha das Flores","bandeira","revisao_pendente"
"SE","2802809","Indiaroba","brasao","revisao_pendente"
"SE","2802809","Indiaroba","bandeira","nao_encontrado"
"SE","2802908","Itabaiana","brasao","revisao_pendente"
"SE","2802908","Itabaiana","bandeira","revisao_pendente"
"SE","2803005","Itabaianinha","brasao","revisao_pendente"
"SE","2803005","Itabaianinha","bandeira","revisao_pendente"
"SE","2803104","Itabi","brasao","revisao_pendente"
"SE","2803104","Itabi","bandeira","revisao_pendente"
"SE","2803203","Itaporanga d'Ajuda","brasao","revisao_pendente"
"SE","2803203","Itaporanga d'Ajuda","bandeira","revisao_pendente"
"SE","2803302","Japaratuba","brasao","revisao_pendente"
"SE","2803302","Japaratuba","bandeira","revisao_pendente"
"SE","2803401","Japoatã","brasao","revisao_pendente"
"SE","2803401","Japoatã","bandeira","revisao_pendente"
"SE","2803500","Lagarto","brasao","revisao_pendente"
"SE","2803500","Lagarto","bandeira","revisao_pendente"
"SE","2803609","Laranjeiras","brasao","revisao_pendente"
"SE","2803609","Laranjeiras","bandeira","revisao_pendente"
"SE","2803708","Macambira","brasao","revisao_pendente"
"SE","2803708","Macambira","bandeira","revisao_pendente"
"SE","2803807","Malhada dos Bois","brasao","revisao_pendente"
"SE","2803807","Malhada dos Bois","bandeira","nao_encontrado"
"SE","2803906","Malhador","brasao","revisao_pendente"
"SE","2803906","Malhador","bandeira","revisao_pendente"
"SE","2804003","Maruim","brasao","revisao_pendente"
"SE","2804003","Maruim","bandeira","revisao_pendente"
"SE","2804102","Moita Bonita","brasao","revisao_pendente"
"SE","2804102","Moita Bonita","bandeira","nao_encontrado"
"SE","2804201","Monte Alegre de Sergipe","brasao","nao_encontrado"
"SE","2804201","Monte Alegre de Sergipe","bandeira","revisao_pendente"
"SE","2804300","Muribeca","brasao","revisao_pendente"
"SE","2804300","Muribeca","bandeira","revisao_pendente"
"SE","2804409","Neópolis","brasao","revisao_pendente"
"SE","2804409","Neópolis","bandeira","nao_encontrado"
"SE","2804458","Nossa Senhora Aparecida","brasao","revisao_pendente"
"SE","2804458","Nossa Senhora Aparecida","bandeira","revisao_pendente"
"SE","2804508","Nossa Senhora da Glória","brasao","revisao_pendente"
"SE","2804508","Nossa Senhora da Glória","bandeira","revisao_pendente"
"SE","2804607","Nossa Senhora das Dores","brasao","revisao_pendente"
"SE","2804607","Nossa Senhora das Dores","bandeira","revisao_pendente"
"SE","2804706","Nossa Senhora de Lourdes","brasao","revisao_pendente"
"SE","2804706","Nossa Senhora de Lourdes","bandeira","nao_encontrado"
"SE","2804805","Nossa Senhora do Socorro","brasao","revisao_pendente"
"SE","2804805","Nossa Senhora do Socorro","bandeira","revisao_pendente"
"SE","2804904","Pacatuba","brasao","revisao_pendente"
"SE","2804904","Pacatuba","bandeira","revisao_pendente"
"SE","2805000","Pedra Mole","brasao","nao_encontrado"
"SE","2805000","Pedra Mole","bandeira","nao_encontrado"
"SE","2805109","Pedrinhas","brasao","revisao_pendente"
"SE","2805109","Pedrinhas","bandeira","revisao_pendente"
"SE","2805208","Pinhão","brasao","revisao_pendente"
"SE","2805208","Pinhão","bandeira","revisao_pendente"
"SE","2805307","Pirambu","brasao","revisao_pendente"
"SE","2805307","Pirambu","bandeira","revisao_pendente"
"SE","2805406","Poço Redondo","brasao","revisao_pendente"
"SE","2805406","Poço Redondo","bandeira","revisao_pendente"
"SE","2805505","Poço Verde","brasao","revisao_pendente"
"SE","2805505","Poço Verde","bandeira","revisao_pendente"
"SE","2805604","Porto da Folha","brasao","revisao_pendente"
"SE","2805604","Porto da Folha","bandeira","revisao_pendente"
"SE","2805703","Propriá","brasao","revisao_pendente"
"SE","2805703","Propriá","bandeira","revisao_pendente"
"SE","2805802","Riachão do Dantas","brasao","revisao_pendente"
"SE","2805802","Riachão do Dantas","bandeira","revisao_pendente"
"SE","2805901","Riachuelo","brasao","revisao_pendente"
"SE","2805901","Riachuelo","bandeira","revisao_pendente"
"SE","2806008","Ribeirópolis","brasao","nao_encontrado"
"SE","2806008","Ribeirópolis","bandeira","revisao_pendente"
"SE","2806107","Rosário do Catete","brasao","revisao_pendente"
"SE","2806107","Rosário do Catete","bandeira","revisao_pendente"
"SE","2806206","Salgado","brasao","revisao_pendente"
"SE","2806206","Salgado","bandeira","revisao_pendente"
"SE","2806305","Santa Luzia do Itanhy","brasao","revisao_pendente"
"SE","2806305","Santa Luzia do Itanhy","bandeira","revisao_pendente"
"SE","2806404","Santana do São Francisco","brasao","revisao_pendente"
"SE","2806404","Santana do São Francisco","bandeira","nao_encontrado"
"SE","2806503","Santa Rosa de Lima","brasao","revisao_pendente"
"SE","2806503","Santa Rosa de Lima","bandeira","revisao_pendente"
"SE","2806602","Santo Amaro das Brotas","brasao","revisao_pendente"
"SE","2806602","Santo Amaro das Brotas","bandeira","revisao_pendente"
"SE","2806701","São Cristóvão","brasao","revisao_pendente"
"SE","2806701","São Cristóvão","bandeira","revisao_pendente"
"SE","2806800","São Domingos","brasao","revisao_pendente"
"SE","2806800","São Domingos","bandeira","revisao_pendente"
"SE","2806909","São Francisco","brasao","revisao_pendente"
"SE","2806909","São Francisco","bandeira","revisao_pendente"
"SE","2807006","São Miguel do Aleixo","brasao","revisao_pendente"
"SE","2807006","São Miguel do Aleixo","bandeira","revisao_pendente"
"SE","2807105","Simão Dias","brasao","revisao_pendente"
"SE","2807105","Simão Dias","bandeira","revisao_pendente"
"SE","2807204","Siriri","brasao","revisao_pendente"
"SE","2807204","Siriri","bandeira","revisao_pendente"
"SE","2807303","Telha","brasao","revisao_pendente"
"SE","2807303","Telha","bandeira","revisao_pendente"
"SE","2807402","Tobias Barreto","brasao","nao_encontrado"
"SE","2807402","Tobias Barreto","bandeira","revisao_pendente"
"SE","2807501","Tomar do Geru","brasao","revisao_pendente"
"SE","2807501","Tomar do Geru","bandeira","revisao_pendente"
"SE","2807600","Umbaúba","brasao","revisao_pendente"
"SE","2807600","Umbaúba","bandeira","revisao_pendente"
"BA","2900108","Abaíra","brasao","revisao_pendente"
"BA","2900108","Abaíra","bandeira","revisao_pendente"
"BA","2900207","Abaré","brasao","revisao_pendente"
"BA","2900207","Abaré","bandeira","revisao_pendente"
"BA","2900306","Acajutiba","brasao","revisao_pendente"
"BA","2900306","Acajutiba","bandeira","revisao_pendente"
"BA","2900355","Adustina","brasao","revisao_pendente"
"BA","2900355","Adustina","bandeira","revisao_pendente"
"BA","2900405","Água Fria","brasao","nao_encontrado"
"BA","2900405","Água Fria","bandeira","revisao_pendente"
"BA","2900504","Érico Cardoso","brasao","revisao_pendente"
"BA","2900504","Érico Cardoso","bandeira","revisao_pendente"
"BA","2900603","Aiquara","brasao","revisao_pendente"
"BA","2900603","Aiquara","bandeira","revisao_pendente"
"BA","2900702","Alagoinhas","brasao","revisao_pendente"
"BA","2900702","Alagoinhas","bandeira","revisao_pendente"
"BA","2900801","Alcobaça","brasao","revisao_pendente"
"BA","2900801","Alcobaça","bandeira","revisao_pendente"
"BA","2900900","Almadina","brasao","revisao_pendente"
"BA","2900900","Almadina","bandeira","revisao_pendente"
"BA","2901007","Amargosa","brasao","nao_encontrado"
"BA","2901007","Amargosa","bandeira","revisao_pendente"
"BA","2901106","Amélia Rodrigues","brasao","revisao_pendente"
"BA","2901106","Amélia Rodrigues","bandeira","revisao_pendente"
"BA","2901155","América Dourada","brasao","revisao_pendente"
"BA","2901155","América Dourada","bandeira","nao_encontrado"
"BA","2901205","Anagé","brasao","revisao_pendente"
"BA","2901205","Anagé","bandeira","revisao_pendente"
"BA","2901304","Andaraí","brasao","revisao_pendente"
"BA","2901304","Andaraí","bandeira","rejeitado"
"BA","2901353","Andorinha","brasao","revisao_pendente"
"BA","2901353","Andorinha","bandeira","revisao_pendente"
"BA","2901403","Angical","brasao","revisao_pendente"
"BA","2901403","Angical","bandeira","revisao_pendente"
"BA","2901502","Anguera","brasao","revisao_pendente"
"BA","2901502","Anguera","bandeira","revisao_pendente"
"BA","2901601","Antas","brasao","revisao_pendente"
"BA","2901601","Antas","bandeira","revisao_pendente"
"BA","2901700","Antônio Cardoso","brasao","revisao_pendente"
"BA","2901700","Antônio Cardoso","bandeira","revisao_pendente"
"BA","2901809","Antônio Gonçalves","brasao","revisao_pendente"
"BA","2901809","Antônio Gonçalves","bandeira","revisao_pendente"
"BA","2901908","Aporá","brasao","revisao_pendente"
"BA","2901908","Aporá","bandeira","revisao_pendente"
"BA","2901957","Apuarema","brasao","revisao_pendente"
"BA","2901957","Apuarema","bandeira","revisao_pendente"
"BA","2902005","Aracatu","brasao","revisao_pendente"
"BA","2902005","Aracatu","bandeira","revisao_pendente"
"BA","2902054","Araçás","brasao","revisao_pendente"
"BA","2902054","Araçás","bandeira","revisao_pendente"
"BA","2902104","Araci","brasao","revisao_pendente"
"BA","2902104","Araci","bandeira","revisao_pendente"
"BA","2902203","Aramari","brasao","revisao_pendente"
"BA","2902203","Aramari","bandeira","revisao_pendente"
"BA","2902252","Arataca","brasao","revisao_pendente"
"BA","2902252","Arataca","bandeira","revisao_pendente"
"BA","2902302","Aratuípe","brasao","revisao_pendente"
"BA","2902302","Aratuípe","bandeira","nao_encontrado"
"BA","2902401","Aurelino Leal","brasao","revisao_pendente"
"BA","2902401","Aurelino Leal","bandeira","revisao_pendente"
"BA","2902500","Baianópolis","brasao","revisao_pendente"
"BA","2902500","Baianópolis","bandeira","revisao_pendente"
"BA","2902609","Baixa Grande","brasao","revisao_pendente"
"BA","2902609","Baixa Grande","bandeira","revisao_pendente"
"BA","2902658","Banzaê","brasao","revisao_pendente"
"BA","2902658","Banzaê","bandeira","revisao_pendente"
"BA","2902708","Barra","brasao","revisao_pendente"
"BA","2902708","Barra","bandeira","revisao_pendente"
"BA","2902807","Barra da Estiva","brasao","revisao_pendente"
"BA","2902807","Barra da Estiva","bandeira","revisao_pendente"
"BA","2902906","Barra do Choça","brasao","revisao_pendente"
"BA","2902906","Barra do Choça","bandeira","revisao_pendente"
"BA","2903003","Barra do Mendes","brasao","revisao_pendente"
"BA","2903003","Barra do Mendes","bandeira","revisao_pendente"
"BA","2903102","Barra do Rocha","brasao","revisao_pendente"
"BA","2903102","Barra do Rocha","bandeira","revisao_pendente"
"BA","2903201","Barreiras","brasao","revisao_pendente"
"BA","2903201","Barreiras","bandeira","revisao_pendente"
"BA","2903235","Barro Alto","brasao","revisao_pendente"
"BA","2903235","Barro Alto","bandeira","revisao_pendente"
"BA","2903276","Barrocas","brasao","revisao_pendente"
"BA","2903276","Barrocas","bandeira","revisao_pendente"
"BA","2903300","Barro Preto","brasao","revisao_pendente"
"BA","2903300","Barro Preto","bandeira","revisao_pendente"
"BA","2903409","Belmonte","brasao","revisao_pendente"
"BA","2903409","Belmonte","bandeira","revisao_pendente"
"BA","2903508","Belo Campo","brasao","revisao_pendente"
"BA","2903508","Belo Campo","bandeira","revisao_pendente"
"BA","2903607","Biritinga","brasao","revisao_pendente"
"BA","2903607","Biritinga","bandeira","revisao_pendente"
"BA","2903706","Boa Nova","brasao","revisao_pendente"
"BA","2903706","Boa Nova","bandeira","revisao_pendente"
"BA","2903805","Boa Vista do Tupim","brasao","revisao_pendente"
"BA","2903805","Boa Vista do Tupim","bandeira","revisao_pendente"
"BA","2903904","Bom Jesus da Lapa","brasao","revisao_pendente"
"BA","2903904","Bom Jesus da Lapa","bandeira","revisao_pendente"
"BA","2903953","Bom Jesus da Serra","brasao","revisao_pendente"
"BA","2903953","Bom Jesus da Serra","bandeira","revisao_pendente"
"BA","2904001","Boninal","brasao","revisao_pendente"
"BA","2904001","Boninal","bandeira","revisao_pendente"
"BA","2904050","Bonito","brasao","revisao_pendente"
"BA","2904050","Bonito","bandeira","revisao_pendente"
"BA","2904100","Boquira","brasao","revisao_pendente"
"BA","2904100","Boquira","bandeira","revisao_pendente"
"BA","2904209","Botuporã","brasao","revisao_pendente"
"BA","2904209","Botuporã","bandeira","revisao_pendente"
"BA","2904308","Brejões","brasao","revisao_pendente"
"BA","2904308","Brejões","bandeira","revisao_pendente"
"BA","2904407","Brejolândia","brasao","revisao_pendente"
"BA","2904407","Brejolândia","bandeira","revisao_pendente"
"BA","2904506","Brotas de Macaúbas","brasao","revisao_pendente"
"BA","2904506","Brotas de Macaúbas","bandeira","revisao_pendente"
"BA","2904605","Brumado","brasao","revisao_pendente"
"BA","2904605","Brumado","bandeira","revisao_pendente"
"BA","2904704","Buerarema","brasao","revisao_pendente"
"BA","2904704","Buerarema","bandeira","revisao_pendente"
"BA","2904753","Buritirama","brasao","revisao_pendente"
"BA","2904753","Buritirama","bandeira","revisao_pendente"
"BA","2904803","Caatiba","brasao","revisao_pendente"
"BA","2904803","Caatiba","bandeira","revisao_pendente"
"BA","2904852","Cabaceiras do Paraguaçu","brasao","nao_encontrado"
"BA","2904852","Cabaceiras do Paraguaçu","bandeira","nao_encontrado"
"BA","2904902","Cachoeira","brasao","revisao_pendente"
"BA","2904902","Cachoeira","bandeira","revisao_pendente"
"BA","2905008","Caculé","brasao","revisao_pendente"
"BA","2905008","Caculé","bandeira","revisao_pendente"
"BA","2905107","Caém","brasao","revisao_pendente"
"BA","2905107","Caém","bandeira","rejeitado"
"BA","2905156","Caetanos","brasao","nao_encontrado"
"BA","2905156","Caetanos","bandeira","revisao_pendente"
"BA","2905206","Caetité","brasao","revisao_pendente"
"BA","2905206","Caetité","bandeira","revisao_pendente"
"BA","2905305","Cafarnaum","brasao","revisao_pendente"
"BA","2905305","Cafarnaum","bandeira","revisao_pendente"
"BA","2905404","Cairu","brasao","revisao_pendente"
"BA","2905404","Cairu","bandeira","revisao_pendente"
"BA","2905503","Caldeirão Grande","brasao","revisao_pendente"
"BA","2905503","Caldeirão Grande","bandeira","revisao_pendente"
"BA","2905602","Camacan","brasao","revisao_pendente"
"BA","2905602","Camacan","bandeira","revisao_pendente"
"BA","2905701","Camaçari","brasao","revisao_pendente"
"BA","2905701","Camaçari","bandeira","revisao_pendente"
"BA","2905800","Camamu","brasao","revisao_pendente"
"BA","2905800","Camamu","bandeira","revisao_pendente"
"BA","2905909","Campo Alegre de Lourdes","brasao","revisao_pendente"
"BA","2905909","Campo Alegre de Lourdes","bandeira","revisao_pendente"
"BA","2906006","Campo Formoso","brasao","revisao_pendente"
"BA","2906006","Campo Formoso","bandeira","revisao_pendente"
"BA","2906105","Canápolis","brasao","nao_encontrado"
"BA","2906105","Canápolis","bandeira","revisao_pendente"
"BA","2906204","Canarana","brasao","revisao_pendente"
"BA","2906204","Canarana","bandeira","revisao_pendente"
"BA","2906303","Canavieiras","brasao","revisao_pendente"
"BA","2906303","Canavieiras","bandeira","revisao_pendente"
"BA","2906402","Candeal","brasao","revisao_pendente"
"BA","2906402","Candeal","bandeira","revisao_pendente"
"BA","2906501","Candeias","brasao","revisao_pendente"
"BA","2906501","Candeias","bandeira","revisao_pendente"
"BA","2906600","Candiba","brasao","revisao_pendente"
"BA","2906600","Candiba","bandeira","revisao_pendente"
"BA","2906709","Cândido Sales","brasao","revisao_pendente"
"BA","2906709","Cândido Sales","bandeira","revisao_pendente"
"BA","2906808","Cansanção","brasao","revisao_pendente"
"BA","2906808","Cansanção","bandeira","revisao_pendente"
"BA","2906824","Canudos","brasao","revisao_pendente"
"BA","2906824","Canudos","bandeira","revisao_pendente"
"BA","2906857","Capela do Alto Alegre","brasao","revisao_pendente"
"BA","2906857","Capela do Alto Alegre","bandeira","revisao_pendente"
"BA","2906873","Capim Grosso","brasao","revisao_pendente"
"BA","2906873","Capim Grosso","bandeira","revisao_pendente"
"BA","2906899","Caraíbas","brasao","revisao_pendente"
"BA","2906899","Caraíbas","bandeira","revisao_pendente"
"BA","2906907","Caravelas","brasao","revisao_pendente"
"BA","2906907","Caravelas","bandeira","revisao_pendente"
"BA","2907004","Cardeal da Silva","brasao","nao_encontrado"
"BA","2907004","Cardeal da Silva","bandeira","revisao_pendente"
"BA","2907103","Carinhanha","brasao","revisao_pendente"
"BA","2907103","Carinhanha","bandeira","revisao_pendente"
"BA","2907202","Casa Nova","brasao","revisao_pendente"
"BA","2907202","Casa Nova","bandeira","revisao_pendente"
"BA","2907301","Castro Alves","brasao","revisao_pendente"
"BA","2907301","Castro Alves","bandeira","revisao_pendente"
"BA","2907400","Catolândia","brasao","revisao_pendente"
"BA","2907400","Catolândia","bandeira","revisao_pendente"
"BA","2907509","Catu","brasao","revisao_pendente"
"BA","2907509","Catu","bandeira","revisao_pendente"
"BA","2907558","Caturama","brasao","revisao_pendente"
"BA","2907558","Caturama","bandeira","revisao_pendente"
"BA","2907608","Central","brasao","revisao_pendente"
"BA","2907608","Central","bandeira","revisao_pendente"
"BA","2907707","Chorrochó","brasao","revisao_pendente"
"BA","2907707","Chorrochó","bandeira","revisao_pendente"
"BA","2907806","Cícero Dantas","brasao","revisao_pendente"
"BA","2907806","Cícero Dantas","bandeira","revisao_pendente"
"BA","2907905","Cipó","brasao","revisao_pendente"
"BA","2907905","Cipó","bandeira","revisao_pendente"
"BA","2908002","Coaraci","brasao","revisao_pendente"
"BA","2908002","Coaraci","bandeira","revisao_pendente"
"BA","2908101","Cocos","brasao","revisao_pendente"
"BA","2908101","Cocos","bandeira","revisao_pendente"
"BA","2908200","Conceição da Feira","brasao","revisao_pendente"
"BA","2908200","Conceição da Feira","bandeira","revisao_pendente"
"BA","2908309","Conceição do Almeida","brasao","revisao_pendente"
"BA","2908309","Conceição do Almeida","bandeira","revisao_pendente"
"BA","2908408","Conceição do Coité","brasao","revisao_pendente"
"BA","2908408","Conceição do Coité","bandeira","revisao_pendente"
"BA","2908507","Conceição do Jacuípe","brasao","revisao_pendente"
"BA","2908507","Conceição do Jacuípe","bandeira","revisao_pendente"
"BA","2908606","Conde","brasao","revisao_pendente"
"BA","2908606","Conde","bandeira","revisao_pendente"
"BA","2908705","Condeúba","brasao","revisao_pendente"
"BA","2908705","Condeúba","bandeira","revisao_pendente"
"BA","2908804","Contendas do Sincorá","brasao","nao_encontrado"
"BA","2908804","Contendas do Sincorá","bandeira","revisao_pendente"
"BA","2908903","Coração de Maria","brasao","revisao_pendente"
"BA","2908903","Coração de Maria","bandeira","revisao_pendente"
"BA","2909000","Cordeiros","brasao","revisao_pendente"
"BA","2909000","Cordeiros","bandeira","revisao_pendente"
"BA","2909109","Coribe","brasao","revisao_pendente"
"BA","2909109","Coribe","bandeira","revisao_pendente"
"BA","2909208","Coronel João Sá","brasao","revisao_pendente"
"BA","2909208","Coronel João Sá","bandeira","revisao_pendente"
"BA","2909307","Correntina","brasao","revisao_pendente"
"BA","2909307","Correntina","bandeira","revisao_pendente"
"BA","2909406","Cotegipe","brasao","nao_encontrado"
"BA","2909406","Cotegipe","bandeira","revisao_pendente"
"BA","2909505","Cravolândia","brasao","revisao_pendente"
"BA","2909505","Cravolândia","bandeira","revisao_pendente"
"BA","2909604","Crisópolis","brasao","revisao_pendente"
"BA","2909604","Crisópolis","bandeira","revisao_pendente"
"BA","2909703","Cristópolis","brasao","revisao_pendente"
"BA","2909703","Cristópolis","bandeira","revisao_pendente"
"BA","2909802","Cruz das Almas","brasao","revisao_pendente"
"BA","2909802","Cruz das Almas","bandeira","revisao_pendente"
"BA","2909901","Curaçá","brasao","revisao_pendente"
"BA","2909901","Curaçá","bandeira","revisao_pendente"
"BA","2910008","Dário Meira","brasao","revisao_pendente"
"BA","2910008","Dário Meira","bandeira","revisao_pendente"
"BA","2910057","Dias d'Ávila","brasao","revisao_pendente"
"BA","2910057","Dias d'Ávila","bandeira","revisao_pendente"
"BA","2910107","Dom Basílio","brasao","revisao_pendente"
"BA","2910107","Dom Basílio","bandeira","revisao_pendente"
"BA","2910206","Dom Macedo Costa","brasao","revisao_pendente"
"BA","2910206","Dom Macedo Costa","bandeira","revisao_pendente"
"BA","2910305","Elísio Medrado","brasao","revisao_pendente"
"BA","2910305","Elísio Medrado","bandeira","nao_encontrado"
"BA","2910404","Encruzilhada","brasao","revisao_pendente"
"BA","2910404","Encruzilhada","bandeira","revisao_pendente"
"BA","2910503","Entre Rios","brasao","revisao_pendente"
"BA","2910503","Entre Rios","bandeira","revisao_pendente"
"BA","2910602","Esplanada","brasao","revisao_pendente"
"BA","2910602","Esplanada","bandeira","revisao_pendente"
"BA","2910701","Euclides da Cunha","brasao","revisao_pendente"
"BA","2910701","Euclides da Cunha","bandeira","revisao_pendente"
"BA","2910727","Eunápolis","brasao","revisao_pendente"
"BA","2910727","Eunápolis","bandeira","revisao_pendente"
"BA","2910750","Fátima","brasao","revisao_pendente"
"BA","2910750","Fátima","bandeira","revisao_pendente"
"BA","2910776","Feira da Mata","brasao","revisao_pendente"
"BA","2910776","Feira da Mata","bandeira","revisao_pendente"
"BA","2910800","Feira de Santana","brasao","revisao_pendente"
"BA","2910800","Feira de Santana","bandeira","revisao_pendente"
"BA","2910859","Filadélfia","brasao","revisao_pendente"
"BA","2910859","Filadélfia","bandeira","revisao_pendente"
"BA","2910909","Firmino Alves","brasao","revisao_pendente"
"BA","2910909","Firmino Alves","bandeira","revisao_pendente"
"BA","2911006","Floresta Azul","brasao","revisao_pendente"
"BA","2911006","Floresta Azul","bandeira","revisao_pendente"
"BA","2911105","Formosa do Rio Preto","brasao","revisao_pendente"
"BA","2911105","Formosa do Rio Preto","bandeira","revisao_pendente"
"BA","2911204","Gandu","brasao","revisao_pendente"
"BA","2911204","Gandu","bandeira","revisao_pendente"
"BA","2911253","Gavião","brasao","revisao_pendente"
"BA","2911253","Gavião","bandeira","revisao_pendente"
"BA","2911303","Gentio do Ouro","brasao","revisao_pendente"
"BA","2911303","Gentio do Ouro","bandeira","revisao_pendente"
"BA","2911402","Glória","brasao","revisao_pendente"
"BA","2911402","Glória","bandeira","revisao_pendente"
"BA","2911501","Gongogi","brasao","revisao_pendente"
"BA","2911501","Gongogi","bandeira","revisao_pendente"
"BA","2911600","Governador Mangabeira","brasao","revisao_pendente"
"BA","2911600","Governador Mangabeira","bandeira","revisao_pendente"
"BA","2911659","Guajeru","brasao","revisao_pendente"
"BA","2911659","Guajeru","bandeira","revisao_pendente"
"BA","2911709","Guanambi","brasao","revisao_pendente"
"BA","2911709","Guanambi","bandeira","revisao_pendente"
"BA","2911808","Guaratinga","brasao","revisao_pendente"
"BA","2911808","Guaratinga","bandeira","revisao_pendente"
"BA","2911857","Heliópolis","brasao","revisao_pendente"
"BA","2911857","Heliópolis","bandeira","revisao_pendente"
"BA","2911907","Iaçu","brasao","nao_encontrado"
"BA","2911907","Iaçu","bandeira","revisao_pendente"
"BA","2912004","Ibiassucê","brasao","revisao_pendente"
"BA","2912004","Ibiassucê","bandeira","revisao_pendente"
"BA","2912103","Ibicaraí","brasao","revisao_pendente"
"BA","2912103","Ibicaraí","bandeira","revisao_pendente"
"BA","2912202","Ibicoara","brasao","revisao_pendente"
"BA","2912202","Ibicoara","bandeira","revisao_pendente"
"BA","2912301","Ibicuí","brasao","revisao_pendente"
"BA","2912301","Ibicuí","bandeira","revisao_pendente"
"BA","2912400","Ibipeba","brasao","revisao_pendente"
"BA","2912400","Ibipeba","bandeira","revisao_pendente"
"BA","2912509","Ibipitanga","brasao","revisao_pendente"
"BA","2912509","Ibipitanga","bandeira","revisao_pendente"
"BA","2912608","Ibiquera","brasao","revisao_pendente"
"BA","2912608","Ibiquera","bandeira","revisao_pendente"
"BA","2912707","Ibirapitanga","brasao","nao_encontrado"
"BA","2912707","Ibirapitanga","bandeira","revisao_pendente"
"BA","2912806","Ibirapuã","brasao","revisao_pendente"
"BA","2912806","Ibirapuã","bandeira","revisao_pendente"
"BA","2912905","Ibirataia","brasao","revisao_pendente"
"BA","2912905","Ibirataia","bandeira","revisao_pendente"
"BA","2913002","Ibitiara","brasao","revisao_pendente"
"BA","2913002","Ibitiara","bandeira","revisao_pendente"
"BA","2913101","Ibititá","brasao","revisao_pendente"
"BA","2913101","Ibititá","bandeira","revisao_pendente"
"BA","2913200","Ibotirama","brasao","revisao_pendente"
"BA","2913200","Ibotirama","bandeira","revisao_pendente"
"BA","2913309","Ichu","brasao","revisao_pendente"
"BA","2913309","Ichu","bandeira","revisao_pendente"
"BA","2913408","Igaporã","brasao","revisao_pendente"
"BA","2913408","Igaporã","bandeira","revisao_pendente"
"BA","2913457","Igrapiúna","brasao","revisao_pendente"
"BA","2913457","Igrapiúna","bandeira","nao_encontrado"
"BA","2913507","Iguaí","brasao","revisao_pendente"
"BA","2913507","Iguaí","bandeira","revisao_pendente"
"BA","2913606","Ilhéus","brasao","revisao_pendente"
"BA","2913606","Ilhéus","bandeira","revisao_pendente"
"BA","2913705","Inhambupe","brasao","revisao_pendente"
"BA","2913705","Inhambupe","bandeira","revisao_pendente"
"BA","2913804","Ipecaetá","brasao","revisao_pendente"
"BA","2913804","Ipecaetá","bandeira","revisao_pendente"
"BA","2913903","Ipiaú","brasao","revisao_pendente"
"BA","2913903","Ipiaú","bandeira","revisao_pendente"
"BA","2914000","Ipirá","brasao","revisao_pendente"
"BA","2914000","Ipirá","bandeira","revisao_pendente"
"BA","2914109","Ipupiara","brasao","revisao_pendente"
"BA","2914109","Ipupiara","bandeira","revisao_pendente"
"BA","2914208","Irajuba","brasao","revisao_pendente"
"BA","2914208","Irajuba","bandeira","revisao_pendente"
"BA","2914307","Iramaia","brasao","revisao_pendente"
"BA","2914307","Iramaia","bandeira","revisao_pendente"
"BA","2914406","Iraquara","brasao","revisao_pendente"
"BA","2914406","Iraquara","bandeira","revisao_pendente"
"BA","2914505","Irará","brasao","revisao_pendente"
"BA","2914505","Irará","bandeira","revisao_pendente"
"BA","2914604","Irecê","brasao","revisao_pendente"
"BA","2914604","Irecê","bandeira","revisao_pendente"
"BA","2914653","Itabela","brasao","revisao_pendente"
"BA","2914653","Itabela","bandeira","revisao_pendente"
"BA","2914703","Itaberaba","brasao","revisao_pendente"
"BA","2914703","Itaberaba","bandeira","revisao_pendente"
"BA","2914802","Itabuna","brasao","rejeitado"
"BA","2914802","Itabuna","bandeira","revisao_pendente"
"BA","2914901","Itacaré","brasao","licenca_pendente"
"BA","2914901","Itacaré","bandeira","nao_encontrado"
"BA","2915007","Itaeté","brasao","revisao_pendente"
"BA","2915007","Itaeté","bandeira","revisao_pendente"
"BA","2915106","Itagi","brasao","revisao_pendente"
"BA","2915106","Itagi","bandeira","revisao_pendente"
"BA","2915205","Itagibá","brasao","revisao_pendente"
"BA","2915205","Itagibá","bandeira","rejeitado"
"BA","2915304","Itagimirim","brasao","revisao_pendente"
"BA","2915304","Itagimirim","bandeira","revisao_pendente"
"BA","2915353","Itaguaçu da Bahia","brasao","nao_encontrado"
"BA","2915353","Itaguaçu da Bahia","bandeira","revisao_pendente"
"BA","2915403","Itaju do Colônia","brasao","revisao_pendente"
"BA","2915403","Itaju do Colônia","bandeira","revisao_pendente"
"BA","2915502","Itajuípe","brasao","revisao_pendente"
"BA","2915502","Itajuípe","bandeira","revisao_pendente"
"BA","2915601","Itamaraju","brasao","revisao_pendente"
"BA","2915601","Itamaraju","bandeira","revisao_pendente"
"BA","2915700","Itamari","brasao","revisao_pendente"
"BA","2915700","Itamari","bandeira","revisao_pendente"
"BA","2915809","Itambé","brasao","revisao_pendente"
"BA","2915809","Itambé","bandeira","revisao_pendente"
"BA","2915908","Itanagra","brasao","revisao_pendente"
"BA","2915908","Itanagra","bandeira","rejeitado"
"BA","2916005","Itanhém","brasao","revisao_pendente"
"BA","2916005","Itanhém","bandeira","revisao_pendente"
"BA","2916104","Itaparica","brasao","revisao_pendente"
"BA","2916104","Itaparica","bandeira","revisao_pendente"
"BA","2916203","Itapé","brasao","revisao_pendente"
"BA","2916203","Itapé","bandeira","revisao_pendente"
"BA","2916302","Itapebi","brasao","revisao_pendente"
"BA","2916302","Itapebi","bandeira","revisao_pendente"
"BA","2916401","Itapetinga","brasao","revisao_pendente"
"BA","2916401","Itapetinga","bandeira","revisao_pendente"
"BA","2916500","Itapicuru","brasao","revisao_pendente"
"BA","2916500","Itapicuru","bandeira","revisao_pendente"
"BA","2916609","Itapitanga","brasao","revisao_pendente"
"BA","2916609","Itapitanga","bandeira","revisao_pendente"
"BA","2916708","Itaquara","brasao","revisao_pendente"
"BA","2916708","Itaquara","bandeira","nao_encontrado"
"BA","2916807","Itarantim","brasao","revisao_pendente"
"BA","2916807","Itarantim","bandeira","revisao_pendente"
"BA","2916856","Itatim","brasao","revisao_pendente"
"BA","2916856","Itatim","bandeira","revisao_pendente"
"BA","2916906","Itiruçu","brasao","nao_encontrado"
"BA","2916906","Itiruçu","bandeira","revisao_pendente"
"BA","2917003","Itiúba","brasao","nao_encontrado"
"BA","2917003","Itiúba","bandeira","revisao_pendente"
"BA","2917102","Itororó","brasao","revisao_pendente"
"BA","2917102","Itororó","bandeira","revisao_pendente"
"BA","2917201","Ituaçu","brasao","revisao_pendente"
"BA","2917201","Ituaçu","bandeira","revisao_pendente"
"BA","2917300","Ituberá","brasao","revisao_pendente"
"BA","2917300","Ituberá","bandeira","nao_encontrado"
"BA","2917334","Iuiu","brasao","revisao_pendente"
"BA","2917334","Iuiu","bandeira","revisao_pendente"
"BA","2917359","Jaborandi","brasao","revisao_pendente"
"BA","2917359","Jaborandi","bandeira","revisao_pendente"
"BA","2917409","Jacaraci","brasao","revisao_pendente"
"BA","2917409","Jacaraci","bandeira","revisao_pendente"
"BA","2917508","Jacobina","brasao","revisao_pendente"
"BA","2917508","Jacobina","bandeira","revisao_pendente"
"BA","2917607","Jaguaquara","brasao","revisao_pendente"
"BA","2917607","Jaguaquara","bandeira","revisao_pendente"
"BA","2917706","Jaguarari","brasao","revisao_pendente"
"BA","2917706","Jaguarari","bandeira","revisao_pendente"
"BA","2917805","Jaguaripe","brasao","revisao_pendente"
"BA","2917805","Jaguaripe","bandeira","revisao_pendente"
"BA","2917904","Jandaíra","brasao","nao_encontrado"
"BA","2917904","Jandaíra","bandeira","revisao_pendente"
"BA","2918001","Jequié","brasao","revisao_pendente"
"BA","2918001","Jequié","bandeira","revisao_pendente"
"BA","2918100","Jeremoabo","brasao","revisao_pendente"
"BA","2918100","Jeremoabo","bandeira","revisao_pendente"
"BA","2918209","Jiquiriçá","brasao","revisao_pendente"
"BA","2918209","Jiquiriçá","bandeira","revisao_pendente"
"BA","2918308","Jitaúna","brasao","revisao_pendente"
"BA","2918308","Jitaúna","bandeira","revisao_pendente"
"BA","2918357","João Dourado","brasao","revisao_pendente"
"BA","2918357","João Dourado","bandeira","revisao_pendente"
"BA","2918407","Juazeiro","brasao","revisao_pendente"
"BA","2918407","Juazeiro","bandeira","revisao_pendente"
"BA","2918456","Jucuruçu","brasao","revisao_pendente"
"BA","2918456","Jucuruçu","bandeira","revisao_pendente"
"BA","2918506","Jussara","brasao","revisao_pendente"
"BA","2918506","Jussara","bandeira","revisao_pendente"
"BA","2918555","Jussari","brasao","revisao_pendente"
"BA","2918555","Jussari","bandeira","revisao_pendente"
"BA","2918605","Jussiape","brasao","revisao_pendente"
"BA","2918605","Jussiape","bandeira","revisao_pendente"
"BA","2918704","Lafaiete Coutinho","brasao","revisao_pendente"
"BA","2918704","Lafaiete Coutinho","bandeira","revisao_pendente"
"BA","2918753","Lagoa Real","brasao","revisao_pendente"
"BA","2918753","Lagoa Real","bandeira","revisao_pendente"
"BA","2918803","Laje","brasao","revisao_pendente"
"BA","2918803","Laje","bandeira","revisao_pendente"
"BA","2918902","Lajedão","brasao","revisao_pendente"
"BA","2918902","Lajedão","bandeira","revisao_pendente"
"BA","2919009","Lajedinho","brasao","revisao_pendente"
"BA","2919009","Lajedinho","bandeira","revisao_pendente"
"BA","2919058","Lajedo do Tabocal","brasao","nao_encontrado"
"BA","2919058","Lajedo do Tabocal","bandeira","revisao_pendente"
"BA","2919108","Lamarão","brasao","revisao_pendente"
"BA","2919108","Lamarão","bandeira","revisao_pendente"
"BA","2919157","Lapão","brasao","revisao_pendente"
"BA","2919157","Lapão","bandeira","revisao_pendente"
"BA","2919207","Lauro de Freitas","brasao","revisao_pendente"
"BA","2919207","Lauro de Freitas","bandeira","revisao_pendente"
"BA","2919306","Lençóis","brasao","revisao_pendente"
"BA","2919306","Lençóis","bandeira","revisao_pendente"
"BA","2919405","Licínio de Almeida","brasao","revisao_pendente"
"BA","2919405","Licínio de Almeida","bandeira","revisao_pendente"
"BA","2919504","Livramento de Nossa Senhora","brasao","revisao_pendente"
"BA","2919504","Livramento de Nossa Senhora","bandeira","revisao_pendente"
"BA","2919553","Luís Eduardo Magalhães","brasao","revisao_pendente"
"BA","2919553","Luís Eduardo Magalhães","bandeira","revisao_pendente"
"BA","2919603","Macajuba","brasao","nao_encontrado"
"BA","2919603","Macajuba","bandeira","revisao_pendente"
"BA","2919702","Macarani","brasao","revisao_pendente"
"BA","2919702","Macarani","bandeira","revisao_pendente"
"BA","2919801","Macaúbas","brasao","revisao_pendente"
"BA","2919801","Macaúbas","bandeira","revisao_pendente"
"BA","2919900","Macururé","brasao","revisao_pendente"
"BA","2919900","Macururé","bandeira","revisao_pendente"
"BA","2919926","Madre de Deus","brasao","revisao_pendente"
"BA","2919926","Madre de Deus","bandeira","revisao_pendente"
"BA","2919959","Maetinga","brasao","revisao_pendente"
"BA","2919959","Maetinga","bandeira","revisao_pendente"
"BA","2920007","Maiquinique","brasao","nao_encontrado"
"BA","2920007","Maiquinique","bandeira","revisao_pendente"
"BA","2920106","Mairi","brasao","revisao_pendente"
"BA","2920106","Mairi","bandeira","revisao_pendente"
"BA","2920205","Malhada","brasao","revisao_pendente"
"BA","2920205","Malhada","bandeira","revisao_pendente"
"BA","2920304","Malhada de Pedras","brasao","revisao_pendente"
"BA","2920304","Malhada de Pedras","bandeira","nao_encontrado"
"BA","2920403","Manoel Vitorino","brasao","revisao_pendente"
"BA","2920403","Manoel Vitorino","bandeira","revisao_pendente"
"BA","2920452","Mansidão","brasao","revisao_pendente"
"BA","2920452","Mansidão","bandeira","revisao_pendente"
"BA","2920502","Maracás","brasao","revisao_pendente"
"BA","2920502","Maracás","bandeira","revisao_pendente"
"BA","2920601","Maragogipe","brasao","revisao_pendente"
"BA","2920601","Maragogipe","bandeira","revisao_pendente"
"BA","2920700","Maraú","brasao","revisao_pendente"
"BA","2920700","Maraú","bandeira","revisao_pendente"
"BA","2920809","Marcionílio Souza","brasao","revisao_pendente"
"BA","2920809","Marcionílio Souza","bandeira","revisao_pendente"
"BA","2920908","Mascote","brasao","revisao_pendente"
"BA","2920908","Mascote","bandeira","revisao_pendente"
"BA","2921005","Mata de São João","brasao","revisao_pendente"
"BA","2921005","Mata de São João","bandeira","revisao_pendente"
"BA","2921054","Matina","brasao","revisao_pendente"
"BA","2921054","Matina","bandeira","revisao_pendente"
"BA","2921104","Medeiros Neto","brasao","revisao_pendente"
"BA","2921104","Medeiros Neto","bandeira","revisao_pendente"
"BA","2921203","Miguel Calmon","brasao","nao_encontrado"
"BA","2921203","Miguel Calmon","bandeira","revisao_pendente"
"BA","2921302","Milagres","brasao","revisao_pendente"
"BA","2921302","Milagres","bandeira","revisao_pendente"
"BA","2921401","Mirangaba","brasao","revisao_pendente"
"BA","2921401","Mirangaba","bandeira","revisao_pendente"
"BA","2921450","Mirante","brasao","revisao_pendente"
"BA","2921450","Mirante","bandeira","revisao_pendente"
"BA","2921500","Monte Santo","brasao","revisao_pendente"
"BA","2921500","Monte Santo","bandeira","revisao_pendente"
"BA","2921609","Morpará","brasao","revisao_pendente"
"BA","2921609","Morpará","bandeira","revisao_pendente"
"BA","2921708","Morro do Chapéu","brasao","revisao_pendente"
"BA","2921708","Morro do Chapéu","bandeira","revisao_pendente"
"BA","2921807","Mortugaba","brasao","revisao_pendente"
"BA","2921807","Mortugaba","bandeira","revisao_pendente"
"BA","2921906","Mucugê","brasao","revisao_pendente"
"BA","2921906","Mucugê","bandeira","revisao_pendente"
"BA","2922003","Mucuri","brasao","revisao_pendente"
"BA","2922003","Mucuri","bandeira","revisao_pendente"
"BA","2922052","Mulungu do Morro","brasao","revisao_pendente"
"BA","2922052","Mulungu do Morro","bandeira","revisao_pendente"
"BA","2922102","Mundo Novo","brasao","revisao_pendente"
"BA","2922102","Mundo Novo","bandeira","revisao_pendente"
"BA","2922201","Muniz Ferreira","brasao","revisao_pendente"
"BA","2922201","Muniz Ferreira","bandeira","revisao_pendente"
"BA","2922250","Muquém do São Francisco","brasao","nao_encontrado"
"BA","2922250","Muquém do São Francisco","bandeira","revisao_pendente"
"BA","2922300","Muritiba","brasao","revisao_pendente"
"BA","2922300","Muritiba","bandeira","revisao_pendente"
"BA","2922409","Mutuípe","brasao","revisao_pendente"
"BA","2922409","Mutuípe","bandeira","revisao_pendente"
"BA","2922508","Nazaré","brasao","revisao_pendente"
"BA","2922508","Nazaré","bandeira","revisao_pendente"
"BA","2922607","Nilo Peçanha","brasao","revisao_pendente"
"BA","2922607","Nilo Peçanha","bandeira","revisao_pendente"
"BA","2922656","Nordestina","brasao","revisao_pendente"
"BA","2922656","Nordestina","bandeira","revisao_pendente"
"BA","2922706","Nova Canaã","brasao","revisao_pendente"
"BA","2922706","Nova Canaã","bandeira","revisao_pendente"
"BA","2922730","Nova Fátima","brasao","revisao_pendente"
"BA","2922730","Nova Fátima","bandeira","revisao_pendente"
"BA","2922755","Nova Ibiá","brasao","revisao_pendente"
"BA","2922755","Nova Ibiá","bandeira","revisao_pendente"
"BA","2922805","Nova Itarana","brasao","revisao_pendente"
"BA","2922805","Nova Itarana","bandeira","revisao_pendente"
"BA","2922854","Nova Redenção","brasao","revisao_pendente"
"BA","2922854","Nova Redenção","bandeira","revisao_pendente"
"BA","2922904","Nova Soure","brasao","revisao_pendente"
"BA","2922904","Nova Soure","bandeira","revisao_pendente"
"BA","2923001","Nova Viçosa","brasao","revisao_pendente"
"BA","2923001","Nova Viçosa","bandeira","revisao_pendente"
"BA","2923035","Novo Horizonte","brasao","revisao_pendente"
"BA","2923035","Novo Horizonte","bandeira","revisao_pendente"
"BA","2923050","Novo Triunfo","brasao","revisao_pendente"
"BA","2923050","Novo Triunfo","bandeira","revisao_pendente"
"BA","2923100","Olindina","brasao","revisao_pendente"
"BA","2923100","Olindina","bandeira","revisao_pendente"
"BA","2923209","Oliveira dos Brejinhos","brasao","revisao_pendente"
"BA","2923209","Oliveira dos Brejinhos","bandeira","revisao_pendente"
"BA","2923308","Ouriçangas","brasao","revisao_pendente"
"BA","2923308","Ouriçangas","bandeira","revisao_pendente"
"BA","2923357","Ourolândia","brasao","revisao_pendente"
"BA","2923357","Ourolândia","bandeira","revisao_pendente"
"BA","2923407","Palmas de Monte Alto","brasao","revisao_pendente"
"BA","2923407","Palmas de Monte Alto","bandeira","revisao_pendente"
"BA","2923506","Palmeiras","brasao","revisao_pendente"
"BA","2923506","Palmeiras","bandeira","revisao_pendente"
"BA","2923605","Paramirim","brasao","revisao_pendente"
"BA","2923605","Paramirim","bandeira","revisao_pendente"
"BA","2923704","Paratinga","brasao","revisao_pendente"
"BA","2923704","Paratinga","bandeira","revisao_pendente"
"BA","2923803","Paripiranga","brasao","revisao_pendente"
"BA","2923803","Paripiranga","bandeira","revisao_pendente"
"BA","2923902","Pau Brasil","brasao","revisao_pendente"
"BA","2923902","Pau Brasil","bandeira","revisao_pendente"
"BA","2924009","Paulo Afonso","brasao","revisao_pendente"
"BA","2924009","Paulo Afonso","bandeira","revisao_pendente"
"BA","2924058","Pé de Serra","brasao","revisao_pendente"
"BA","2924058","Pé de Serra","bandeira","revisao_pendente"
"BA","2924108","Pedrão","brasao","revisao_pendente"
"BA","2924108","Pedrão","bandeira","revisao_pendente"
"BA","2924207","Pedro Alexandre","brasao","revisao_pendente"
"BA","2924207","Pedro Alexandre","bandeira","revisao_pendente"
"BA","2924306","Piatã","brasao","revisao_pendente"
"BA","2924306","Piatã","bandeira","revisao_pendente"
"BA","2924405","Pilão Arcado","brasao","revisao_pendente"
"BA","2924405","Pilão Arcado","bandeira","revisao_pendente"
"BA","2924504","Pindaí","brasao","revisao_pendente"
"BA","2924504","Pindaí","bandeira","revisao_pendente"
"BA","2924603","Pindobaçu","brasao","revisao_pendente"
"BA","2924603","Pindobaçu","bandeira","revisao_pendente"
"BA","2924652","Pintadas","brasao","revisao_pendente"
"BA","2924652","Pintadas","bandeira","revisao_pendente"
"BA","2924678","Piraí do Norte","brasao","revisao_pendente"
"BA","2924678","Piraí do Norte","bandeira","revisao_pendente"
"BA","2924702","Piripá","brasao","revisao_pendente"
"BA","2924702","Piripá","bandeira","revisao_pendente"
"BA","2924801","Piritiba","brasao","revisao_pendente"
"BA","2924801","Piritiba","bandeira","revisao_pendente"
"BA","2924900","Planaltino","brasao","revisao_pendente"
"BA","2924900","Planaltino","bandeira","rejeitado"
"BA","2925006","Planalto","brasao","revisao_pendente"
"BA","2925006","Planalto","bandeira","revisao_pendente"
"BA","2925105","Poções","brasao","revisao_pendente"
"BA","2925105","Poções","bandeira","revisao_pendente"
"BA","2925204","Pojuca","brasao","revisao_pendente"
"BA","2925204","Pojuca","bandeira","revisao_pendente"
"BA","2925253","Ponto Novo","brasao","revisao_pendente"
"BA","2925253","Ponto Novo","bandeira","revisao_pendente"
"BA","2925303","Porto Seguro","brasao","revisao_pendente"
"BA","2925303","Porto Seguro","bandeira","revisao_pendente"
"BA","2925402","Potiraguá","brasao","revisao_pendente"
"BA","2925402","Potiraguá","bandeira","revisao_pendente"
"BA","2925501","Prado","brasao","revisao_pendente"
"BA","2925501","Prado","bandeira","revisao_pendente"
"BA","2925600","Presidente Dutra","brasao","revisao_pendente"
"BA","2925600","Presidente Dutra","bandeira","revisao_pendente"
"BA","2925709","Presidente Jânio Quadros","brasao","revisao_pendente"
"BA","2925709","Presidente Jânio Quadros","bandeira","revisao_pendente"
"BA","2925758","Presidente Tancredo Neves","brasao","revisao_pendente"
"BA","2925758","Presidente Tancredo Neves","bandeira","revisao_pendente"
"BA","2925808","Queimadas","brasao","revisao_pendente"
"BA","2925808","Queimadas","bandeira","revisao_pendente"
"BA","2925907","Quijingue","brasao","revisao_pendente"
"BA","2925907","Quijingue","bandeira","revisao_pendente"
"BA","2925931","Quixabeira","brasao","revisao_pendente"
"BA","2925931","Quixabeira","bandeira","revisao_pendente"
"BA","2925956","Rafael Jambeiro","brasao","revisao_pendente"
"BA","2925956","Rafael Jambeiro","bandeira","revisao_pendente"
"BA","2926004","Remanso","brasao","revisao_pendente"
"BA","2926004","Remanso","bandeira","revisao_pendente"
"BA","2926103","Retirolândia","brasao","revisao_pendente"
"BA","2926103","Retirolândia","bandeira","revisao_pendente"
"BA","2926202","Riachão das Neves","brasao","revisao_pendente"
"BA","2926202","Riachão das Neves","bandeira","revisao_pendente"
"BA","2926301","Riachão do Jacuípe","brasao","revisao_pendente"
"BA","2926301","Riachão do Jacuípe","bandeira","revisao_pendente"
"BA","2926400","Riacho de Santana","brasao","revisao_pendente"
"BA","2926400","Riacho de Santana","bandeira","revisao_pendente"
"BA","2926509","Ribeira do Amparo","brasao","revisao_pendente"
"BA","2926509","Ribeira do Amparo","bandeira","revisao_pendente"
"BA","2926608","Ribeira do Pombal","brasao","revisao_pendente"
"BA","2926608","Ribeira do Pombal","bandeira","revisao_pendente"
"BA","2926657","Ribeirão do Largo","brasao","revisao_pendente"
"BA","2926657","Ribeirão do Largo","bandeira","revisao_pendente"
"BA","2926707","Rio de Contas","brasao","revisao_pendente"
"BA","2926707","Rio de Contas","bandeira","revisao_pendente"
"BA","2926806","Rio do Antônio","brasao","revisao_pendente"
"BA","2926806","Rio do Antônio","bandeira","revisao_pendente"
"BA","2926905","Rio do Pires","brasao","revisao_pendente"
"BA","2926905","Rio do Pires","bandeira","revisao_pendente"
"BA","2927002","Rio Real","brasao","revisao_pendente"
"BA","2927002","Rio Real","bandeira","revisao_pendente"
"BA","2927101","Rodelas","brasao","revisao_pendente"
"BA","2927101","Rodelas","bandeira","revisao_pendente"
"BA","2927200","Ruy Barbosa","brasao","revisao_pendente"
"BA","2927200","Ruy Barbosa","bandeira","revisao_pendente"
"BA","2927309","Salinas da Margarida","brasao","revisao_pendente"
"BA","2927309","Salinas da Margarida","bandeira","revisao_pendente"
"BA","2927408","Salvador","brasao","revisao_pendente"
"BA","2927408","Salvador","bandeira","rejeitado"
"BA","2927507","Santa Bárbara","brasao","revisao_pendente"
"BA","2927507","Santa Bárbara","bandeira","revisao_pendente"
"BA","2927606","Santa Brígida","brasao","revisao_pendente"
"BA","2927606","Santa Brígida","bandeira","revisao_pendente"
"BA","2927705","Santa Cruz Cabrália","brasao","revisao_pendente"
"BA","2927705","Santa Cruz Cabrália","bandeira","rejeitado"
"BA","2927804","Santa Cruz da Vitória","brasao","revisao_pendente"
"BA","2927804","Santa Cruz da Vitória","bandeira","revisao_pendente"
"BA","2927903","Santa Inês","brasao","revisao_pendente"
"BA","2927903","Santa Inês","bandeira","revisao_pendente"
"BA","2928000","Santaluz","brasao","revisao_pendente"
"BA","2928000","Santaluz","bandeira","revisao_pendente"
"BA","2928059","Santa Luzia","brasao","revisao_pendente"
"BA","2928059","Santa Luzia","bandeira","revisao_pendente"
"BA","2928109","Santa Maria da Vitória","brasao","nao_encontrado"
"BA","2928109","Santa Maria da Vitória","bandeira","revisao_pendente"
"BA","2928208","Santana","brasao","revisao_pendente"
"BA","2928208","Santana","bandeira","revisao_pendente"
"BA","2928307","Santanópolis","brasao","revisao_pendente"
"BA","2928307","Santanópolis","bandeira","revisao_pendente"
"BA","2928406","Santa Rita de Cássia","brasao","revisao_pendente"
"BA","2928406","Santa Rita de Cássia","bandeira","revisao_pendente"
"BA","2928505","Santa Terezinha","brasao","revisao_pendente"
"BA","2928505","Santa Terezinha","bandeira","nao_encontrado"
"BA","2928604","Santo Amaro","brasao","revisao_pendente"
"BA","2928604","Santo Amaro","bandeira","revisao_pendente"
"BA","2928703","Santo Antônio de Jesus","brasao","revisao_pendente"
"BA","2928703","Santo Antônio de Jesus","bandeira","revisao_pendente"
"BA","2928802","Santo Estêvão","brasao","revisao_pendente"
"BA","2928802","Santo Estêvão","bandeira","revisao_pendente"
"BA","2928901","São Desidério","brasao","revisao_pendente"
"BA","2928901","São Desidério","bandeira","revisao_pendente"
"BA","2928950","São Domingos","brasao","revisao_pendente"
"BA","2928950","São Domingos","bandeira","revisao_pendente"
"BA","2929008","São Félix","brasao","revisao_pendente"
"BA","2929008","São Félix","bandeira","revisao_pendente"
"BA","2929057","São Félix do Coribe","brasao","revisao_pendente"
"BA","2929057","São Félix do Coribe","bandeira","revisao_pendente"
"BA","2929107","São Felipe","brasao","revisao_pendente"
"BA","2929107","São Felipe","bandeira","rejeitado"
"BA","2929206","São Francisco do Conde","brasao","revisao_pendente"
"BA","2929206","São Francisco do Conde","bandeira","revisao_pendente"
"BA","2929255","São Gabriel","brasao","revisao_pendente"
"BA","2929255","São Gabriel","bandeira","revisao_pendente"
"BA","2929305","São Gonçalo dos Campos","brasao","revisao_pendente"
"BA","2929305","São Gonçalo dos Campos","bandeira","revisao_pendente"
"BA","2929354","São José da Vitória","brasao","revisao_pendente"
"BA","2929354","São José da Vitória","bandeira","revisao_pendente"
"BA","2929370","São José do Jacuípe","brasao","nao_encontrado"
"BA","2929370","São José do Jacuípe","bandeira","revisao_pendente"
"BA","2929404","São Miguel das Matas","brasao","nao_encontrado"
"BA","2929404","São Miguel das Matas","bandeira","revisao_pendente"
"BA","2929503","São Sebastião do Passé","brasao","revisao_pendente"
"BA","2929503","São Sebastião do Passé","bandeira","revisao_pendente"
"BA","2929602","Sapeaçu","brasao","revisao_pendente"
"BA","2929602","Sapeaçu","bandeira","revisao_pendente"
"BA","2929701","Sátiro Dias","brasao","revisao_pendente"
"BA","2929701","Sátiro Dias","bandeira","revisao_pendente"
"BA","2929750","Saubara","brasao","nao_encontrado"
"BA","2929750","Saubara","bandeira","revisao_pendente"
"BA","2929800","Saúde","brasao","revisao_pendente"
"BA","2929800","Saúde","bandeira","rejeitado"
"BA","2929909","Seabra","brasao","revisao_pendente"
"BA","2929909","Seabra","bandeira","revisao_pendente"
"BA","2930006","Sebastião Laranjeiras","brasao","revisao_pendente"
"BA","2930006","Sebastião Laranjeiras","bandeira","revisao_pendente"
"BA","2930105","Senhor do Bonfim","brasao","revisao_pendente"
"BA","2930105","Senhor do Bonfim","bandeira","revisao_pendente"
"BA","2930154","Serra do Ramalho","brasao","revisao_pendente"
"BA","2930154","Serra do Ramalho","bandeira","revisao_pendente"
"BA","2930204","Sento Sé","brasao","revisao_pendente"
"BA","2930204","Sento Sé","bandeira","revisao_pendente"
"BA","2930303","Serra Dourada","brasao","revisao_pendente"
"BA","2930303","Serra Dourada","bandeira","revisao_pendente"
"BA","2930402","Serra Preta","brasao","revisao_pendente"
"BA","2930402","Serra Preta","bandeira","revisao_pendente"
"BA","2930501","Serrinha","brasao","revisao_pendente"
"BA","2930501","Serrinha","bandeira","revisao_pendente"
"BA","2930600","Serrolândia","brasao","revisao_pendente"
"BA","2930600","Serrolândia","bandeira","revisao_pendente"
"BA","2930709","Simões Filho","brasao","revisao_pendente"
"BA","2930709","Simões Filho","bandeira","revisao_pendente"
"BA","2930758","Sítio do Mato","brasao","nao_encontrado"
"BA","2930758","Sítio do Mato","bandeira","revisao_pendente"
"BA","2930766","Sítio do Quinto","brasao","revisao_pendente"
"BA","2930766","Sítio do Quinto","bandeira","revisao_pendente"
"BA","2930774","Sobradinho","brasao","revisao_pendente"
"BA","2930774","Sobradinho","bandeira","revisao_pendente"
"BA","2930808","Souto Soares","brasao","revisao_pendente"
"BA","2930808","Souto Soares","bandeira","revisao_pendente"
"BA","2930907","Tabocas do Brejo Velho","brasao","revisao_pendente"
"BA","2930907","Tabocas do Brejo Velho","bandeira","revisao_pendente"
"BA","2931004","Tanhaçu","brasao","revisao_pendente"
"BA","2931004","Tanhaçu","bandeira","revisao_pendente"
"BA","2931053","Tanque Novo","brasao","revisao_pendente"
"BA","2931053","Tanque Novo","bandeira","revisao_pendente"
"BA","2931103","Tanquinho","brasao","revisao_pendente"
"BA","2931103","Tanquinho","bandeira","revisao_pendente"
"BA","2931202","Taperoá","brasao","nao_encontrado"
"BA","2931202","Taperoá","bandeira","revisao_pendente"
"BA","2931301","Tapiramutá","brasao","revisao_pendente"
"BA","2931301","Tapiramutá","bandeira","revisao_pendente"
"BA","2931350","Teixeira de Freitas","brasao","revisao_pendente"
"BA","2931350","Teixeira de Freitas","bandeira","revisao_pendente"
"BA","2931400","Teodoro Sampaio","brasao","nao_encontrado"
"BA","2931400","Teodoro Sampaio","bandeira","revisao_pendente"
"BA","2931509","Teofilândia","brasao","revisao_pendente"
"BA","2931509","Teofilândia","bandeira","revisao_pendente"
"BA","2931608","Teolândia","brasao","revisao_pendente"
"BA","2931608","Teolândia","bandeira","revisao_pendente"
"BA","2931707","Terra Nova","brasao","revisao_pendente"
"BA","2931707","Terra Nova","bandeira","revisao_pendente"
"BA","2931806","Tremedal","brasao","revisao_pendente"
"BA","2931806","Tremedal","bandeira","revisao_pendente"
"BA","2931905","Tucano","brasao","revisao_pendente"
"BA","2931905","Tucano","bandeira","revisao_pendente"
"BA","2932002","Uauá","brasao","revisao_pendente"
"BA","2932002","Uauá","bandeira","revisao_pendente"
"BA","2932101","Ubaíra","brasao","revisao_pendente"
"BA","2932101","Ubaíra","bandeira","revisao_pendente"
"BA","2932200","Ubaitaba","brasao","revisao_pendente"
"BA","2932200","Ubaitaba","bandeira","revisao_pendente"
"BA","2932309","Ubatã","brasao","revisao_pendente"
"BA","2932309","Ubatã","bandeira","revisao_pendente"
"BA","2932408","Uibaí","brasao","revisao_pendente"
"BA","2932408","Uibaí","bandeira","rejeitado"
"BA","2932457","Umburanas","brasao","revisao_pendente"
"BA","2932457","Umburanas","bandeira","revisao_pendente"
"BA","2932507","Una","brasao","revisao_pendente"
"BA","2932507","Una","bandeira","revisao_pendente"
"BA","2932606","Urandi","brasao","revisao_pendente"
"BA","2932606","Urandi","bandeira","revisao_pendente"
"BA","2932705","Uruçuca","brasao","revisao_pendente"
"BA","2932705","Uruçuca","bandeira","revisao_pendente"
"BA","2932804","Utinga","brasao","revisao_pendente"
"BA","2932804","Utinga","bandeira","revisao_pendente"
"BA","2932903","Valença","brasao","revisao_pendente"
"BA","2932903","Valença","bandeira","revisao_pendente"
"BA","2933000","Valente","brasao","revisao_pendente"
"BA","2933000","Valente","bandeira","revisao_pendente"
"BA","2933059","Várzea da Roça","brasao","revisao_pendente"
"BA","2933059","Várzea da Roça","bandeira","revisao_pendente"
"BA","2933109","Várzea do Poço","brasao","nao_encontrado"
"BA","2933109","Várzea do Poço","bandeira","revisao_pendente"
"BA","2933158","Várzea Nova","brasao","rejeitado"
"BA","2933158","Várzea Nova","bandeira","revisao_pendente"
"BA","2933174","Varzedo","brasao","revisao_pendente"
"BA","2933174","Varzedo","bandeira","revisao_pendente"
"BA","2933208","Vera Cruz","brasao","revisao_pendente"
"BA","2933208","Vera Cruz","bandeira","revisao_pendente"
"BA","2933257","Vereda","brasao","revisao_pendente"
"BA","2933257","Vereda","bandeira","revisao_pendente"
"BA","2933307","Vitória da Conquista","brasao","revisao_pendente"
"BA","2933307","Vitória da Conquista","bandeira","revisao_pendente"
"BA","2933406","Wagner","brasao","nao_encontrado"
"BA","2933406","Wagner","bandeira","revisao_pendente"
"BA","2933455","Wanderley","brasao","revisao_pendente"
"BA","2933455","Wanderley","bandeira","revisao_pendente"
"BA","2933505","Wenceslau Guimarães","brasao","revisao_pendente"
"BA","2933505","Wenceslau Guimarães","bandeira","revisao_pendente"
"BA","2933604","Xique-Xique","brasao","revisao_pendente"
"BA","2933604","Xique-Xique","bandeira","revisao_pendente"
"MG","3100104","Abadia dos Dourados","brasao","revisao_pendente"
"MG","3100104","Abadia dos Dourados","bandeira","revisao_pendente"
"MG","3100203","Abaeté","brasao","revisao_pendente"
"MG","3100203","Abaeté","bandeira","revisao_pendente"
"MG","3100302","Abre Campo","brasao","revisao_pendente"
"MG","3100302","Abre Campo","bandeira","revisao_pendente"
"MG","3100401","Acaiaca","brasao","revisao_pendente"
"MG","3100401","Acaiaca","bandeira","revisao_pendente"
"MG","3100500","Açucena","brasao","revisao_pendente"
"MG","3100500","Açucena","bandeira","revisao_pendente"
"MG","3100609","Água Boa","brasao","revisao_pendente"
"MG","3100609","Água Boa","bandeira","revisao_pendente"
"MG","3100708","Água Comprida","brasao","revisao_pendente"
"MG","3100708","Água Comprida","bandeira","revisao_pendente"
"MG","3100807","Aguanil","brasao","revisao_pendente"
"MG","3100807","Aguanil","bandeira","revisao_pendente"
"MG","3100906","Águas Formosas","brasao","revisao_pendente"
"MG","3100906","Águas Formosas","bandeira","revisao_pendente"
"MG","3101003","Águas Vermelhas","brasao","revisao_pendente"
"MG","3101003","Águas Vermelhas","bandeira","revisao_pendente"
"MG","3101102","Aimorés","brasao","revisao_pendente"
"MG","3101102","Aimorés","bandeira","revisao_pendente"
"MG","3101201","Aiuruoca","brasao","revisao_pendente"
"MG","3101201","Aiuruoca","bandeira","revisao_pendente"
"MG","3101300","Alagoa","brasao","revisao_pendente"
"MG","3101300","Alagoa","bandeira","revisao_pendente"
"MG","3101409","Albertina","brasao","revisao_pendente"
"MG","3101409","Albertina","bandeira","revisao_pendente"
"MG","3101508","Além Paraíba","brasao","revisao_pendente"
"MG","3101508","Além Paraíba","bandeira","revisao_pendente"
"MG","3101607","Alfenas","brasao","revisao_pendente"
"MG","3101607","Alfenas","bandeira","revisao_pendente"
"MG","3101631","Alfredo Vasconcelos","brasao","revisao_pendente"
"MG","3101631","Alfredo Vasconcelos","bandeira","revisao_pendente"
"MG","3101706","Almenara","brasao","revisao_pendente"
"MG","3101706","Almenara","bandeira","revisao_pendente"
"MG","3101805","Alpercata","brasao","revisao_pendente"
"MG","3101805","Alpercata","bandeira","revisao_pendente"
"MG","3101904","Alpinópolis","brasao","revisao_pendente"
"MG","3101904","Alpinópolis","bandeira","revisao_pendente"
"MG","3102001","Alterosa","brasao","revisao_pendente"
"MG","3102001","Alterosa","bandeira","revisao_pendente"
"MG","3102050","Alto Caparaó","brasao","revisao_pendente"
"MG","3102050","Alto Caparaó","bandeira","revisao_pendente"
"MG","3102100","Alto Rio Doce","brasao","revisao_pendente"
"MG","3102100","Alto Rio Doce","bandeira","revisao_pendente"
"MG","3102209","Alvarenga","brasao","revisao_pendente"
"MG","3102209","Alvarenga","bandeira","revisao_pendente"
"MG","3102308","Alvinópolis","brasao","revisao_pendente"
"MG","3102308","Alvinópolis","bandeira","revisao_pendente"
"MG","3102407","Alvorada de Minas","brasao","revisao_pendente"
"MG","3102407","Alvorada de Minas","bandeira","revisao_pendente"
"MG","3102506","Amparo do Serra","brasao","revisao_pendente"
"MG","3102506","Amparo do Serra","bandeira","revisao_pendente"
"MG","3102605","Andradas","brasao","revisao_pendente"
"MG","3102605","Andradas","bandeira","revisao_pendente"
"MG","3102704","Cachoeira de Pajeú","brasao","nao_encontrado"
"MG","3102704","Cachoeira de Pajeú","bandeira","revisao_pendente"
"MG","3102803","Andrelândia","brasao","revisao_pendente"
"MG","3102803","Andrelândia","bandeira","revisao_pendente"
"MG","3102852","Angelândia","brasao","revisao_pendente"
"MG","3102852","Angelândia","bandeira","revisao_pendente"
"MG","3102902","Antônio Carlos","brasao","revisao_pendente"
"MG","3102902","Antônio Carlos","bandeira","revisao_pendente"
"MG","3103009","Antônio Dias","brasao","revisao_pendente"
"MG","3103009","Antônio Dias","bandeira","revisao_pendente"
"MG","3103108","Antônio Prado de Minas","brasao","revisao_pendente"
"MG","3103108","Antônio Prado de Minas","bandeira","revisao_pendente"
"MG","3103207","Araçaí","brasao","revisao_pendente"
"MG","3103207","Araçaí","bandeira","revisao_pendente"
"MG","3103306","Aracitaba","brasao","revisao_pendente"
"MG","3103306","Aracitaba","bandeira","revisao_pendente"
"MG","3103405","Araçuaí","brasao","revisao_pendente"
"MG","3103405","Araçuaí","bandeira","revisao_pendente"
"MG","3103504","Araguari","brasao","revisao_pendente"
"MG","3103504","Araguari","bandeira","revisao_pendente"
"MG","3103603","Arantina","brasao","revisao_pendente"
"MG","3103603","Arantina","bandeira","revisao_pendente"
"MG","3103702","Araponga","brasao","revisao_pendente"
"MG","3103702","Araponga","bandeira","revisao_pendente"
"MG","3103751","Araporã","brasao","revisao_pendente"
"MG","3103751","Araporã","bandeira","revisao_pendente"
"MG","3103801","Arapuá","brasao","revisao_pendente"
"MG","3103801","Arapuá","bandeira","revisao_pendente"
"MG","3103900","Araújos","brasao","revisao_pendente"
"MG","3103900","Araújos","bandeira","revisao_pendente"
"MG","3104007","Araxá","brasao","revisao_pendente"
"MG","3104007","Araxá","bandeira","revisao_pendente"
"MG","3104106","Arceburgo","brasao","revisao_pendente"
"MG","3104106","Arceburgo","bandeira","revisao_pendente"
"MG","3104205","Arcos","brasao","revisao_pendente"
"MG","3104205","Arcos","bandeira","revisao_pendente"
"MG","3104304","Areado","brasao","revisao_pendente"
"MG","3104304","Areado","bandeira","revisao_pendente"
"MG","3104403","Argirita","brasao","revisao_pendente"
"MG","3104403","Argirita","bandeira","revisao_pendente"
"MG","3104452","Aricanduva","brasao","revisao_pendente"
"MG","3104452","Aricanduva","bandeira","revisao_pendente"
"MG","3104502","Arinos","brasao","revisao_pendente"
"MG","3104502","Arinos","bandeira","revisao_pendente"
"MG","3104601","Astolfo Dutra","brasao","revisao_pendente"
"MG","3104601","Astolfo Dutra","bandeira","revisao_pendente"
"MG","3104700","Ataléia","brasao","revisao_pendente"
"MG","3104700","Ataléia","bandeira","revisao_pendente"
"MG","3104809","Augusto de Lima","brasao","revisao_pendente"
"MG","3104809","Augusto de Lima","bandeira","revisao_pendente"
"MG","3104908","Baependi","brasao","revisao_pendente"
"MG","3104908","Baependi","bandeira","revisao_pendente"
"MG","3105004","Baldim","brasao","revisao_pendente"
"MG","3105004","Baldim","bandeira","revisao_pendente"
"MG","3105103","Bambuí","brasao","revisao_pendente"
"MG","3105103","Bambuí","bandeira","revisao_pendente"
"MG","3105202","Bandeira","brasao","revisao_pendente"
"MG","3105202","Bandeira","bandeira","revisao_pendente"
"MG","3105301","Bandeira do Sul","brasao","revisao_pendente"
"MG","3105301","Bandeira do Sul","bandeira","revisao_pendente"
"MG","3105400","Barão de Cocais","brasao","revisao_pendente"
"MG","3105400","Barão de Cocais","bandeira","revisao_pendente"
"MG","3105509","Barão do Monte Alto","brasao","revisao_pendente"
"MG","3105509","Barão do Monte Alto","bandeira","revisao_pendente"
"MG","3105608","Barbacena","brasao","revisao_pendente"
"MG","3105608","Barbacena","bandeira","revisao_pendente"
"MG","3105707","Barra Longa","brasao","revisao_pendente"
"MG","3105707","Barra Longa","bandeira","revisao_pendente"
"MG","3105905","Barroso","brasao","revisao_pendente"
"MG","3105905","Barroso","bandeira","revisao_pendente"
"MG","3106002","Bela Vista de Minas","brasao","revisao_pendente"
"MG","3106002","Bela Vista de Minas","bandeira","revisao_pendente"
"MG","3106101","Belmiro Braga","brasao","revisao_pendente"
"MG","3106101","Belmiro Braga","bandeira","revisao_pendente"
"MG","3106200","Belo Horizonte","brasao","revisao_pendente"
"MG","3106200","Belo Horizonte","bandeira","revisao_pendente"
"MG","3106309","Belo Oriente","brasao","revisao_pendente"
"MG","3106309","Belo Oriente","bandeira","revisao_pendente"
"MG","3106408","Belo Vale","brasao","revisao_pendente"
"MG","3106408","Belo Vale","bandeira","revisao_pendente"
"MG","3106507","Berilo","brasao","revisao_pendente"
"MG","3106507","Berilo","bandeira","revisao_pendente"
"MG","3106606","Bertópolis","brasao","revisao_pendente"
"MG","3106606","Bertópolis","bandeira","revisao_pendente"
"MG","3106655","Berizal","brasao","revisao_pendente"
"MG","3106655","Berizal","bandeira","revisao_pendente"
"MG","3106705","Betim","brasao","revisao_pendente"
"MG","3106705","Betim","bandeira","revisao_pendente"
"MG","3106804","Bias Fortes","brasao","revisao_pendente"
"MG","3106804","Bias Fortes","bandeira","revisao_pendente"
"MG","3106903","Bicas","brasao","revisao_pendente"
"MG","3106903","Bicas","bandeira","revisao_pendente"
"MG","3107000","Biquinhas","brasao","revisao_pendente"
"MG","3107000","Biquinhas","bandeira","revisao_pendente"
"MG","3107109","Boa Esperança","brasao","revisao_pendente"
"MG","3107109","Boa Esperança","bandeira","revisao_pendente"
"MG","3107208","Bocaina de Minas","brasao","revisao_pendente"
"MG","3107208","Bocaina de Minas","bandeira","revisao_pendente"
"MG","3107307","Bocaiúva","brasao","revisao_pendente"
"MG","3107307","Bocaiúva","bandeira","revisao_pendente"
"MG","3107406","Bom Despacho","brasao","revisao_pendente"
"MG","3107406","Bom Despacho","bandeira","revisao_pendente"
"MG","3107505","Bom Jardim de Minas","brasao","revisao_pendente"
"MG","3107505","Bom Jardim de Minas","bandeira","revisao_pendente"
"MG","3107604","Bom Jesus da Penha","brasao","revisao_pendente"
"MG","3107604","Bom Jesus da Penha","bandeira","revisao_pendente"
"MG","3107703","Bom Jesus do Amparo","brasao","revisao_pendente"
"MG","3107703","Bom Jesus do Amparo","bandeira","revisao_pendente"
"MG","3107802","Bom Jesus do Galho","brasao","revisao_pendente"
"MG","3107802","Bom Jesus do Galho","bandeira","revisao_pendente"
"MG","3107901","Bom Repouso","brasao","revisao_pendente"
"MG","3107901","Bom Repouso","bandeira","revisao_pendente"
"MG","3108008","Bom Sucesso","brasao","revisao_pendente"
"MG","3108008","Bom Sucesso","bandeira","revisao_pendente"
"MG","3108107","Bonfim","brasao","revisao_pendente"
"MG","3108107","Bonfim","bandeira","revisao_pendente"
"MG","3108206","Bonfinópolis de Minas","brasao","revisao_pendente"
"MG","3108206","Bonfinópolis de Minas","bandeira","revisao_pendente"
"MG","3108255","Bonito de Minas","brasao","revisao_pendente"
"MG","3108255","Bonito de Minas","bandeira","rejeitado"
"MG","3108305","Borda da Mata","brasao","revisao_pendente"
"MG","3108305","Borda da Mata","bandeira","revisao_pendente"
"MG","3108404","Botelhos","brasao","revisao_pendente"
"MG","3108404","Botelhos","bandeira","revisao_pendente"
"MG","3108503","Botumirim","brasao","revisao_pendente"
"MG","3108503","Botumirim","bandeira","revisao_pendente"
"MG","3108552","Brasilândia de Minas","brasao","revisao_pendente"
"MG","3108552","Brasilândia de Minas","bandeira","revisao_pendente"
"MG","3108602","Brasília de Minas","brasao","revisao_pendente"
"MG","3108602","Brasília de Minas","bandeira","revisao_pendente"
"MG","3108701","Brás Pires","brasao","revisao_pendente"
"MG","3108701","Brás Pires","bandeira","revisao_pendente"
"MG","3108800","Braúnas","brasao","revisao_pendente"
"MG","3108800","Braúnas","bandeira","revisao_pendente"
"MG","3108909","Brazópolis","brasao","revisao_pendente"
"MG","3108909","Brazópolis","bandeira","revisao_pendente"
"MG","3109006","Brumadinho","brasao","revisao_pendente"
"MG","3109006","Brumadinho","bandeira","revisao_pendente"
"MG","3109105","Bueno Brandão","brasao","revisao_pendente"
"MG","3109105","Bueno Brandão","bandeira","revisao_pendente"
"MG","3109204","Buenópolis","brasao","revisao_pendente"
"MG","3109204","Buenópolis","bandeira","revisao_pendente"
"MG","3109253","Bugre","brasao","revisao_pendente"
"MG","3109253","Bugre","bandeira","revisao_pendente"
"MG","3109303","Buritis","brasao","revisao_pendente"
"MG","3109303","Buritis","bandeira","revisao_pendente"
"MG","3109402","Buritizeiro","brasao","revisao_pendente"
"MG","3109402","Buritizeiro","bandeira","revisao_pendente"
"MG","3109451","Cabeceira Grande","brasao","revisao_pendente"
"MG","3109451","Cabeceira Grande","bandeira","revisao_pendente"
"MG","3109501","Cabo Verde","brasao","revisao_pendente"
"MG","3109501","Cabo Verde","bandeira","revisao_pendente"
"MG","3109600","Cachoeira da Prata","brasao","revisao_pendente"
"MG","3109600","Cachoeira da Prata","bandeira","revisao_pendente"
"MG","3109709","Cachoeira de Minas","brasao","revisao_pendente"
"MG","3109709","Cachoeira de Minas","bandeira","revisao_pendente"
"MG","3109808","Cachoeira Dourada","brasao","revisao_pendente"
"MG","3109808","Cachoeira Dourada","bandeira","revisao_pendente"
"MG","3109907","Caetanópolis","brasao","revisao_pendente"
"MG","3109907","Caetanópolis","bandeira","revisao_pendente"
"MG","3110004","Caeté","brasao","revisao_pendente"
"MG","3110004","Caeté","bandeira","revisao_pendente"
"MG","3110103","Caiana","brasao","revisao_pendente"
"MG","3110103","Caiana","bandeira","revisao_pendente"
"MG","3110202","Cajuri","brasao","revisao_pendente"
"MG","3110202","Cajuri","bandeira","revisao_pendente"
"MG","3110301","Caldas","brasao","revisao_pendente"
"MG","3110301","Caldas","bandeira","revisao_pendente"
"MG","3110400","Camacho","brasao","revisao_pendente"
"MG","3110400","Camacho","bandeira","revisao_pendente"
"MG","3110509","Camanducaia","brasao","revisao_pendente"
"MG","3110509","Camanducaia","bandeira","revisao_pendente"
"MG","3110608","Cambuí","brasao","revisao_pendente"
"MG","3110608","Cambuí","bandeira","revisao_pendente"
"MG","3110707","Cambuquira","brasao","revisao_pendente"
"MG","3110707","Cambuquira","bandeira","revisao_pendente"
"MG","3110806","Campanário","brasao","revisao_pendente"
"MG","3110806","Campanário","bandeira","revisao_pendente"
"MG","3110905","Campanha","brasao","revisao_pendente"
"MG","3110905","Campanha","bandeira","revisao_pendente"
"MG","3111002","Campestre","brasao","revisao_pendente"
"MG","3111002","Campestre","bandeira","revisao_pendente"
"MG","3111101","Campina Verde","brasao","revisao_pendente"
"MG","3111101","Campina Verde","bandeira","revisao_pendente"
"MG","3111150","Campo Azul","brasao","revisao_pendente"
"MG","3111150","Campo Azul","bandeira","revisao_pendente"
"MG","3111200","Campo Belo","brasao","revisao_pendente"
"MG","3111200","Campo Belo","bandeira","revisao_pendente"
"MG","3111309","Campo do Meio","brasao","revisao_pendente"
"MG","3111309","Campo do Meio","bandeira","revisao_pendente"
"MG","3111408","Campo Florido","brasao","revisao_pendente"
"MG","3111408","Campo Florido","bandeira","revisao_pendente"
"MG","3111507","Campos Altos","brasao","revisao_pendente"
"MG","3111507","Campos Altos","bandeira","revisao_pendente"
"MG","3111606","Campos Gerais","brasao","revisao_pendente"
"MG","3111606","Campos Gerais","bandeira","revisao_pendente"
"MG","3111705","Canaã","brasao","revisao_pendente"
"MG","3111705","Canaã","bandeira","revisao_pendente"
"MG","3111804","Canápolis","brasao","revisao_pendente"
"MG","3111804","Canápolis","bandeira","revisao_pendente"
"MG","3111903","Cana Verde","brasao","revisao_pendente"
"MG","3111903","Cana Verde","bandeira","revisao_pendente"
"MG","3112000","Candeias","brasao","revisao_pendente"
"MG","3112000","Candeias","bandeira","revisao_pendente"
"MG","3112059","Cantagalo","brasao","revisao_pendente"
"MG","3112059","Cantagalo","bandeira","revisao_pendente"
"MG","3112109","Caparaó","brasao","revisao_pendente"
"MG","3112109","Caparaó","bandeira","revisao_pendente"
"MG","3112208","Capela Nova","brasao","revisao_pendente"
"MG","3112208","Capela Nova","bandeira","revisao_pendente"
"MG","3112307","Capelinha","brasao","revisao_pendente"
"MG","3112307","Capelinha","bandeira","revisao_pendente"
"MG","3112406","Capetinga","brasao","revisao_pendente"
"MG","3112406","Capetinga","bandeira","revisao_pendente"
"MG","3112505","Capim Branco","brasao","revisao_pendente"
"MG","3112505","Capim Branco","bandeira","revisao_pendente"
"MG","3112604","Capinópolis","brasao","revisao_pendente"
"MG","3112604","Capinópolis","bandeira","revisao_pendente"
"MG","3112653","Capitão Andrade","brasao","revisao_pendente"
"MG","3112653","Capitão Andrade","bandeira","revisao_pendente"
"MG","3112703","Capitão Enéas","brasao","revisao_pendente"
"MG","3112703","Capitão Enéas","bandeira","revisao_pendente"
"MG","3112802","Capitólio","brasao","revisao_pendente"
"MG","3112802","Capitólio","bandeira","revisao_pendente"
"MG","3112901","Caputira","brasao","revisao_pendente"
"MG","3112901","Caputira","bandeira","revisao_pendente"
"MG","3113008","Caraí","brasao","revisao_pendente"
"MG","3113008","Caraí","bandeira","revisao_pendente"
"MG","3113107","Caranaíba","brasao","revisao_pendente"
"MG","3113107","Caranaíba","bandeira","revisao_pendente"
"MG","3113206","Carandaí","brasao","revisao_pendente"
"MG","3113206","Carandaí","bandeira","revisao_pendente"
"MG","3113305","Carangola","brasao","revisao_pendente"
"MG","3113305","Carangola","bandeira","revisao_pendente"
"MG","3113404","Caratinga","brasao","revisao_pendente"
"MG","3113404","Caratinga","bandeira","revisao_pendente"
"MG","3113503","Carbonita","brasao","revisao_pendente"
"MG","3113503","Carbonita","bandeira","revisao_pendente"
"MG","3113602","Careaçu","brasao","revisao_pendente"
"MG","3113602","Careaçu","bandeira","revisao_pendente"
"MG","3113701","Carlos Chagas","brasao","revisao_pendente"
"MG","3113701","Carlos Chagas","bandeira","revisao_pendente"
"MG","3113800","Carmésia","brasao","revisao_pendente"
"MG","3113800","Carmésia","bandeira","revisao_pendente"
"MG","3113909","Carmo da Cachoeira","brasao","revisao_pendente"
"MG","3113909","Carmo da Cachoeira","bandeira","revisao_pendente"
"MG","3114006","Carmo da Mata","brasao","revisao_pendente"
"MG","3114006","Carmo da Mata","bandeira","revisao_pendente"
"MG","3114105","Carmo de Minas","brasao","revisao_pendente"
"MG","3114105","Carmo de Minas","bandeira","revisao_pendente"
"MG","3114204","Carmo do Cajuru","brasao","revisao_pendente"
"MG","3114204","Carmo do Cajuru","bandeira","revisao_pendente"
"MG","3114303","Carmo do Paranaíba","brasao","revisao_pendente"
"MG","3114303","Carmo do Paranaíba","bandeira","revisao_pendente"
"MG","3114402","Carmo do Rio Claro","brasao","revisao_pendente"
"MG","3114402","Carmo do Rio Claro","bandeira","revisao_pendente"
"MG","3114501","Carmópolis de Minas","brasao","revisao_pendente"
"MG","3114501","Carmópolis de Minas","bandeira","revisao_pendente"
"MG","3114550","Carneirinho","brasao","revisao_pendente"
"MG","3114550","Carneirinho","bandeira","revisao_pendente"
"MG","3114600","Carrancas","brasao","nao_encontrado"
"MG","3114600","Carrancas","bandeira","nao_encontrado"
"MG","3114709","Carvalhópolis","brasao","revisao_pendente"
"MG","3114709","Carvalhópolis","bandeira","revisao_pendente"
"MG","3114808","Carvalhos","brasao","revisao_pendente"
"MG","3114808","Carvalhos","bandeira","revisao_pendente"
"MG","3114907","Casa Grande","brasao","revisao_pendente"
"MG","3114907","Casa Grande","bandeira","revisao_pendente"
"MG","3115003","Cascalho Rico","brasao","revisao_pendente"
"MG","3115003","Cascalho Rico","bandeira","revisao_pendente"
"MG","3115102","Cássia","brasao","rejeitado"
"MG","3115102","Cássia","bandeira","revisao_pendente"
"MG","3115201","Conceição da Barra de Minas","brasao","revisao_pendente"
"MG","3115201","Conceição da Barra de Minas","bandeira","revisao_pendente"
"MG","3115300","Cataguases","brasao","revisao_pendente"
"MG","3115300","Cataguases","bandeira","revisao_pendente"
"MG","3115359","Catas Altas","brasao","revisao_pendente"
"MG","3115359","Catas Altas","bandeira","revisao_pendente"
"MG","3115409","Catas Altas da Noruega","brasao","revisao_pendente"
"MG","3115409","Catas Altas da Noruega","bandeira","revisao_pendente"
"MG","3115458","Catuji","brasao","revisao_pendente"
"MG","3115458","Catuji","bandeira","revisao_pendente"
"MG","3115474","Catuti","brasao","revisao_pendente"
"MG","3115474","Catuti","bandeira","revisao_pendente"
"MG","3115508","Caxambu","brasao","revisao_pendente"
"MG","3115508","Caxambu","bandeira","revisao_pendente"
"MG","3115607","Cedro do Abaeté","brasao","revisao_pendente"
"MG","3115607","Cedro do Abaeté","bandeira","revisao_pendente"
"MG","3115706","Central de Minas","brasao","revisao_pendente"
"MG","3115706","Central de Minas","bandeira","revisao_pendente"
"MG","3115805","Centralina","brasao","revisao_pendente"
"MG","3115805","Centralina","bandeira","revisao_pendente"
"MG","3115904","Chácara","brasao","revisao_pendente"
"MG","3115904","Chácara","bandeira","revisao_pendente"
"MG","3116001","Chalé","brasao","revisao_pendente"
"MG","3116001","Chalé","bandeira","revisao_pendente"
"MG","3116100","Chapada do Norte","brasao","revisao_pendente"
"MG","3116100","Chapada do Norte","bandeira","revisao_pendente"
"MG","3116159","Chapada Gaúcha","brasao","revisao_pendente"
"MG","3116159","Chapada Gaúcha","bandeira","revisao_pendente"
"MG","3116209","Chiador","brasao","revisao_pendente"
"MG","3116209","Chiador","bandeira","revisao_pendente"
"MG","3116308","Cipotânea","brasao","revisao_pendente"
"MG","3116308","Cipotânea","bandeira","revisao_pendente"
"MG","3116407","Claraval","brasao","revisao_pendente"
"MG","3116407","Claraval","bandeira","revisao_pendente"
"MG","3116506","Claro dos Poções","brasao","nao_encontrado"
"MG","3116506","Claro dos Poções","bandeira","revisao_pendente"
"MG","3116605","Cláudio","brasao","revisao_pendente"
"MG","3116605","Cláudio","bandeira","revisao_pendente"
"MG","3116704","Coimbra","brasao","revisao_pendente"
"MG","3116704","Coimbra","bandeira","revisao_pendente"
"MG","3116803","Coluna","brasao","revisao_pendente"
"MG","3116803","Coluna","bandeira","revisao_pendente"
"MG","3116902","Comendador Gomes","brasao","revisao_pendente"
"MG","3116902","Comendador Gomes","bandeira","revisao_pendente"
"MG","3117009","Comercinho","brasao","revisao_pendente"
"MG","3117009","Comercinho","bandeira","revisao_pendente"
"MG","3117108","Conceição da Aparecida","brasao","revisao_pendente"
"MG","3117108","Conceição da Aparecida","bandeira","revisao_pendente"
"MG","3117207","Conceição das Pedras","brasao","revisao_pendente"
"MG","3117207","Conceição das Pedras","bandeira","revisao_pendente"
"MG","3117306","Conceição das Alagoas","brasao","revisao_pendente"
"MG","3117306","Conceição das Alagoas","bandeira","revisao_pendente"
"MG","3117405","Conceição de Ipanema","brasao","revisao_pendente"
"MG","3117405","Conceição de Ipanema","bandeira","revisao_pendente"
"MG","3117504","Conceição do Mato Dentro","brasao","revisao_pendente"
"MG","3117504","Conceição do Mato Dentro","bandeira","revisao_pendente"
"MG","3117603","Conceição do Pará","brasao","revisao_pendente"
"MG","3117603","Conceição do Pará","bandeira","revisao_pendente"
"MG","3117702","Conceição do Rio Verde","brasao","revisao_pendente"
"MG","3117702","Conceição do Rio Verde","bandeira","revisao_pendente"
"MG","3117801","Conceição dos Ouros","brasao","revisao_pendente"
"MG","3117801","Conceição dos Ouros","bandeira","revisao_pendente"
"MG","3117836","Cônego Marinho","brasao","revisao_pendente"
"MG","3117836","Cônego Marinho","bandeira","revisao_pendente"
"MG","3117876","Confins","brasao","revisao_pendente"
"MG","3117876","Confins","bandeira","revisao_pendente"
"MG","3117900","Congonhal","brasao","revisao_pendente"
"MG","3117900","Congonhal","bandeira","revisao_pendente"
"MG","3118007","Congonhas","brasao","revisao_pendente"
"MG","3118007","Congonhas","bandeira","revisao_pendente"
"MG","3118106","Congonhas do Norte","brasao","revisao_pendente"
"MG","3118106","Congonhas do Norte","bandeira","revisao_pendente"
"MG","3118205","Conquista","brasao","revisao_pendente"
"MG","3118205","Conquista","bandeira","revisao_pendente"
"MG","3118304","Conselheiro Lafaiete","brasao","revisao_pendente"
"MG","3118304","Conselheiro Lafaiete","bandeira","revisao_pendente"
"MG","3118403","Conselheiro Pena","brasao","revisao_pendente"
"MG","3118403","Conselheiro Pena","bandeira","revisao_pendente"
"MG","3118502","Consolação","brasao","revisao_pendente"
"MG","3118502","Consolação","bandeira","revisao_pendente"
"MG","3118601","Contagem","brasao","revisao_pendente"
"MG","3118601","Contagem","bandeira","revisao_pendente"
"MG","3118700","Coqueiral","brasao","revisao_pendente"
"MG","3118700","Coqueiral","bandeira","revisao_pendente"
"MG","3118809","Coração de Jesus","brasao","revisao_pendente"
"MG","3118809","Coração de Jesus","bandeira","revisao_pendente"
"MG","3118908","Cordisburgo","brasao","revisao_pendente"
"MG","3118908","Cordisburgo","bandeira","revisao_pendente"
"MG","3119005","Cordislândia","brasao","revisao_pendente"
"MG","3119005","Cordislândia","bandeira","revisao_pendente"
"MG","3119104","Corinto","brasao","revisao_pendente"
"MG","3119104","Corinto","bandeira","revisao_pendente"
"MG","3119203","Coroaci","brasao","revisao_pendente"
"MG","3119203","Coroaci","bandeira","revisao_pendente"
"MG","3119302","Coromandel","brasao","revisao_pendente"
"MG","3119302","Coromandel","bandeira","revisao_pendente"
"MG","3119401","Coronel Fabriciano","brasao","revisao_pendente"
"MG","3119401","Coronel Fabriciano","bandeira","revisao_pendente"
"MG","3119500","Coronel Murta","brasao","revisao_pendente"
"MG","3119500","Coronel Murta","bandeira","revisao_pendente"
"MG","3119609","Coronel Pacheco","brasao","revisao_pendente"
"MG","3119609","Coronel Pacheco","bandeira","revisao_pendente"
"MG","3119708","Coronel Xavier Chaves","brasao","revisao_pendente"
"MG","3119708","Coronel Xavier Chaves","bandeira","revisao_pendente"
"MG","3119807","Córrego Danta","brasao","revisao_pendente"
"MG","3119807","Córrego Danta","bandeira","revisao_pendente"
"MG","3119906","Córrego do Bom Jesus","brasao","revisao_pendente"
"MG","3119906","Córrego do Bom Jesus","bandeira","revisao_pendente"
"MG","3119955","Córrego Fundo","brasao","revisao_pendente"
"MG","3119955","Córrego Fundo","bandeira","revisao_pendente"
"MG","3120003","Córrego Novo","brasao","revisao_pendente"
"MG","3120003","Córrego Novo","bandeira","revisao_pendente"
"MG","3120102","Couto de Magalhães de Minas","brasao","revisao_pendente"
"MG","3120102","Couto de Magalhães de Minas","bandeira","revisao_pendente"
"MG","3120151","Crisólita","brasao","revisao_pendente"
"MG","3120151","Crisólita","bandeira","revisao_pendente"
"MG","3120201","Cristais","brasao","revisao_pendente"
"MG","3120201","Cristais","bandeira","revisao_pendente"
"MG","3120300","Cristália","brasao","revisao_pendente"
"MG","3120300","Cristália","bandeira","revisao_pendente"
"MG","3120409","Cristiano Otoni","brasao","revisao_pendente"
"MG","3120409","Cristiano Otoni","bandeira","revisao_pendente"
"MG","3120508","Cristina","brasao","revisao_pendente"
"MG","3120508","Cristina","bandeira","nao_encontrado"
"MG","3120607","Crucilândia","brasao","revisao_pendente"
"MG","3120607","Crucilândia","bandeira","revisao_pendente"
"MG","3120706","Cruzeiro da Fortaleza","brasao","revisao_pendente"
"MG","3120706","Cruzeiro da Fortaleza","bandeira","revisao_pendente"
"MG","3120805","Cruzília","brasao","revisao_pendente"
"MG","3120805","Cruzília","bandeira","revisao_pendente"
"MG","3120839","Cuparaque","brasao","revisao_pendente"
"MG","3120839","Cuparaque","bandeira","revisao_pendente"
"MG","3120870","Curral de Dentro","brasao","revisao_pendente"
"MG","3120870","Curral de Dentro","bandeira","revisao_pendente"
"MG","3120904","Curvelo","brasao","revisao_pendente"
"MG","3120904","Curvelo","bandeira","revisao_pendente"
"MG","3121001","Datas","brasao","revisao_pendente"
"MG","3121001","Datas","bandeira","revisao_pendente"
"MG","3121100","Delfim Moreira","brasao","revisao_pendente"
"MG","3121100","Delfim Moreira","bandeira","revisao_pendente"
"MG","3121209","Delfinópolis","brasao","revisao_pendente"
"MG","3121209","Delfinópolis","bandeira","revisao_pendente"
"MG","3121258","Delta","brasao","revisao_pendente"
"MG","3121258","Delta","bandeira","revisao_pendente"
"MG","3121308","Descoberto","brasao","revisao_pendente"
"MG","3121308","Descoberto","bandeira","revisao_pendente"
"MG","3121407","Desterro de Entre Rios","brasao","revisao_pendente"
"MG","3121407","Desterro de Entre Rios","bandeira","revisao_pendente"
"MG","3121506","Desterro do Melo","brasao","revisao_pendente"
"MG","3121506","Desterro do Melo","bandeira","revisao_pendente"
"MG","3121605","Diamantina","brasao","revisao_pendente"
"MG","3121605","Diamantina","bandeira","revisao_pendente"
"MG","3121704","Diogo de Vasconcelos","brasao","revisao_pendente"
"MG","3121704","Diogo de Vasconcelos","bandeira","revisao_pendente"
"MG","3121803","Dionísio","brasao","revisao_pendente"
"MG","3121803","Dionísio","bandeira","revisao_pendente"
"MG","3121902","Divinésia","brasao","revisao_pendente"
"MG","3121902","Divinésia","bandeira","revisao_pendente"
"MG","3122009","Divino","brasao","revisao_pendente"
"MG","3122009","Divino","bandeira","revisao_pendente"
"MG","3122108","Divino das Laranjeiras","brasao","revisao_pendente"
"MG","3122108","Divino das Laranjeiras","bandeira","revisao_pendente"
"MG","3122207","Divinolândia de Minas","brasao","revisao_pendente"
"MG","3122207","Divinolândia de Minas","bandeira","revisao_pendente"
"MG","3122306","Divinópolis","brasao","revisao_pendente"
"MG","3122306","Divinópolis","bandeira","revisao_pendente"
"MG","3122355","Divisa Alegre","brasao","revisao_pendente"
"MG","3122355","Divisa Alegre","bandeira","revisao_pendente"
"MG","3122405","Divisa Nova","brasao","revisao_pendente"
"MG","3122405","Divisa Nova","bandeira","revisao_pendente"
"MG","3122454","Divisópolis","brasao","revisao_pendente"
"MG","3122454","Divisópolis","bandeira","revisao_pendente"
"MG","3122470","Dom Bosco","brasao","revisao_pendente"
"MG","3122470","Dom Bosco","bandeira","revisao_pendente"
"MG","3122504","Dom Cavati","brasao","revisao_pendente"
"MG","3122504","Dom Cavati","bandeira","revisao_pendente"
"MG","3122603","Dom Joaquim","brasao","revisao_pendente"
"MG","3122603","Dom Joaquim","bandeira","revisao_pendente"
"MG","3122702","Dom Silvério","brasao","revisao_pendente"
"MG","3122702","Dom Silvério","bandeira","revisao_pendente"
"MG","3122801","Dom Viçoso","brasao","revisao_pendente"
"MG","3122801","Dom Viçoso","bandeira","revisao_pendente"
"MG","3122900","Dona Euzébia","brasao","revisao_pendente"
"MG","3122900","Dona Euzébia","bandeira","revisao_pendente"
"MG","3123007","Dores de Campos","brasao","revisao_pendente"
"MG","3123007","Dores de Campos","bandeira","revisao_pendente"
"MG","3123106","Dores de Guanhães","brasao","revisao_pendente"
"MG","3123106","Dores de Guanhães","bandeira","revisao_pendente"
"MG","3123205","Dores do Indaiá","brasao","revisao_pendente"
"MG","3123205","Dores do Indaiá","bandeira","revisao_pendente"
"MG","3123304","Dores do Turvo","brasao","revisao_pendente"
"MG","3123304","Dores do Turvo","bandeira","revisao_pendente"
"MG","3123403","Doresópolis","brasao","revisao_pendente"
"MG","3123403","Doresópolis","bandeira","revisao_pendente"
"MG","3123502","Douradoquara","brasao","revisao_pendente"
"MG","3123502","Douradoquara","bandeira","revisao_pendente"
"MG","3123528","Durandé","brasao","revisao_pendente"
"MG","3123528","Durandé","bandeira","revisao_pendente"
"MG","3123601","Elói Mendes","brasao","revisao_pendente"
"MG","3123601","Elói Mendes","bandeira","revisao_pendente"
"MG","3123700","Engenheiro Caldas","brasao","revisao_pendente"
"MG","3123700","Engenheiro Caldas","bandeira","revisao_pendente"
"MG","3123809","Engenheiro Navarro","brasao","revisao_pendente"
"MG","3123809","Engenheiro Navarro","bandeira","revisao_pendente"
"MG","3123858","Entre Folhas","brasao","revisao_pendente"
"MG","3123858","Entre Folhas","bandeira","revisao_pendente"
"MG","3123908","Entre Rios de Minas","brasao","revisao_pendente"
"MG","3123908","Entre Rios de Minas","bandeira","revisao_pendente"
"MG","3124005","Ervália","brasao","revisao_pendente"
"MG","3124005","Ervália","bandeira","revisao_pendente"
"MG","3124104","Esmeraldas","brasao","revisao_pendente"
"MG","3124104","Esmeraldas","bandeira","revisao_pendente"
"MG","3124203","Espera Feliz","brasao","rejeitado"
"MG","3124203","Espera Feliz","bandeira","rejeitado"
"MG","3124302","Espinosa","brasao","revisao_pendente"
"MG","3124302","Espinosa","bandeira","revisao_pendente"
"MG","3124401","Espírito Santo do Dourado","brasao","revisao_pendente"
"MG","3124401","Espírito Santo do Dourado","bandeira","revisao_pendente"
"MG","3124500","Estiva","brasao","revisao_pendente"
"MG","3124500","Estiva","bandeira","revisao_pendente"
"MG","3124609","Estrela Dalva","brasao","revisao_pendente"
"MG","3124609","Estrela Dalva","bandeira","revisao_pendente"
"MG","3124708","Estrela do Indaiá","brasao","revisao_pendente"
"MG","3124708","Estrela do Indaiá","bandeira","revisao_pendente"
"MG","3124807","Estrela do Sul","brasao","revisao_pendente"
"MG","3124807","Estrela do Sul","bandeira","revisao_pendente"
"MG","3124906","Eugenópolis","brasao","nao_encontrado"
"MG","3124906","Eugenópolis","bandeira","revisao_pendente"
"MG","3125002","Ewbank da Câmara","brasao","revisao_pendente"
"MG","3125002","Ewbank da Câmara","bandeira","revisao_pendente"
"MG","3125101","Extrema","brasao","revisao_pendente"
"MG","3125101","Extrema","bandeira","revisao_pendente"
"MG","3125200","Fama","brasao","revisao_pendente"
"MG","3125200","Fama","bandeira","revisao_pendente"
"MG","3125309","Faria Lemos","brasao","revisao_pendente"
"MG","3125309","Faria Lemos","bandeira","revisao_pendente"
"MG","3125408","Felício dos Santos","brasao","revisao_pendente"
"MG","3125408","Felício dos Santos","bandeira","revisao_pendente"
"MG","3125507","São Gonçalo do Rio Preto","brasao","nao_encontrado"
"MG","3125507","São Gonçalo do Rio Preto","bandeira","nao_encontrado"
"MG","3125606","Felisburgo","brasao","revisao_pendente"
"MG","3125606","Felisburgo","bandeira","revisao_pendente"
"MG","3125705","Felixlândia","brasao","revisao_pendente"
"MG","3125705","Felixlândia","bandeira","revisao_pendente"
"MG","3125804","Fernandes Tourinho","brasao","revisao_pendente"
"MG","3125804","Fernandes Tourinho","bandeira","revisao_pendente"
"MG","3125903","Ferros","brasao","revisao_pendente"
"MG","3125903","Ferros","bandeira","revisao_pendente"
"MG","3125952","Fervedouro","brasao","revisao_pendente"
"MG","3125952","Fervedouro","bandeira","revisao_pendente"
"MG","3126000","Florestal","brasao","revisao_pendente"
"MG","3126000","Florestal","bandeira","revisao_pendente"
"MG","3126109","Formiga","brasao","licenca_pendente"
"MG","3126109","Formiga","bandeira","revisao_pendente"
"MG","3126208","Formoso","brasao","revisao_pendente"
"MG","3126208","Formoso","bandeira","revisao_pendente"
"MG","3126307","Fortaleza de Minas","brasao","revisao_pendente"
"MG","3126307","Fortaleza de Minas","bandeira","revisao_pendente"
"MG","3126406","Fortuna de Minas","brasao","revisao_pendente"
"MG","3126406","Fortuna de Minas","bandeira","revisao_pendente"
"MG","3126505","Francisco Badaró","brasao","revisao_pendente"
"MG","3126505","Francisco Badaró","bandeira","revisao_pendente"
"MG","3126604","Francisco Dumont","brasao","revisao_pendente"
"MG","3126604","Francisco Dumont","bandeira","revisao_pendente"
"MG","3126703","Francisco Sá","brasao","revisao_pendente"
"MG","3126703","Francisco Sá","bandeira","revisao_pendente"
"MG","3126752","Franciscópolis","brasao","revisao_pendente"
"MG","3126752","Franciscópolis","bandeira","revisao_pendente"
"MG","3126802","Frei Gaspar","brasao","revisao_pendente"
"MG","3126802","Frei Gaspar","bandeira","revisao_pendente"
"MG","3126901","Frei Inocêncio","brasao","revisao_pendente"
"MG","3126901","Frei Inocêncio","bandeira","revisao_pendente"
"MG","3126950","Frei Lagonegro","brasao","revisao_pendente"
"MG","3126950","Frei Lagonegro","bandeira","revisao_pendente"
"MG","3127008","Fronteira","brasao","revisao_pendente"
"MG","3127008","Fronteira","bandeira","revisao_pendente"
"MG","3127057","Fronteira dos Vales","brasao","revisao_pendente"
"MG","3127057","Fronteira dos Vales","bandeira","revisao_pendente"
"MG","3127073","Fruta de Leite","brasao","revisao_pendente"
"MG","3127073","Fruta de Leite","bandeira","revisao_pendente"
"MG","3127107","Frutal","brasao","revisao_pendente"
"MG","3127107","Frutal","bandeira","revisao_pendente"
"MG","3127206","Funilândia","brasao","revisao_pendente"
"MG","3127206","Funilândia","bandeira","revisao_pendente"
"MG","3127305","Galiléia","brasao","revisao_pendente"
"MG","3127305","Galiléia","bandeira","revisao_pendente"
"MG","3127339","Gameleiras","brasao","nao_encontrado"
"MG","3127339","Gameleiras","bandeira","nao_encontrado"
"MG","3127354","Glaucilândia","brasao","revisao_pendente"
"MG","3127354","Glaucilândia","bandeira","revisao_pendente"
"MG","3127370","Goiabeira","brasao","revisao_pendente"
"MG","3127370","Goiabeira","bandeira","revisao_pendente"
"MG","3127388","Goianá","brasao","revisao_pendente"
"MG","3127388","Goianá","bandeira","revisao_pendente"
"MG","3127404","Gonçalves","brasao","revisao_pendente"
"MG","3127404","Gonçalves","bandeira","revisao_pendente"
"MG","3127503","Gonzaga","brasao","revisao_pendente"
"MG","3127503","Gonzaga","bandeira","revisao_pendente"
"MG","3127602","Gouveia","brasao","revisao_pendente"
"MG","3127602","Gouveia","bandeira","revisao_pendente"
"MG","3127701","Governador Valadares","brasao","rejeitado"
"MG","3127701","Governador Valadares","bandeira","revisao_pendente"
"MG","3127800","Grão Mogol","brasao","nao_encontrado"
"MG","3127800","Grão Mogol","bandeira","revisao_pendente"
"MG","3127909","Grupiara","brasao","revisao_pendente"
"MG","3127909","Grupiara","bandeira","nao_encontrado"
"MG","3128006","Guanhães","brasao","revisao_pendente"
"MG","3128006","Guanhães","bandeira","revisao_pendente"
"MG","3128105","Guapé","brasao","rejeitado"
"MG","3128105","Guapé","bandeira","rejeitado"
"MG","3128204","Guaraciaba","brasao","revisao_pendente"
"MG","3128204","Guaraciaba","bandeira","revisao_pendente"
"MG","3128253","Guaraciama","brasao","nao_encontrado"
"MG","3128253","Guaraciama","bandeira","revisao_pendente"
"MG","3128303","Guaranésia","brasao","revisao_pendente"
"MG","3128303","Guaranésia","bandeira","revisao_pendente"
"MG","3128402","Guarani","brasao","revisao_pendente"
"MG","3128402","Guarani","bandeira","revisao_pendente"
"MG","3128501","Guarará","brasao","revisao_pendente"
"MG","3128501","Guarará","bandeira","revisao_pendente"
"MG","3128600","Guarda-Mor","brasao","revisao_pendente"
"MG","3128600","Guarda-Mor","bandeira","revisao_pendente"
"MG","3128709","Guaxupé","brasao","revisao_pendente"
"MG","3128709","Guaxupé","bandeira","revisao_pendente"
"MG","3128808","Guidoval","brasao","revisao_pendente"
"MG","3128808","Guidoval","bandeira","revisao_pendente"
"MG","3128907","Guimarânia","brasao","revisao_pendente"
"MG","3128907","Guimarânia","bandeira","revisao_pendente"
"MG","3129004","Guiricema","brasao","revisao_pendente"
"MG","3129004","Guiricema","bandeira","revisao_pendente"
"MG","3129103","Gurinhatã","brasao","revisao_pendente"
"MG","3129103","Gurinhatã","bandeira","revisao_pendente"
"MG","3129202","Heliodora","brasao","revisao_pendente"
"MG","3129202","Heliodora","bandeira","revisao_pendente"
"MG","3129301","Iapu","brasao","revisao_pendente"
"MG","3129301","Iapu","bandeira","revisao_pendente"
"MG","3129400","Ibertioga","brasao","revisao_pendente"
"MG","3129400","Ibertioga","bandeira","revisao_pendente"
"MG","3129509","Ibiá","brasao","revisao_pendente"
"MG","3129509","Ibiá","bandeira","revisao_pendente"
"MG","3129608","Ibiaí","brasao","revisao_pendente"
"MG","3129608","Ibiaí","bandeira","revisao_pendente"
"MG","3129657","Ibiracatu","brasao","revisao_pendente"
"MG","3129657","Ibiracatu","bandeira","revisao_pendente"
"MG","3129707","Ibiraci","brasao","revisao_pendente"
"MG","3129707","Ibiraci","bandeira","revisao_pendente"
"MG","3129806","Ibirité","brasao","revisao_pendente"
"MG","3129806","Ibirité","bandeira","revisao_pendente"
"MG","3129905","Ibitiúra de Minas","brasao","revisao_pendente"
"MG","3129905","Ibitiúra de Minas","bandeira","revisao_pendente"
"MG","3130002","Ibituruna","brasao","revisao_pendente"
"MG","3130002","Ibituruna","bandeira","revisao_pendente"
"MG","3130051","Icaraí de Minas","brasao","revisao_pendente"
"MG","3130051","Icaraí de Minas","bandeira","revisao_pendente"
"MG","3130101","Igarapé","brasao","revisao_pendente"
"MG","3130101","Igarapé","bandeira","revisao_pendente"
"MG","3130200","Igaratinga","brasao","revisao_pendente"
"MG","3130200","Igaratinga","bandeira","revisao_pendente"
"MG","3130309","Iguatama","brasao","revisao_pendente"
"MG","3130309","Iguatama","bandeira","revisao_pendente"
"MG","3130408","Ijaci","brasao","revisao_pendente"
"MG","3130408","Ijaci","bandeira","nao_encontrado"
"MG","3130507","Ilicínea","brasao","revisao_pendente"
"MG","3130507","Ilicínea","bandeira","revisao_pendente"
"MG","3130556","Imbé de Minas","brasao","nao_encontrado"
"MG","3130556","Imbé de Minas","bandeira","nao_encontrado"
"MG","3130606","Inconfidentes","brasao","revisao_pendente"
"MG","3130606","Inconfidentes","bandeira","nao_encontrado"
"MG","3130655","Indaiabira","brasao","revisao_pendente"
"MG","3130655","Indaiabira","bandeira","revisao_pendente"
"MG","3130705","Indianópolis","brasao","nao_encontrado"
"MG","3130705","Indianópolis","bandeira","nao_encontrado"
"MG","3130804","Ingaí","brasao","revisao_pendente"
"MG","3130804","Ingaí","bandeira","nao_encontrado"
"MG","3130903","Inhapim","brasao","revisao_pendente"
"MG","3130903","Inhapim","bandeira","revisao_pendente"
"MG","3131000","Inhaúma","brasao","nao_encontrado"
"MG","3131000","Inhaúma","bandeira","revisao_pendente"
"MG","3131109","Inimutaba","brasao","nao_encontrado"
"MG","3131109","Inimutaba","bandeira","nao_encontrado"
"MG","3131158","Ipaba","brasao","revisao_pendente"
"MG","3131158","Ipaba","bandeira","revisao_pendente"
"MG","3131208","Ipanema","brasao","revisao_pendente"
"MG","3131208","Ipanema","bandeira","revisao_pendente"
"MG","3131307","Ipatinga","brasao","revisao_pendente"
"MG","3131307","Ipatinga","bandeira","revisao_pendente"
"MG","3131406","Ipiaçu","brasao","revisao_pendente"
"MG","3131406","Ipiaçu","bandeira","revisao_pendente"
"MG","3131505","Ipuiúna","brasao","revisao_pendente"
"MG","3131505","Ipuiúna","bandeira","revisao_pendente"
"MG","3131604","Iraí de Minas","brasao","revisao_pendente"
"MG","3131604","Iraí de Minas","bandeira","nao_encontrado"
"MG","3131703","Itabira","brasao","revisao_pendente"
"MG","3131703","Itabira","bandeira","revisao_pendente"
"MG","3131802","Itabirinha","brasao","revisao_pendente"
"MG","3131802","Itabirinha","bandeira","nao_encontrado"
"MG","3131901","Itabirito","brasao","revisao_pendente"
"MG","3131901","Itabirito","bandeira","revisao_pendente"
"MG","3132008","Itacambira","brasao","nao_encontrado"
"MG","3132008","Itacambira","bandeira","nao_encontrado"
"MG","3132107","Itacarambi","brasao","rejeitado"
"MG","3132107","Itacarambi","bandeira","rejeitado"
"MG","3132206","Itaguara","brasao","revisao_pendente"
"MG","3132206","Itaguara","bandeira","revisao_pendente"
"MG","3132305","Itaipé","brasao","revisao_pendente"
"MG","3132305","Itaipé","bandeira","revisao_pendente"
"MG","3132404","Itajubá","brasao","revisao_pendente"
"MG","3132404","Itajubá","bandeira","revisao_pendente"
"MG","3132503","Itamarandiba","brasao","revisao_pendente"
"MG","3132503","Itamarandiba","bandeira","revisao_pendente"
"MG","3132602","Itamarati de Minas","brasao","revisao_pendente"
"MG","3132602","Itamarati de Minas","bandeira","nao_encontrado"
"MG","3132701","Itambacuri","brasao","revisao_pendente"
"MG","3132701","Itambacuri","bandeira","nao_encontrado"
"MG","3132800","Itambé do Mato Dentro","brasao","nao_encontrado"
"MG","3132800","Itambé do Mato Dentro","bandeira","nao_encontrado"
"MG","3132909","Itamogi","brasao","nao_encontrado"
"MG","3132909","Itamogi","bandeira","nao_encontrado"
"MG","3133006","Itamonte","brasao","revisao_pendente"
"MG","3133006","Itamonte","bandeira","revisao_pendente"
"MG","3133105","Itanhandu","brasao","revisao_pendente"
"MG","3133105","Itanhandu","bandeira","revisao_pendente"
"MG","3133204","Itanhomi","brasao","revisao_pendente"
"MG","3133204","Itanhomi","bandeira","revisao_pendente"
"MG","3133303","Itaobim","brasao","rejeitado"
"MG","3133303","Itaobim","bandeira","rejeitado"
"MG","3133402","Itapagipe","brasao","nao_encontrado"
"MG","3133402","Itapagipe","bandeira","nao_encontrado"
"MG","3133501","Itapecerica","brasao","revisao_pendente"
"MG","3133501","Itapecerica","bandeira","nao_encontrado"
"MG","3133600","Itapeva","brasao","revisao_pendente"
"MG","3133600","Itapeva","bandeira","revisao_pendente"
"MG","3133709","Itatiaiuçu","brasao","revisao_pendente"
"MG","3133709","Itatiaiuçu","bandeira","revisao_pendente"
"MG","3133758","Itaú de Minas","brasao","revisao_pendente"
"MG","3133758","Itaú de Minas","bandeira","revisao_pendente"
"MG","3133808","Itaúna","brasao","revisao_pendente"
"MG","3133808","Itaúna","bandeira","revisao_pendente"
"MG","3133907","Itaverava","brasao","revisao_pendente"
"MG","3133907","Itaverava","bandeira","revisao_pendente"
"MG","3134004","Itinga","brasao","revisao_pendente"
"MG","3134004","Itinga","bandeira","revisao_pendente"
"MG","3134103","Itueta","brasao","revisao_pendente"
"MG","3134103","Itueta","bandeira","revisao_pendente"
"MG","3134202","Ituiutaba","brasao","revisao_pendente"
"MG","3134202","Ituiutaba","bandeira","revisao_pendente"
"MG","3134301","Itumirim","brasao","nao_encontrado"
"MG","3134301","Itumirim","bandeira","nao_encontrado"
"MG","3134400","Iturama","brasao","revisao_pendente"
"MG","3134400","Iturama","bandeira","revisao_pendente"
"MG","3134509","Itutinga","brasao","revisao_pendente"
"MG","3134509","Itutinga","bandeira","revisao_pendente"
"MG","3134608","Jaboticatubas","brasao","revisao_pendente"
"MG","3134608","Jaboticatubas","bandeira","revisao_pendente"
"MG","3134707","Jacinto","brasao","revisao_pendente"
"MG","3134707","Jacinto","bandeira","revisao_pendente"
"MG","3134806","Jacuí","brasao","revisao_pendente"
"MG","3134806","Jacuí","bandeira","revisao_pendente"
"MG","3134905","Jacutinga","brasao","revisao_pendente"
"MG","3134905","Jacutinga","bandeira","revisao_pendente"
"MG","3135001","Jaguaraçu","brasao","revisao_pendente"
"MG","3135001","Jaguaraçu","bandeira","revisao_pendente"
"MG","3135050","Jaíba","brasao","revisao_pendente"
"MG","3135050","Jaíba","bandeira","nao_encontrado"
"MG","3135076","Jampruca","brasao","nao_encontrado"
"MG","3135076","Jampruca","bandeira","nao_encontrado"
"MG","3135100","Janaúba","brasao","revisao_pendente"
"MG","3135100","Janaúba","bandeira","revisao_pendente"
"MG","3135209","Januária","brasao","revisao_pendente"
"MG","3135209","Januária","bandeira","revisao_pendente"
"MG","3135308","Japaraíba","brasao","revisao_pendente"
"MG","3135308","Japaraíba","bandeira","revisao_pendente"
"MG","3135357","Japonvar","brasao","revisao_pendente"
"MG","3135357","Japonvar","bandeira","revisao_pendente"
"MG","3135407","Jeceaba","brasao","revisao_pendente"
"MG","3135407","Jeceaba","bandeira","revisao_pendente"
"MG","3135456","Jenipapo de Minas","brasao","nao_encontrado"
"MG","3135456","Jenipapo de Minas","bandeira","nao_encontrado"
"MG","3135506","Jequeri","brasao","nao_encontrado"
"MG","3135506","Jequeri","bandeira","nao_encontrado"
"MG","3135605","Jequitaí","brasao","nao_encontrado"
"MG","3135605","Jequitaí","bandeira","nao_encontrado"
"MG","3135704","Jequitibá","brasao","nao_encontrado"
"MG","3135704","Jequitibá","bandeira","nao_encontrado"
"MG","3135803","Jequitinhonha","brasao","revisao_pendente"
"MG","3135803","Jequitinhonha","bandeira","revisao_pendente"
"MG","3135902","Jesuânia","brasao","revisao_pendente"
"MG","3135902","Jesuânia","bandeira","revisao_pendente"
"MG","3136009","Joaíma","brasao","nao_encontrado"
"MG","3136009","Joaíma","bandeira","revisao_pendente"
"MG","3136108","Joanésia","brasao","revisao_pendente"
"MG","3136108","Joanésia","bandeira","revisao_pendente"
"MG","3136207","João Monlevade","brasao","revisao_pendente"
"MG","3136207","João Monlevade","bandeira","revisao_pendente"
"MG","3136306","João Pinheiro","brasao","revisao_pendente"
"MG","3136306","João Pinheiro","bandeira","revisao_pendente"
"MG","3136405","Joaquim Felício","brasao","nao_encontrado"
"MG","3136405","Joaquim Felício","bandeira","nao_encontrado"
"MG","3136504","Jordânia","brasao","nao_encontrado"
"MG","3136504","Jordânia","bandeira","nao_encontrado"
"MG","3136520","José Gonçalves de Minas","brasao","nao_encontrado"
"MG","3136520","José Gonçalves de Minas","bandeira","nao_encontrado"
"MG","3136553","José Raydan","brasao","revisao_pendente"
"MG","3136553","José Raydan","bandeira","revisao_pendente"
"MG","3136579","Josenópolis","brasao","nao_encontrado"
"MG","3136579","Josenópolis","bandeira","nao_encontrado"
"MG","3136603","Nova União","brasao","revisao_pendente"
"MG","3136603","Nova União","bandeira","revisao_pendente"
"MG","3136652","Juatuba","brasao","revisao_pendente"
"MG","3136652","Juatuba","bandeira","revisao_pendente"
"MG","3136702","Juiz de Fora","brasao","revisao_pendente"
"MG","3136702","Juiz de Fora","bandeira","revisao_pendente"
"MG","3136801","Juramento","brasao","nao_encontrado"
"MG","3136801","Juramento","bandeira","nao_encontrado"
"MG","3136900","Juruaia","brasao","revisao_pendente"
"MG","3136900","Juruaia","bandeira","revisao_pendente"
"MG","3136959","Juvenília","brasao","revisao_pendente"
"MG","3136959","Juvenília","bandeira","revisao_pendente"
"MG","3137007","Ladainha","brasao","revisao_pendente"
"MG","3137007","Ladainha","bandeira","revisao_pendente"
"MG","3137106","Lagamar","brasao","revisao_pendente"
"MG","3137106","Lagamar","bandeira","revisao_pendente"
"MG","3137205","Lagoa da Prata","brasao","nao_encontrado"
"MG","3137205","Lagoa da Prata","bandeira","revisao_pendente"
"MG","3137304","Lagoa dos Patos","brasao","revisao_pendente"
"MG","3137304","Lagoa dos Patos","bandeira","revisao_pendente"
"MG","3137403","Lagoa Dourada","brasao","revisao_pendente"
"MG","3137403","Lagoa Dourada","bandeira","revisao_pendente"
"MG","3137502","Lagoa Formosa","brasao","revisao_pendente"
"MG","3137502","Lagoa Formosa","bandeira","revisao_pendente"
"MG","3137536","Lagoa Grande","brasao","revisao_pendente"
"MG","3137536","Lagoa Grande","bandeira","revisao_pendente"
"MG","3137601","Lagoa Santa","brasao","revisao_pendente"
"MG","3137601","Lagoa Santa","bandeira","revisao_pendente"
"MG","3137700","Lajinha","brasao","revisao_pendente"
"MG","3137700","Lajinha","bandeira","revisao_pendente"
"MG","3137809","Lambari","brasao","revisao_pendente"
"MG","3137809","Lambari","bandeira","revisao_pendente"
"MG","3137908","Lamim","brasao","revisao_pendente"
"MG","3137908","Lamim","bandeira","revisao_pendente"
"MG","3138005","Laranjal","brasao","rejeitado"
"MG","3138005","Laranjal","bandeira","rejeitado"
"MG","3138104","Lassance","brasao","nao_encontrado"
"MG","3138104","Lassance","bandeira","nao_encontrado"
"MG","3138203","Lavras","brasao","revisao_pendente"
"MG","3138203","Lavras","bandeira","revisao_pendente"
"MG","3138302","Leandro Ferreira","brasao","nao_encontrado"
"MG","3138302","Leandro Ferreira","bandeira","nao_encontrado"
"MG","3138351","Leme do Prado","brasao","nao_encontrado"
"MG","3138351","Leme do Prado","bandeira","nao_encontrado"
"MG","3138401","Leopoldina","brasao","revisao_pendente"
"MG","3138401","Leopoldina","bandeira","revisao_pendente"
"MG","3138500","Liberdade","brasao","revisao_pendente"
"MG","3138500","Liberdade","bandeira","revisao_pendente"
"MG","3138609","Lima Duarte","brasao","revisao_pendente"
"MG","3138609","Lima Duarte","bandeira","revisao_pendente"
"MG","3138625","Limeira do Oeste","brasao","revisao_pendente"
"MG","3138625","Limeira do Oeste","bandeira","revisao_pendente"
"MG","3138658","Lontra","brasao","revisao_pendente"
"MG","3138658","Lontra","bandeira","nao_encontrado"
"MG","3138674","Luisburgo","brasao","revisao_pendente"
"MG","3138674","Luisburgo","bandeira","revisao_pendente"
"MG","3138682","Luislândia","brasao","nao_encontrado"
"MG","3138682","Luislândia","bandeira","nao_encontrado"
"MG","3138708","Luminárias","brasao","rejeitado"
"MG","3138708","Luminárias","bandeira","rejeitado"
"MG","3138807","Luz","brasao","revisao_pendente"
"MG","3138807","Luz","bandeira","revisao_pendente"
"MG","3138906","Machacalis","brasao","nao_encontrado"
"MG","3138906","Machacalis","bandeira","nao_encontrado"
"MG","3139003","Machado","brasao","revisao_pendente"
"MG","3139003","Machado","bandeira","revisao_pendente"
"MG","3139102","Madre de Deus de Minas","brasao","revisao_pendente"
"MG","3139102","Madre de Deus de Minas","bandeira","revisao_pendente"
"MG","3139201","Malacacheta","brasao","nao_encontrado"
"MG","3139201","Malacacheta","bandeira","revisao_pendente"
"MG","3139250","Mamonas","brasao","revisao_pendente"
"MG","3139250","Mamonas","bandeira","revisao_pendente"
"MG","3139300","Manga","brasao","revisao_pendente"
"MG","3139300","Manga","bandeira","revisao_pendente"
"MG","3139409","Manhuaçu","brasao","revisao_pendente"
"MG","3139409","Manhuaçu","bandeira","revisao_pendente"
"MG","3139508","Manhumirim","brasao","revisao_pendente"
"MG","3139508","Manhumirim","bandeira","revisao_pendente"
"MG","3139607","Mantena","brasao","revisao_pendente"
"MG","3139607","Mantena","bandeira","revisao_pendente"
"MG","3139706","Maravilhas","brasao","nao_encontrado"
"MG","3139706","Maravilhas","bandeira","nao_encontrado"
"MG","3139805","Mar de Espanha","brasao","revisao_pendente"
"MG","3139805","Mar de Espanha","bandeira","revisao_pendente"
"MG","3139904","Maria da Fé","brasao","revisao_pendente"
"MG","3139904","Maria da Fé","bandeira","revisao_pendente"
"MG","3140001","Mariana","brasao","revisao_pendente"
"MG","3140001","Mariana","bandeira","revisao_pendente"
"MG","3140100","Marilac","brasao","nao_encontrado"
"MG","3140100","Marilac","bandeira","nao_encontrado"
"MG","3140159","Mário Campos","brasao","revisao_pendente"
"MG","3140159","Mário Campos","bandeira","nao_encontrado"
"MG","3140209","Maripá de Minas","brasao","revisao_pendente"
"MG","3140209","Maripá de Minas","bandeira","nao_encontrado"
"MG","3140308","Marliéria","brasao","revisao_pendente"
"MG","3140308","Marliéria","bandeira","revisao_pendente"
"MG","3140407","Marmelópolis","brasao","revisao_pendente"
"MG","3140407","Marmelópolis","bandeira","revisao_pendente"
"MG","3140506","Martinho Campos","brasao","nao_encontrado"
"MG","3140506","Martinho Campos","bandeira","revisao_pendente"
"MG","3140530","Martins Soares","brasao","revisao_pendente"
"MG","3140530","Martins Soares","bandeira","revisao_pendente"
"MG","3140555","Mata Verde","brasao","revisao_pendente"
"MG","3140555","Mata Verde","bandeira","revisao_pendente"
"MG","3140605","Materlândia","brasao","nao_encontrado"
"MG","3140605","Materlândia","bandeira","nao_encontrado"
"MG","3140704","Mateus Leme","brasao","revisao_pendente"
"MG","3140704","Mateus Leme","bandeira","revisao_pendente"
"MG","3140803","Matias Barbosa","brasao","revisao_pendente"
"MG","3140803","Matias Barbosa","bandeira","revisao_pendente"
"MG","3140852","Matias Cardoso","brasao","revisao_pendente"
"MG","3140852","Matias Cardoso","bandeira","revisao_pendente"
"MG","3140902","Matipó","brasao","nao_encontrado"
"MG","3140902","Matipó","bandeira","nao_encontrado"
"MG","3141009","Mato Verde","brasao","revisao_pendente"
"MG","3141009","Mato Verde","bandeira","revisao_pendente"
"MG","3141108","Matozinhos","brasao","revisao_pendente"
"MG","3141108","Matozinhos","bandeira","revisao_pendente"
"MG","3141207","Matutina","brasao","revisao_pendente"
"MG","3141207","Matutina","bandeira","revisao_pendente"
"MG","3141306","Medeiros","brasao","nao_encontrado"
"MG","3141306","Medeiros","bandeira","nao_encontrado"
"MG","3141405","Medina","brasao","revisao_pendente"
"MG","3141405","Medina","bandeira","revisao_pendente"
"MG","3141504","Mendes Pimentel","brasao","nao_encontrado"
"MG","3141504","Mendes Pimentel","bandeira","revisao_pendente"
"MG","3141603","Mercês","brasao","revisao_pendente"
"MG","3141603","Mercês","bandeira","revisao_pendente"
"MG","3141702","Mesquita","brasao","revisao_pendente"
"MG","3141702","Mesquita","bandeira","revisao_pendente"
"MG","3141801","Minas Novas","brasao","nao_encontrado"
"MG","3141801","Minas Novas","bandeira","revisao_pendente"
"MG","3141900","Minduri","brasao","revisao_pendente"
"MG","3141900","Minduri","bandeira","revisao_pendente"
"MG","3142007","Mirabela","brasao","revisao_pendente"
"MG","3142007","Mirabela","bandeira","revisao_pendente"
"MG","3142106","Miradouro","brasao","revisao_pendente"
"MG","3142106","Miradouro","bandeira","nao_encontrado"
"MG","3142205","Miraí","brasao","revisao_pendente"
"MG","3142205","Miraí","bandeira","revisao_pendente"
"MG","3142254","Miravânia","brasao","revisao_pendente"
"MG","3142254","Miravânia","bandeira","revisao_pendente"
"MG","3142304","Moeda","brasao","revisao_pendente"
"MG","3142304","Moeda","bandeira","revisao_pendente"
"MG","3142403","Moema","brasao","nao_encontrado"
"MG","3142403","Moema","bandeira","nao_encontrado"
"MG","3142502","Monjolos","brasao","revisao_pendente"
"MG","3142502","Monjolos","bandeira","revisao_pendente"
"MG","3142601","Monsenhor Paulo","brasao","nao_encontrado"
"MG","3142601","Monsenhor Paulo","bandeira","nao_encontrado"
"MG","3142700","Montalvânia","brasao","revisao_pendente"
"MG","3142700","Montalvânia","bandeira","revisao_pendente"
"MG","3142809","Monte Alegre de Minas","brasao","revisao_pendente"
"MG","3142809","Monte Alegre de Minas","bandeira","revisao_pendente"
"MG","3142908","Monte Azul","brasao","revisao_pendente"
"MG","3142908","Monte Azul","bandeira","revisao_pendente"
"MG","3143005","Monte Belo","brasao","revisao_pendente"
"MG","3143005","Monte Belo","bandeira","revisao_pendente"
"MG","3143104","Monte Carmelo","brasao","revisao_pendente"
"MG","3143104","Monte Carmelo","bandeira","revisao_pendente"
"MG","3143153","Monte Formoso","brasao","nao_encontrado"
"MG","3143153","Monte Formoso","bandeira","nao_encontrado"
"MG","3143203","Monte Santo de Minas","brasao","revisao_pendente"
"MG","3143203","Monte Santo de Minas","bandeira","revisao_pendente"
"MG","3143302","Montes Claros","brasao","revisao_pendente"
"MG","3143302","Montes Claros","bandeira","revisao_pendente"
"MG","3143401","Monte Sião","brasao","revisao_pendente"
"MG","3143401","Monte Sião","bandeira","revisao_pendente"
"MG","3143450","Montezuma","brasao","revisao_pendente"
"MG","3143450","Montezuma","bandeira","nao_encontrado"
"MG","3143500","Morada Nova de Minas","brasao","revisao_pendente"
"MG","3143500","Morada Nova de Minas","bandeira","nao_encontrado"
"MG","3143609","Morro da Garça","brasao","nao_encontrado"
"MG","3143609","Morro da Garça","bandeira","nao_encontrado"
"MG","3143708","Morro do Pilar","brasao","nao_encontrado"
"MG","3143708","Morro do Pilar","bandeira","nao_encontrado"
"MG","3143807","Munhoz","brasao","nao_encontrado"
"MG","3143807","Munhoz","bandeira","revisao_pendente"
"MG","3143906","Muriaé","brasao","revisao_pendente"
"MG","3143906","Muriaé","bandeira","revisao_pendente"
"MG","3144003","Mutum","brasao","revisao_pendente"
"MG","3144003","Mutum","bandeira","revisao_pendente"
"MG","3144102","Muzambinho","brasao","revisao_pendente"
"MG","3144102","Muzambinho","bandeira","revisao_pendente"
"MG","3144201","Nacip Raydan","brasao","revisao_pendente"
"MG","3144201","Nacip Raydan","bandeira","nao_encontrado"
"MG","3144300","Nanuque","brasao","revisao_pendente"
"MG","3144300","Nanuque","bandeira","revisao_pendente"
"MG","3144359","Naque","brasao","revisao_pendente"
"MG","3144359","Naque","bandeira","revisao_pendente"
"MG","3144375","Natalândia","brasao","nao_encontrado"
"MG","3144375","Natalândia","bandeira","nao_encontrado"
"MG","3144409","Natércia","brasao","revisao_pendente"
"MG","3144409","Natércia","bandeira","nao_encontrado"
"MG","3144508","Nazareno","brasao","revisao_pendente"
"MG","3144508","Nazareno","bandeira","revisao_pendente"
"MG","3144607","Nepomuceno","brasao","nao_encontrado"
"MG","3144607","Nepomuceno","bandeira","nao_encontrado"
"MG","3144656","Ninheira","brasao","revisao_pendente"
"MG","3144656","Ninheira","bandeira","revisao_pendente"
"MG","3144672","Nova Belém","brasao","nao_encontrado"
"MG","3144672","Nova Belém","bandeira","nao_encontrado"
"MG","3144706","Nova Era","brasao","revisao_pendente"
"MG","3144706","Nova Era","bandeira","revisao_pendente"
"MG","3144805","Nova Lima","brasao","revisao_pendente"
"MG","3144805","Nova Lima","bandeira","revisao_pendente"
"MG","3144904","Nova Módica","brasao","revisao_pendente"
"MG","3144904","Nova Módica","bandeira","revisao_pendente"
"MG","3145000","Nova Ponte","brasao","revisao_pendente"
"MG","3145000","Nova Ponte","bandeira","revisao_pendente"
"MG","3145059","Nova Porteirinha","brasao","revisao_pendente"
"MG","3145059","Nova Porteirinha","bandeira","revisao_pendente"
"MG","3145109","Nova Resende","brasao","revisao_pendente"
"MG","3145109","Nova Resende","bandeira","revisao_pendente"
"MG","3145208","Nova Serrana","brasao","revisao_pendente"
"MG","3145208","Nova Serrana","bandeira","revisao_pendente"
"MG","3145307","Novo Cruzeiro","brasao","revisao_pendente"
"MG","3145307","Novo Cruzeiro","bandeira","revisao_pendente"
"MG","3145356","Novo Oriente de Minas","brasao","revisao_pendente"
"MG","3145356","Novo Oriente de Minas","bandeira","revisao_pendente"
"MG","3145372","Novorizonte","brasao","nao_encontrado"
"MG","3145372","Novorizonte","bandeira","nao_encontrado"
"MG","3145406","Olaria","brasao","nao_encontrado"
"MG","3145406","Olaria","bandeira","revisao_pendente"
"MG","3145455","Olhos-d'Água","brasao","nao_encontrado"
"MG","3145455","Olhos-d'Água","bandeira","nao_encontrado"
"MG","3145505","Olímpio Noronha","brasao","revisao_pendente"
"MG","3145505","Olímpio Noronha","bandeira","revisao_pendente"
"MG","3145604","Oliveira","brasao","revisao_pendente"
"MG","3145604","Oliveira","bandeira","revisao_pendente"
"MG","3145703","Oliveira Fortes","brasao","nao_encontrado"
"MG","3145703","Oliveira Fortes","bandeira","nao_encontrado"
"MG","3145802","Onça de Pitangui","brasao","revisao_pendente"
"MG","3145802","Onça de Pitangui","bandeira","nao_encontrado"
"MG","3145851","Oratórios","brasao","revisao_pendente"
"MG","3145851","Oratórios","bandeira","revisao_pendente"
"MG","3145877","Orizânia","brasao","nao_encontrado"
"MG","3145877","Orizânia","bandeira","nao_encontrado"
"MG","3145901","Ouro Branco","brasao","revisao_pendente"
"MG","3145901","Ouro Branco","bandeira","revisao_pendente"
"MG","3146008","Ouro Fino","brasao","revisao_pendente"
"MG","3146008","Ouro Fino","bandeira","revisao_pendente"
"MG","3146107","Ouro Preto","brasao","revisao_pendente"
"MG","3146107","Ouro Preto","bandeira","revisao_pendente"
"MG","3146206","Ouro Verde de Minas","brasao","nao_encontrado"
"MG","3146206","Ouro Verde de Minas","bandeira","revisao_pendente"
"MG","3146255","Padre Carvalho","brasao","nao_encontrado"
"MG","3146255","Padre Carvalho","bandeira","nao_encontrado"
"MG","3146305","Padre Paraíso","brasao","nao_encontrado"
"MG","3146305","Padre Paraíso","bandeira","revisao_pendente"
"MG","3146404","Paineiras","brasao","nao_encontrado"
"MG","3146404","Paineiras","bandeira","nao_encontrado"
"MG","3146503","Pains","brasao","revisao_pendente"
"MG","3146503","Pains","bandeira","revisao_pendente"
"MG","3146552","Pai Pedro","brasao","nao_encontrado"
"MG","3146552","Pai Pedro","bandeira","nao_encontrado"
"MG","3146602","Paiva","brasao","nao_encontrado"
"MG","3146602","Paiva","bandeira","nao_encontrado"
"MG","3146701","Palma","brasao","revisao_pendente"
"MG","3146701","Palma","bandeira","revisao_pendente"
"MG","3146750","Palmópolis","brasao","nao_encontrado"
"MG","3146750","Palmópolis","bandeira","nao_encontrado"
"MG","3146909","Papagaios","brasao","revisao_pendente"
"MG","3146909","Papagaios","bandeira","revisao_pendente"
"MG","3147006","Paracatu","brasao","revisao_pendente"
"MG","3147006","Paracatu","bandeira","revisao_pendente"
"MG","3147105","Pará de Minas","brasao","revisao_pendente"
"MG","3147105","Pará de Minas","bandeira","revisao_pendente"
"MG","3147204","Paraguaçu","brasao","revisao_pendente"
"MG","3147204","Paraguaçu","bandeira","revisao_pendente"
"MG","3147303","Paraisópolis","brasao","revisao_pendente"
"MG","3147303","Paraisópolis","bandeira","revisao_pendente"
"MG","3147402","Paraopeba","brasao","revisao_pendente"
"MG","3147402","Paraopeba","bandeira","rejeitado"
"MG","3147501","Passabém","brasao","revisao_pendente"
"MG","3147501","Passabém","bandeira","revisao_pendente"
"MG","3147600","Passa Quatro","brasao","revisao_pendente"
"MG","3147600","Passa Quatro","bandeira","revisao_pendente"
"MG","3147709","Passa Tempo","brasao","revisao_pendente"
"MG","3147709","Passa Tempo","bandeira","revisao_pendente"
"MG","3147808","Passa Vinte","brasao","revisao_pendente"
"MG","3147808","Passa Vinte","bandeira","nao_encontrado"
"MG","3147907","Passos","brasao","revisao_pendente"
"MG","3147907","Passos","bandeira","revisao_pendente"
"MG","3147956","Patis","brasao","nao_encontrado"
"MG","3147956","Patis","bandeira","nao_encontrado"
"MG","3148004","Patos de Minas","brasao","revisao_pendente"
"MG","3148004","Patos de Minas","bandeira","revisao_pendente"
"MG","3148103","Patrocínio","brasao","revisao_pendente"
"MG","3148103","Patrocínio","bandeira","revisao_pendente"
"MG","3148202","Patrocínio do Muriaé","brasao","revisao_pendente"
"MG","3148202","Patrocínio do Muriaé","bandeira","revisao_pendente"
"MG","3148301","Paula Cândido","brasao","revisao_pendente"
"MG","3148301","Paula Cândido","bandeira","revisao_pendente"
"MG","3148400","Paulistas","brasao","revisao_pendente"
"MG","3148400","Paulistas","bandeira","nao_encontrado"
"MG","3148509","Pavão","brasao","revisao_pendente"
"MG","3148509","Pavão","bandeira","revisao_pendente"
"MG","3148608","Peçanha","brasao","nao_encontrado"
"MG","3148608","Peçanha","bandeira","nao_encontrado"
"MG","3148707","Pedra Azul","brasao","revisao_pendente"
"MG","3148707","Pedra Azul","bandeira","revisao_pendente"
"MG","3148756","Pedra Bonita","brasao","nao_encontrado"
"MG","3148756","Pedra Bonita","bandeira","nao_encontrado"
"MG","3148806","Pedra do Anta","brasao","nao_encontrado"
"MG","3148806","Pedra do Anta","bandeira","nao_encontrado"
"MG","3148905","Pedra do Indaiá","brasao","nao_encontrado"
"MG","3148905","Pedra do Indaiá","bandeira","nao_encontrado"
"MG","3149002","Pedra Dourada","brasao","nao_encontrado"
"MG","3149002","Pedra Dourada","bandeira","nao_encontrado"
"MG","3149101","Pedralva","brasao","revisao_pendente"
"MG","3149101","Pedralva","bandeira","revisao_pendente"
"MG","3149150","Pedras de Maria da Cruz","brasao","nao_encontrado"
"MG","3149150","Pedras de Maria da Cruz","bandeira","nao_encontrado"
"MG","3149200","Pedrinópolis","brasao","nao_encontrado"
"MG","3149200","Pedrinópolis","bandeira","nao_encontrado"
"MG","3149309","Pedro Leopoldo","brasao","revisao_pendente"
"MG","3149309","Pedro Leopoldo","bandeira","revisao_pendente"
"MG","3149408","Pedro Teixeira","brasao","nao_encontrado"
"MG","3149408","Pedro Teixeira","bandeira","nao_encontrado"
"MG","3149507","Pequeri","brasao","revisao_pendente"
"MG","3149507","Pequeri","bandeira","revisao_pendente"
"MG","3149606","Pequi","brasao","nao_encontrado"
"MG","3149606","Pequi","bandeira","nao_encontrado"
"MG","3149705","Perdigão","brasao","nao_encontrado"
"MG","3149705","Perdigão","bandeira","nao_encontrado"
"MG","3149804","Perdizes","brasao","revisao_pendente"
"MG","3149804","Perdizes","bandeira","nao_encontrado"
"MG","3149903","Perdões","brasao","revisao_pendente"
"MG","3149903","Perdões","bandeira","revisao_pendente"
"MG","3149952","Periquito","brasao","revisao_pendente"
"MG","3149952","Periquito","bandeira","revisao_pendente"
"MG","3150000","Pescador","brasao","revisao_pendente"
"MG","3150000","Pescador","bandeira","nao_encontrado"
"MG","3150109","Piau","brasao","nao_encontrado"
"MG","3150109","Piau","bandeira","revisao_pendente"
"MG","3150158","Piedade de Caratinga","brasao","nao_encontrado"
"MG","3150158","Piedade de Caratinga","bandeira","nao_encontrado"
"MG","3150208","Piedade de Ponte Nova","brasao","revisao_pendente"
"MG","3150208","Piedade de Ponte Nova","bandeira","revisao_pendente"
"MG","3150307","Piedade do Rio Grande","brasao","revisao_pendente"
"MG","3150307","Piedade do Rio Grande","bandeira","revisao_pendente"
"MG","3150406","Piedade dos Gerais","brasao","nao_encontrado"
"MG","3150406","Piedade dos Gerais","bandeira","nao_encontrado"
"MG","3150505","Pimenta","brasao","revisao_pendente"
"MG","3150505","Pimenta","bandeira","revisao_pendente"
"MG","3150539","Pingo-d'Água","brasao","nao_encontrado"
"MG","3150539","Pingo-d'Água","bandeira","nao_encontrado"
"MG","3150570","Pintópolis","brasao","nao_encontrado"
"MG","3150570","Pintópolis","bandeira","nao_encontrado"
"MG","3150604","Piracema","brasao","revisao_pendente"
"MG","3150604","Piracema","bandeira","revisao_pendente"
"MG","3150703","Pirajuba","brasao","revisao_pendente"
"MG","3150703","Pirajuba","bandeira","revisao_pendente"
"MG","3150802","Piranga","brasao","revisao_pendente"
"MG","3150802","Piranga","bandeira","revisao_pendente"
"MG","3150901","Piranguçu","brasao","revisao_pendente"
"MG","3150901","Piranguçu","bandeira","nao_encontrado"
"MG","3151008","Piranguinho","brasao","revisao_pendente"
"MG","3151008","Piranguinho","bandeira","revisao_pendente"
"MG","3151107","Pirapetinga","brasao","revisao_pendente"
"MG","3151107","Pirapetinga","bandeira","revisao_pendente"
"MG","3151206","Pirapora","brasao","revisao_pendente"
"MG","3151206","Pirapora","bandeira","revisao_pendente"
"MG","3151305","Piraúba","brasao","revisao_pendente"
"MG","3151305","Piraúba","bandeira","nao_encontrado"
"MG","3151404","Pitangui","brasao","revisao_pendente"
"MG","3151404","Pitangui","bandeira","revisao_pendente"
"MG","3151503","Piumhi","brasao","revisao_pendente"
"MG","3151503","Piumhi","bandeira","revisao_pendente"
"MG","3151602","Planura","brasao","revisao_pendente"
"MG","3151602","Planura","bandeira","revisao_pendente"
"MG","3151701","Poço Fundo","brasao","revisao_pendente"
"MG","3151701","Poço Fundo","bandeira","revisao_pendente"
"MG","3151800","Poços de Caldas","brasao","revisao_pendente"
"MG","3151800","Poços de Caldas","bandeira","revisao_pendente"
"MG","3151909","Pocrane","brasao","revisao_pendente"
"MG","3151909","Pocrane","bandeira","revisao_pendente"
"MG","3152006","Pompéu","brasao","revisao_pendente"
"MG","3152006","Pompéu","bandeira","revisao_pendente"
"MG","3152105","Ponte Nova","brasao","revisao_pendente"
"MG","3152105","Ponte Nova","bandeira","revisao_pendente"
"MG","3152131","Ponto Chique","brasao","nao_encontrado"
"MG","3152131","Ponto Chique","bandeira","nao_encontrado"
"MG","3152170","Ponto dos Volantes","brasao","revisao_pendente"
"MG","3152170","Ponto dos Volantes","bandeira","revisao_pendente"
"MG","3152204","Porteirinha","brasao","revisao_pendente"
"MG","3152204","Porteirinha","bandeira","nao_encontrado"
"MG","3152303","Porto Firme","brasao","nao_encontrado"
"MG","3152303","Porto Firme","bandeira","revisao_pendente"
"MG","3152402","Poté","brasao","revisao_pendente"
"MG","3152402","Poté","bandeira","revisao_pendente"
"MG","3152501","Pouso Alegre","brasao","revisao_pendente"
"MG","3152501","Pouso Alegre","bandeira","revisao_pendente"
"MG","3152600","Pouso Alto","brasao","revisao_pendente"
"MG","3152600","Pouso Alto","bandeira","revisao_pendente"
"MG","3152709","Prados","brasao","revisao_pendente"
"MG","3152709","Prados","bandeira","revisao_pendente"
"MG","3152808","Prata","brasao","revisao_pendente"
"MG","3152808","Prata","bandeira","revisao_pendente"
"MG","3152907","Pratápolis","brasao","revisao_pendente"
"MG","3152907","Pratápolis","bandeira","revisao_pendente"
"MG","3153004","Pratinha","brasao","revisao_pendente"
"MG","3153004","Pratinha","bandeira","nao_encontrado"
"MG","3153103","Presidente Bernardes","brasao","nao_encontrado"
"MG","3153103","Presidente Bernardes","bandeira","nao_encontrado"
"MG","3153202","Presidente Juscelino","brasao","nao_encontrado"
"MG","3153202","Presidente Juscelino","bandeira","nao_encontrado"
"MG","3153301","Presidente Kubitschek","brasao","revisao_pendente"
"MG","3153301","Presidente Kubitschek","bandeira","revisao_pendente"
"MG","3153400","Presidente Olegário","brasao","revisao_pendente"
"MG","3153400","Presidente Olegário","bandeira","revisao_pendente"
"MG","3153509","Alto Jequitibá","brasao","revisao_pendente"
"MG","3153509","Alto Jequitibá","bandeira","revisao_pendente"
"MG","3153608","Prudente de Morais","brasao","revisao_pendente"
"MG","3153608","Prudente de Morais","bandeira","nao_encontrado"
"MG","3153707","Quartel Geral","brasao","revisao_pendente"
"MG","3153707","Quartel Geral","bandeira","revisao_pendente"
"MG","3153806","Queluzito","brasao","nao_encontrado"
"MG","3153806","Queluzito","bandeira","nao_encontrado"
"MG","3153905","Raposos","brasao","revisao_pendente"
"MG","3153905","Raposos","bandeira","revisao_pendente"
"MG","3154002","Raul Soares","brasao","revisao_pendente"
"MG","3154002","Raul Soares","bandeira","revisao_pendente"
"MG","3154101","Recreio","brasao","revisao_pendente"
"MG","3154101","Recreio","bandeira","revisao_pendente"
"MG","3154150","Reduto","brasao","revisao_pendente"
"MG","3154150","Reduto","bandeira","revisao_pendente"
"MG","3154200","Resende Costa","brasao","revisao_pendente"
"MG","3154200","Resende Costa","bandeira","revisao_pendente"
"MG","3154309","Resplendor","brasao","revisao_pendente"
"MG","3154309","Resplendor","bandeira","revisao_pendente"
"MG","3154408","Ressaquinha","brasao","revisao_pendente"
"MG","3154408","Ressaquinha","bandeira","revisao_pendente"
"MG","3154457","Riachinho","brasao","nao_encontrado"
"MG","3154457","Riachinho","bandeira","nao_encontrado"
"MG","3154507","Riacho dos Machados","brasao","nao_encontrado"
"MG","3154507","Riacho dos Machados","bandeira","nao_encontrado"
"MG","3154606","Ribeirão das Neves","brasao","revisao_pendente"
"MG","3154606","Ribeirão das Neves","bandeira","revisao_pendente"
"MG","3154705","Ribeirão Vermelho","brasao","nao_encontrado"
"MG","3154705","Ribeirão Vermelho","bandeira","revisao_pendente"
"MG","3154804","Rio Acima","brasao","revisao_pendente"
"MG","3154804","Rio Acima","bandeira","nao_encontrado"
"MG","3154903","Rio Casca","brasao","revisao_pendente"
"MG","3154903","Rio Casca","bandeira","revisao_pendente"
"MG","3155009","Rio Doce","brasao","revisao_pendente"
"MG","3155009","Rio Doce","bandeira","revisao_pendente"
"MG","3155108","Rio do Prado","brasao","revisao_pendente"
"MG","3155108","Rio do Prado","bandeira","revisao_pendente"
"MG","3155207","Rio Espera","brasao","nao_encontrado"
"MG","3155207","Rio Espera","bandeira","revisao_pendente"
"MG","3155306","Rio Manso","brasao","revisao_pendente"
"MG","3155306","Rio Manso","bandeira","nao_encontrado"
"MG","3155405","Rio Novo","brasao","revisao_pendente"
"MG","3155405","Rio Novo","bandeira","revisao_pendente"
"MG","3155504","Rio Paranaíba","brasao","revisao_pendente"
"MG","3155504","Rio Paranaíba","bandeira","revisao_pendente"
"MG","3155603","Rio Pardo de Minas","brasao","revisao_pendente"
"MG","3155603","Rio Pardo de Minas","bandeira","revisao_pendente"
"MG","3155702","Rio Piracicaba","brasao","revisao_pendente"
"MG","3155702","Rio Piracicaba","bandeira","revisao_pendente"
"MG","3155801","Rio Pomba","brasao","revisao_pendente"
"MG","3155801","Rio Pomba","bandeira","revisao_pendente"
"MG","3155900","Rio Preto","brasao","revisao_pendente"
"MG","3155900","Rio Preto","bandeira","revisao_pendente"
"MG","3156007","Rio Vermelho","brasao","revisao_pendente"
"MG","3156007","Rio Vermelho","bandeira","revisao_pendente"
"MG","3156106","Ritápolis","brasao","revisao_pendente"
"MG","3156106","Ritápolis","bandeira","nao_encontrado"
"MG","3156205","Rochedo de Minas","brasao","revisao_pendente"
"MG","3156205","Rochedo de Minas","bandeira","revisao_pendente"
"MG","3156304","Rodeiro","brasao","nao_encontrado"
"MG","3156304","Rodeiro","bandeira","nao_encontrado"
"MG","3156403","Romaria","brasao","revisao_pendente"
"MG","3156403","Romaria","bandeira","revisao_pendente"
"MG","3156452","Rosário da Limeira","brasao","nao_encontrado"
"MG","3156452","Rosário da Limeira","bandeira","nao_encontrado"
"MG","3156502","Rubelita","brasao","revisao_pendente"
"MG","3156502","Rubelita","bandeira","revisao_pendente"
"MG","3156601","Rubim","brasao","revisao_pendente"
"MG","3156601","Rubim","bandeira","revisao_pendente"
"MG","3156700","Sabará","brasao","revisao_pendente"
"MG","3156700","Sabará","bandeira","revisao_pendente"
"MG","3156809","Sabinópolis","brasao","revisao_pendente"
"MG","3156809","Sabinópolis","bandeira","revisao_pendente"
"MG","3156908","Sacramento","brasao","revisao_pendente"
"MG","3156908","Sacramento","bandeira","revisao_pendente"
"MG","3157005","Salinas","brasao","revisao_pendente"
"MG","3157005","Salinas","bandeira","revisao_pendente"
"MG","3157104","Salto da Divisa","brasao","nao_encontrado"
"MG","3157104","Salto da Divisa","bandeira","revisao_pendente"
"MG","3157203","Santa Bárbara","brasao","revisao_pendente"
"MG","3157203","Santa Bárbara","bandeira","revisao_pendente"
"MG","3157252","Santa Bárbara do Leste","brasao","revisao_pendente"
"MG","3157252","Santa Bárbara do Leste","bandeira","revisao_pendente"
"MG","3157278","Santa Bárbara do Monte Verde","brasao","revisao_pendente"
"MG","3157278","Santa Bárbara do Monte Verde","bandeira","revisao_pendente"
"MG","3157302","Santa Bárbara do Tugúrio","brasao","nao_encontrado"
"MG","3157302","Santa Bárbara do Tugúrio","bandeira","nao_encontrado"
"MG","3157336","Santa Cruz de Minas","brasao","nao_encontrado"
"MG","3157336","Santa Cruz de Minas","bandeira","revisao_pendente"
"MG","3157377","Santa Cruz de Salinas","brasao","nao_encontrado"
"MG","3157377","Santa Cruz de Salinas","bandeira","nao_encontrado"
"MG","3157401","Santa Cruz do Escalvado","brasao","revisao_pendente"
"MG","3157401","Santa Cruz do Escalvado","bandeira","revisao_pendente"
"MG","3157500","Santa Efigênia de Minas","brasao","revisao_pendente"
"MG","3157500","Santa Efigênia de Minas","bandeira","nao_encontrado"
"MG","3157609","Santa Fé de Minas","brasao","revisao_pendente"
"MG","3157609","Santa Fé de Minas","bandeira","revisao_pendente"
"MG","3157658","Santa Helena de Minas","brasao","revisao_pendente"
"MG","3157658","Santa Helena de Minas","bandeira","nao_encontrado"
"MG","3157708","Santa Juliana","brasao","revisao_pendente"
"MG","3157708","Santa Juliana","bandeira","nao_encontrado"
"MG","3157807","Santa Luzia","brasao","revisao_pendente"
"MG","3157807","Santa Luzia","bandeira","revisao_pendente"
"MG","3157906","Santa Margarida","brasao","revisao_pendente"
"MG","3157906","Santa Margarida","bandeira","nao_encontrado"
"MG","3158003","Santa Maria de Itabira","brasao","revisao_pendente"
"MG","3158003","Santa Maria de Itabira","bandeira","revisao_pendente"
"MG","3158102","Santa Maria do Salto","brasao","revisao_pendente"
"MG","3158102","Santa Maria do Salto","bandeira","revisao_pendente"
"MG","3158201","Santa Maria do Suaçuí","brasao","revisao_pendente"
"MG","3158201","Santa Maria do Suaçuí","bandeira","revisao_pendente"
"MG","3158300","Santana da Vargem","brasao","revisao_pendente"
"MG","3158300","Santana da Vargem","bandeira","revisao_pendente"
"MG","3158409","Santana de Cataguases","brasao","revisao_pendente"
"MG","3158409","Santana de Cataguases","bandeira","nao_encontrado"
"MG","3158508","Santana de Pirapama","brasao","nao_encontrado"
"MG","3158508","Santana de Pirapama","bandeira","nao_encontrado"
"MG","3158607","Santana do Deserto","brasao","nao_encontrado"
"MG","3158607","Santana do Deserto","bandeira","nao_encontrado"
"MG","3158706","Santana do Garambéu","brasao","revisao_pendente"
"MG","3158706","Santana do Garambéu","bandeira","nao_encontrado"
"MG","3158805","Santana do Jacaré","brasao","revisao_pendente"
"MG","3158805","Santana do Jacaré","bandeira","revisao_pendente"
"MG","3158904","Santana do Manhuaçu","brasao","revisao_pendente"
"MG","3158904","Santana do Manhuaçu","bandeira","revisao_pendente"
"MG","3158953","Santana do Paraíso","brasao","nao_encontrado"
"MG","3158953","Santana do Paraíso","bandeira","nao_encontrado"
"MG","3159001","Santana do Riacho","brasao","revisao_pendente"
"MG","3159001","Santana do Riacho","bandeira","revisao_pendente"
"MG","3159100","Santana dos Montes","brasao","revisao_pendente"
"MG","3159100","Santana dos Montes","bandeira","revisao_pendente"
"MG","3159209","Santa Rita de Caldas","brasao","revisao_pendente"
"MG","3159209","Santa Rita de Caldas","bandeira","nao_encontrado"
"MG","3159308","Santa Rita de Jacutinga","brasao","revisao_pendente"
"MG","3159308","Santa Rita de Jacutinga","bandeira","revisao_pendente"
"MG","3159357","Santa Rita de Minas","brasao","revisao_pendente"
"MG","3159357","Santa Rita de Minas","bandeira","revisao_pendente"
"MG","3159407","Santa Rita de Ibitipoca","brasao","nao_encontrado"
"MG","3159407","Santa Rita de Ibitipoca","bandeira","nao_encontrado"
"MG","3159506","Santa Rita do Itueto","brasao","revisao_pendente"
"MG","3159506","Santa Rita do Itueto","bandeira","nao_encontrado"
"MG","3159605","Santa Rita do Sapucaí","brasao","revisao_pendente"
"MG","3159605","Santa Rita do Sapucaí","bandeira","revisao_pendente"
"MG","3159704","Santa Rosa da Serra","brasao","nao_encontrado"
"MG","3159704","Santa Rosa da Serra","bandeira","nao_encontrado"
"MG","3159803","Santa Vitória","brasao","revisao_pendente"
"MG","3159803","Santa Vitória","bandeira","nao_encontrado"
"MG","3159902","Santo Antônio do Amparo","brasao","revisao_pendente"
"MG","3159902","Santo Antônio do Amparo","bandeira","revisao_pendente"
"MG","3160009","Santo Antônio do Aventureiro","brasao","nao_encontrado"
"MG","3160009","Santo Antônio do Aventureiro","bandeira","nao_encontrado"
"MG","3160108","Santo Antônio do Grama","brasao","revisao_pendente"
"MG","3160108","Santo Antônio do Grama","bandeira","revisao_pendente"
"MG","3160207","Santo Antônio do Itambé","brasao","revisao_pendente"
"MG","3160207","Santo Antônio do Itambé","bandeira","nao_encontrado"
"MG","3160306","Santo Antônio do Jacinto","brasao","revisao_pendente"
"MG","3160306","Santo Antônio do Jacinto","bandeira","revisao_pendente"
"MG","3160405","Santo Antônio do Monte","brasao","revisao_pendente"
"MG","3160405","Santo Antônio do Monte","bandeira","revisao_pendente"
"MG","3160454","Santo Antônio do Retiro","brasao","nao_encontrado"
"MG","3160454","Santo Antônio do Retiro","bandeira","nao_encontrado"
"MG","3160504","Santo Antônio do Rio Abaixo","brasao","revisao_pendente"
"MG","3160504","Santo Antônio do Rio Abaixo","bandeira","revisao_pendente"
"MG","3160603","Santo Hipólito","brasao","revisao_pendente"
"MG","3160603","Santo Hipólito","bandeira","nao_encontrado"
"MG","3160702","Santos Dumont","brasao","revisao_pendente"
"MG","3160702","Santos Dumont","bandeira","revisao_pendente"
"MG","3160801","São Bento Abade","brasao","revisao_pendente"
"MG","3160801","São Bento Abade","bandeira","revisao_pendente"
"MG","3160900","São Brás do Suaçuí","brasao","revisao_pendente"
"MG","3160900","São Brás do Suaçuí","bandeira","revisao_pendente"
"MG","3160959","São Domingos das Dores","brasao","revisao_pendente"
"MG","3160959","São Domingos das Dores","bandeira","revisao_pendente"
"MG","3161007","São Domingos do Prata","brasao","revisao_pendente"
"MG","3161007","São Domingos do Prata","bandeira","revisao_pendente"
"MG","3161056","São Félix de Minas","brasao","revisao_pendente"
"MG","3161056","São Félix de Minas","bandeira","revisao_pendente"
"MG","3161106","São Francisco","brasao","revisao_pendente"
"MG","3161106","São Francisco","bandeira","revisao_pendente"
"MG","3161205","São Francisco de Paula","brasao","revisao_pendente"
"MG","3161205","São Francisco de Paula","bandeira","revisao_pendente"
"MG","3161304","São Francisco de Sales","brasao","nao_encontrado"
"MG","3161304","São Francisco de Sales","bandeira","nao_encontrado"
"MG","3161403","São Francisco do Glória","brasao","nao_encontrado"
"MG","3161403","São Francisco do Glória","bandeira","nao_encontrado"
"MG","3161502","São Geraldo","brasao","revisao_pendente"
"MG","3161502","São Geraldo","bandeira","revisao_pendente"
"MG","3161601","São Geraldo da Piedade","brasao","nao_encontrado"
"MG","3161601","São Geraldo da Piedade","bandeira","nao_encontrado"
"MG","3161650","São Geraldo do Baixio","brasao","revisao_pendente"
"MG","3161650","São Geraldo do Baixio","bandeira","revisao_pendente"
"MG","3161700","São Gonçalo do Abaeté","brasao","nao_encontrado"
"MG","3161700","São Gonçalo do Abaeté","bandeira","nao_encontrado"
"MG","3161809","São Gonçalo do Pará","brasao","revisao_pendente"
"MG","3161809","São Gonçalo do Pará","bandeira","revisao_pendente"
"MG","3161908","São Gonçalo do Rio Abaixo","brasao","revisao_pendente"
"MG","3161908","São Gonçalo do Rio Abaixo","bandeira","revisao_pendente"
"MG","3162005","São Gonçalo do Sapucaí","brasao","revisao_pendente"
"MG","3162005","São Gonçalo do Sapucaí","bandeira","revisao_pendente"
"MG","3162104","São Gotardo","brasao","revisao_pendente"
"MG","3162104","São Gotardo","bandeira","revisao_pendente"
"MG","3162203","São João Batista do Glória","brasao","nao_encontrado"
"MG","3162203","São João Batista do Glória","bandeira","nao_encontrado"
"MG","3162252","São João da Lagoa","brasao","nao_encontrado"
"MG","3162252","São João da Lagoa","bandeira","revisao_pendente"
"MG","3162302","São João da Mata","brasao","revisao_pendente"
"MG","3162302","São João da Mata","bandeira","revisao_pendente"
"MG","3162401","São João da Ponte","brasao","nao_encontrado"
"MG","3162401","São João da Ponte","bandeira","nao_encontrado"
"MG","3162450","São João das Missões","brasao","nao_encontrado"
"MG","3162450","São João das Missões","bandeira","nao_encontrado"
"MG","3162500","São João del Rei","brasao","revisao_pendente"
"MG","3162500","São João del Rei","bandeira","revisao_pendente"
"MG","3162559","São João do Manhuaçu","brasao","revisao_pendente"
"MG","3162559","São João do Manhuaçu","bandeira","nao_encontrado"
"MG","3162575","São João do Manteninha","brasao","nao_encontrado"
"MG","3162575","São João do Manteninha","bandeira","nao_encontrado"
"MG","3162609","São João do Oriente","brasao","revisao_pendente"
"MG","3162609","São João do Oriente","bandeira","revisao_pendente"
"MG","3162658","São João do Pacuí","brasao","nao_encontrado"
"MG","3162658","São João do Pacuí","bandeira","nao_encontrado"
"MG","3162708","São João do Paraíso","brasao","revisao_pendente"
"MG","3162708","São João do Paraíso","bandeira","revisao_pendente"
"MG","3162807","São João Evangelista","brasao","revisao_pendente"
"MG","3162807","São João Evangelista","bandeira","revisao_pendente"
"MG","3162906","São João Nepomuceno","brasao","revisao_pendente"
"MG","3162906","São João Nepomuceno","bandeira","revisao_pendente"
"MG","3162922","São Joaquim de Bicas","brasao","revisao_pendente"
"MG","3162922","São Joaquim de Bicas","bandeira","revisao_pendente"
"MG","3162948","São José da Barra","brasao","revisao_pendente"
"MG","3162948","São José da Barra","bandeira","revisao_pendente"
"MG","3162955","São José da Lapa","brasao","revisao_pendente"
"MG","3162955","São José da Lapa","bandeira","revisao_pendente"
"MG","3163003","São José da Safira","brasao","revisao_pendente"
"MG","3163003","São José da Safira","bandeira","revisao_pendente"
"MG","3163102","São José da Varginha","brasao","revisao_pendente"
"MG","3163102","São José da Varginha","bandeira","nao_encontrado"
"MG","3163201","São José do Alegre","brasao","revisao_pendente"
"MG","3163201","São José do Alegre","bandeira","nao_encontrado"
"MG","3163300","São José do Divino","brasao","revisao_pendente"
"MG","3163300","São José do Divino","bandeira","nao_encontrado"
"MG","3163409","São José do Goiabal","brasao","revisao_pendente"
"MG","3163409","São José do Goiabal","bandeira","revisao_pendente"
"MG","3163508","São José do Jacuri","brasao","revisao_pendente"
"MG","3163508","São José do Jacuri","bandeira","revisao_pendente"
"MG","3163607","São José do Mantimento","brasao","revisao_pendente"
"MG","3163607","São José do Mantimento","bandeira","nao_encontrado"
"MG","3163706","São Lourenço","brasao","revisao_pendente"
"MG","3163706","São Lourenço","bandeira","revisao_pendente"
"MG","3163805","São Miguel do Anta","brasao","nao_encontrado"
"MG","3163805","São Miguel do Anta","bandeira","nao_encontrado"
"MG","3163904","São Pedro da União","brasao","nao_encontrado"
"MG","3163904","São Pedro da União","bandeira","nao_encontrado"
"MG","3164001","São Pedro dos Ferros","brasao","revisao_pendente"
"MG","3164001","São Pedro dos Ferros","bandeira","revisao_pendente"
"MG","3164100","São Pedro do Suaçuí","brasao","revisao_pendente"
"MG","3164100","São Pedro do Suaçuí","bandeira","nao_encontrado"
"MG","3164209","São Romão","brasao","revisao_pendente"
"MG","3164209","São Romão","bandeira","revisao_pendente"
"MG","3164308","São Roque de Minas","brasao","nao_encontrado"
"MG","3164308","São Roque de Minas","bandeira","nao_encontrado"
"MG","3164407","São Sebastião da Bela Vista","brasao","revisao_pendente"
"MG","3164407","São Sebastião da Bela Vista","bandeira","revisao_pendente"
"MG","3164431","São Sebastião da Vargem Alegre","brasao","revisao_pendente"
"MG","3164431","São Sebastião da Vargem Alegre","bandeira","nao_encontrado"
"MG","3164472","São Sebastião do Anta","brasao","nao_encontrado"
"MG","3164472","São Sebastião do Anta","bandeira","nao_encontrado"
"MG","3164506","São Sebastião do Maranhão","brasao","nao_encontrado"
"MG","3164506","São Sebastião do Maranhão","bandeira","nao_encontrado"
"MG","3164605","São Sebastião do Oeste","brasao","nao_encontrado"
"MG","3164605","São Sebastião do Oeste","bandeira","nao_encontrado"
"MG","3164704","São Sebastião do Paraíso","brasao","revisao_pendente"
"MG","3164704","São Sebastião do Paraíso","bandeira","revisao_pendente"
"MG","3164803","São Sebastião do Rio Preto","brasao","nao_encontrado"
"MG","3164803","São Sebastião do Rio Preto","bandeira","nao_encontrado"
"MG","3164902","São Sebastião do Rio Verde","brasao","revisao_pendente"
"MG","3164902","São Sebastião do Rio Verde","bandeira","revisao_pendente"
"MG","3165008","São Tiago","brasao","revisao_pendente"
"MG","3165008","São Tiago","bandeira","revisao_pendente"
"MG","3165107","São Tomás de Aquino","brasao","nao_encontrado"
"MG","3165107","São Tomás de Aquino","bandeira","nao_encontrado"
"MG","3165206","São Tomé das Letras","brasao","revisao_pendente"
"MG","3165206","São Tomé das Letras","bandeira","revisao_pendente"
"MG","3165305","São Vicente de Minas","brasao","revisao_pendente"
"MG","3165305","São Vicente de Minas","bandeira","revisao_pendente"
"MG","3165404","Sapucaí-Mirim","brasao","revisao_pendente"
"MG","3165404","Sapucaí-Mirim","bandeira","revisao_pendente"
"MG","3165503","Sardoá","brasao","revisao_pendente"
"MG","3165503","Sardoá","bandeira","revisao_pendente"
"MG","3165537","Sarzedo","brasao","revisao_pendente"
"MG","3165537","Sarzedo","bandeira","nao_encontrado"
"MG","3165552","Setubinha","brasao","revisao_pendente"
"MG","3165552","Setubinha","bandeira","revisao_pendente"
"MG","3165560","Sem-Peixe","brasao","revisao_pendente"
"MG","3165560","Sem-Peixe","bandeira","nao_encontrado"
"MG","3165578","Senador Amaral","brasao","revisao_pendente"
"MG","3165578","Senador Amaral","bandeira","revisao_pendente"
"MG","3165602","Senador Cortes","brasao","revisao_pendente"
"MG","3165602","Senador Cortes","bandeira","nao_encontrado"
"MG","3165701","Senador Firmino","brasao","revisao_pendente"
"MG","3165701","Senador Firmino","bandeira","revisao_pendente"
"MG","3165800","Senador José Bento","brasao","revisao_pendente"
"MG","3165800","Senador José Bento","bandeira","revisao_pendente"
"MG","3165909","Senador Modestino Gonçalves","brasao","nao_encontrado"
"MG","3165909","Senador Modestino Gonçalves","bandeira","nao_encontrado"
"MG","3166006","Senhora de Oliveira","brasao","revisao_pendente"
"MG","3166006","Senhora de Oliveira","bandeira","revisao_pendente"
"MG","3166105","Senhora do Porto","brasao","revisao_pendente"
"MG","3166105","Senhora do Porto","bandeira","nao_encontrado"
"MG","3166204","Senhora dos Remédios","brasao","revisao_pendente"
"MG","3166204","Senhora dos Remédios","bandeira","revisao_pendente"
"MG","3166303","Sericita","brasao","revisao_pendente"
"MG","3166303","Sericita","bandeira","revisao_pendente"
"MG","3166402","Seritinga","brasao","revisao_pendente"
"MG","3166402","Seritinga","bandeira","revisao_pendente"
"MG","3166501","Serra Azul de Minas","brasao","nao_encontrado"
"MG","3166501","Serra Azul de Minas","bandeira","nao_encontrado"
"MG","3166600","Serra da Saudade","brasao","revisao_pendente"
"MG","3166600","Serra da Saudade","bandeira","revisao_pendente"
"MG","3166709","Serra dos Aimorés","brasao","revisao_pendente"
"MG","3166709","Serra dos Aimorés","bandeira","revisao_pendente"
"MG","3166808","Serra do Salitre","brasao","nao_encontrado"
"MG","3166808","Serra do Salitre","bandeira","nao_encontrado"
"MG","3166907","Serrania","brasao","revisao_pendente"
"MG","3166907","Serrania","bandeira","revisao_pendente"
"MG","3166956","Serranópolis de Minas","brasao","nao_encontrado"
"MG","3166956","Serranópolis de Minas","bandeira","nao_encontrado"
"MG","3167004","Serranos","brasao","nao_encontrado"
"MG","3167004","Serranos","bandeira","nao_encontrado"
"MG","3167103","Serro","brasao","revisao_pendente"
"MG","3167103","Serro","bandeira","revisao_pendente"
"MG","3167202","Sete Lagoas","brasao","revisao_pendente"
"MG","3167202","Sete Lagoas","bandeira","revisao_pendente"
"MG","3167301","Silveirânia","brasao","revisao_pendente"
"MG","3167301","Silveirânia","bandeira","revisao_pendente"
"MG","3167400","Silvianópolis","brasao","nao_encontrado"
"MG","3167400","Silvianópolis","bandeira","nao_encontrado"
"MG","3167509","Simão Pereira","brasao","nao_encontrado"
"MG","3167509","Simão Pereira","bandeira","nao_encontrado"
"MG","3167608","Simonésia","brasao","revisao_pendente"
"MG","3167608","Simonésia","bandeira","revisao_pendente"
"MG","3167707","Sobrália","brasao","revisao_pendente"
"MG","3167707","Sobrália","bandeira","revisao_pendente"
"MG","3167806","Soledade de Minas","brasao","revisao_pendente"
"MG","3167806","Soledade de Minas","bandeira","revisao_pendente"
"MG","3167905","Tabuleiro","brasao","revisao_pendente"
"MG","3167905","Tabuleiro","bandeira","revisao_pendente"
"MG","3168002","Taiobeiras","brasao","revisao_pendente"
"MG","3168002","Taiobeiras","bandeira","revisao_pendente"
"MG","3168051","Taparuba","brasao","revisao_pendente"
"MG","3168051","Taparuba","bandeira","revisao_pendente"
"MG","3168101","Tapira","brasao","revisao_pendente"
"MG","3168101","Tapira","bandeira","revisao_pendente"
"MG","3168200","Tapiraí","brasao","nao_encontrado"
"MG","3168200","Tapiraí","bandeira","nao_encontrado"
"MG","3168309","Taquaraçu de Minas","brasao","revisao_pendente"
"MG","3168309","Taquaraçu de Minas","bandeira","nao_encontrado"
"MG","3168408","Tarumirim","brasao","revisao_pendente"
"MG","3168408","Tarumirim","bandeira","revisao_pendente"
"MG","3168507","Teixeiras","brasao","revisao_pendente"
"MG","3168507","Teixeiras","bandeira","revisao_pendente"
"MG","3168606","Teófilo Otoni","brasao","revisao_pendente"
"MG","3168606","Teófilo Otoni","bandeira","revisao_pendente"
"MG","3168705","Timóteo","brasao","revisao_pendente"
"MG","3168705","Timóteo","bandeira","revisao_pendente"
"MG","3168804","Tiradentes","brasao","revisao_pendente"
"MG","3168804","Tiradentes","bandeira","revisao_pendente"
"MG","3168903","Tiros","brasao","revisao_pendente"
"MG","3168903","Tiros","bandeira","revisao_pendente"
"MG","3169000","Tocantins","brasao","nao_encontrado"
"MG","3169000","Tocantins","bandeira","nao_encontrado"
"MG","3169059","Tocos do Moji","brasao","revisao_pendente"
"MG","3169059","Tocos do Moji","bandeira","nao_encontrado"
"MG","3169109","Toledo","brasao","nao_encontrado"
"MG","3169109","Toledo","bandeira","nao_encontrado"
"MG","3169208","Tombos","brasao","revisao_pendente"
"MG","3169208","Tombos","bandeira","revisao_pendente"
"MG","3169307","Três Corações","brasao","revisao_pendente"
"MG","3169307","Três Corações","bandeira","revisao_pendente"
"MG","3169356","Três Marias","brasao","revisao_pendente"
"MG","3169356","Três Marias","bandeira","nao_encontrado"
"MG","3169406","Três Pontas","brasao","revisao_pendente"
"MG","3169406","Três Pontas","bandeira","revisao_pendente"
"MG","3169505","Tumiritinga","brasao","revisao_pendente"
"MG","3169505","Tumiritinga","bandeira","revisao_pendente"
"MG","3169604","Tupaciguara","brasao","revisao_pendente"
"MG","3169604","Tupaciguara","bandeira","revisao_pendente"
"MG","3169703","Turmalina","brasao","revisao_pendente"
"MG","3169703","Turmalina","bandeira","revisao_pendente"
"MG","3169802","Turvolândia","brasao","nao_encontrado"
"MG","3169802","Turvolândia","bandeira","nao_encontrado"
"MG","3169901","Ubá","brasao","revisao_pendente"
"MG","3169901","Ubá","bandeira","revisao_pendente"
"MG","3170008","Ubaí","brasao","revisao_pendente"
"MG","3170008","Ubaí","bandeira","revisao_pendente"
"MG","3170057","Ubaporanga","brasao","revisao_pendente"
"MG","3170057","Ubaporanga","bandeira","revisao_pendente"
"MG","3170107","Uberaba","brasao","revisao_pendente"
"MG","3170107","Uberaba","bandeira","revisao_pendente"
"MG","3170206","Uberlândia","brasao","revisao_pendente"
"MG","3170206","Uberlândia","bandeira","revisao_pendente"
"MG","3170305","Umburatiba","brasao","revisao_pendente"
"MG","3170305","Umburatiba","bandeira","revisao_pendente"
"MG","3170404","Unaí","brasao","revisao_pendente"
"MG","3170404","Unaí","bandeira","revisao_pendente"
"MG","3170438","União de Minas","brasao","revisao_pendente"
"MG","3170438","União de Minas","bandeira","revisao_pendente"
"MG","3170479","Uruana de Minas","brasao","nao_encontrado"
"MG","3170479","Uruana de Minas","bandeira","nao_encontrado"
"MG","3170503","Urucânia","brasao","revisao_pendente"
"MG","3170503","Urucânia","bandeira","revisao_pendente"
"MG","3170529","Urucuia","brasao","revisao_pendente"
"MG","3170529","Urucuia","bandeira","revisao_pendente"
"MG","3170578","Vargem Alegre","brasao","revisao_pendente"
"MG","3170578","Vargem Alegre","bandeira","revisao_pendente"
"MG","3170602","Vargem Bonita","brasao","nao_encontrado"
"MG","3170602","Vargem Bonita","bandeira","revisao_pendente"
"MG","3170651","Vargem Grande do Rio Pardo","brasao","nao_encontrado"
"MG","3170651","Vargem Grande do Rio Pardo","bandeira","nao_encontrado"
"MG","3170701","Varginha","brasao","revisao_pendente"
"MG","3170701","Varginha","bandeira","revisao_pendente"
"MG","3170750","Varjão de Minas","brasao","nao_encontrado"
"MG","3170750","Varjão de Minas","bandeira","nao_encontrado"
"MG","3170800","Várzea da Palma","brasao","revisao_pendente"
"MG","3170800","Várzea da Palma","bandeira","revisao_pendente"
"MG","3170909","Varzelândia","brasao","revisao_pendente"
"MG","3170909","Varzelândia","bandeira","revisao_pendente"
"MG","3171006","Vazante","brasao","revisao_pendente"
"MG","3171006","Vazante","bandeira","revisao_pendente"
"MG","3171030","Verdelândia","brasao","nao_encontrado"
"MG","3171030","Verdelândia","bandeira","nao_encontrado"
"MG","3171071","Veredinha","brasao","revisao_pendente"
"MG","3171071","Veredinha","bandeira","nao_encontrado"
"MG","3171105","Veríssimo","brasao","nao_encontrado"
"MG","3171105","Veríssimo","bandeira","nao_encontrado"
"MG","3171154","Vermelho Novo","brasao","revisao_pendente"
"MG","3171154","Vermelho Novo","bandeira","revisao_pendente"
"MG","3171204","Vespasiano","brasao","revisao_pendente"
"MG","3171204","Vespasiano","bandeira","revisao_pendente"
"MG","3171303","Viçosa","brasao","revisao_pendente"
"MG","3171303","Viçosa","bandeira","revisao_pendente"
"MG","3171402","Vieiras","brasao","revisao_pendente"
"MG","3171402","Vieiras","bandeira","revisao_pendente"
"MG","3171501","Mathias Lobato","brasao","revisao_pendente"
"MG","3171501","Mathias Lobato","bandeira","revisao_pendente"
"MG","3171600","Virgem da Lapa","brasao","revisao_pendente"
"MG","3171600","Virgem da Lapa","bandeira","revisao_pendente"
"MG","3171709","Virgínia","brasao","revisao_pendente"
"MG","3171709","Virgínia","bandeira","nao_encontrado"
"MG","3171808","Virginópolis","brasao","nao_encontrado"
"MG","3171808","Virginópolis","bandeira","nao_encontrado"
"MG","3171907","Virgolândia","brasao","nao_encontrado"
"MG","3171907","Virgolândia","bandeira","nao_encontrado"
"MG","3172004","Visconde do Rio Branco","brasao","revisao_pendente"
"MG","3172004","Visconde do Rio Branco","bandeira","revisao_pendente"
"MG","3172103","Volta Grande","brasao","nao_encontrado"
"MG","3172103","Volta Grande","bandeira","nao_encontrado"
"MG","3172202","Wenceslau Braz","brasao","revisao_pendente"
"MG","3172202","Wenceslau Braz","bandeira","revisao_pendente"
"ES","3200102","Afonso Cláudio","brasao","revisao_pendente"
"ES","3200102","Afonso Cláudio","bandeira","revisao_pendente"
"ES","3200136","Águia Branca","brasao","revisao_pendente"
"ES","3200136","Águia Branca","bandeira","revisao_pendente"
"ES","3200169","Água Doce do Norte","brasao","revisao_pendente"
"ES","3200169","Água Doce do Norte","bandeira","nao_encontrado"
"ES","3200201","Alegre","brasao","revisao_pendente"
"ES","3200201","Alegre","bandeira","revisao_pendente"
"ES","3200300","Alfredo Chaves","brasao","revisao_pendente"
"ES","3200300","Alfredo Chaves","bandeira","revisao_pendente"
"ES","3200359","Alto Rio Novo","brasao","revisao_pendente"
"ES","3200359","Alto Rio Novo","bandeira","revisao_pendente"
"ES","3200409","Anchieta","brasao","revisao_pendente"
"ES","3200409","Anchieta","bandeira","revisao_pendente"
"ES","3200508","Apiacá","brasao","revisao_pendente"
"ES","3200508","Apiacá","bandeira","revisao_pendente"
"ES","3200607","Aracruz","brasao","revisao_pendente"
"ES","3200607","Aracruz","bandeira","revisao_pendente"
"ES","3200706","Atílio Vivácqua","brasao","revisao_pendente"
"ES","3200706","Atílio Vivácqua","bandeira","revisao_pendente"
"ES","3200805","Baixo Guandu","brasao","revisao_pendente"
"ES","3200805","Baixo Guandu","bandeira","revisao_pendente"
"ES","3200904","Barra de São Francisco","brasao","revisao_pendente"
"ES","3200904","Barra de São Francisco","bandeira","revisao_pendente"
"ES","3201001","Boa Esperança","brasao","revisao_pendente"
"ES","3201001","Boa Esperança","bandeira","revisao_pendente"
"ES","3201100","Bom Jesus do Norte","brasao","revisao_pendente"
"ES","3201100","Bom Jesus do Norte","bandeira","revisao_pendente"
"ES","3201159","Brejetuba","brasao","revisao_pendente"
"ES","3201159","Brejetuba","bandeira","revisao_pendente"
"ES","3201209","Cachoeiro de Itapemirim","brasao","revisao_pendente"
"ES","3201209","Cachoeiro de Itapemirim","bandeira","rejeitado"
"ES","3201308","Cariacica","brasao","revisao_pendente"
"ES","3201308","Cariacica","bandeira","revisao_pendente"
"ES","3201407","Castelo","brasao","revisao_pendente"
"ES","3201407","Castelo","bandeira","revisao_pendente"
"ES","3201506","Colatina","brasao","revisao_pendente"
"ES","3201506","Colatina","bandeira","revisao_pendente"
"ES","3201605","Conceição da Barra","brasao","revisao_pendente"
"ES","3201605","Conceição da Barra","bandeira","revisao_pendente"
"ES","3201704","Conceição do Castelo","brasao","revisao_pendente"
"ES","3201704","Conceição do Castelo","bandeira","revisao_pendente"
"ES","3201803","Divino de São Lourenço","brasao","nao_encontrado"
"ES","3201803","Divino de São Lourenço","bandeira","nao_encontrado"
"ES","3201902","Domingos Martins","brasao","revisao_pendente"
"ES","3201902","Domingos Martins","bandeira","revisao_pendente"
"ES","3202009","Dores do Rio Preto","brasao","revisao_pendente"
"ES","3202009","Dores do Rio Preto","bandeira","revisao_pendente"
"ES","3202108","Ecoporanga","brasao","revisao_pendente"
"ES","3202108","Ecoporanga","bandeira","revisao_pendente"
"ES","3202207","Fundão","brasao","revisao_pendente"
"ES","3202207","Fundão","bandeira","revisao_pendente"
"ES","3202256","Governador Lindenberg","brasao","revisao_pendente"
"ES","3202256","Governador Lindenberg","bandeira","revisao_pendente"
"ES","3202306","Guaçuí","brasao","revisao_pendente"
"ES","3202306","Guaçuí","bandeira","revisao_pendente"
"ES","3202405","Guarapari","brasao","revisao_pendente"
"ES","3202405","Guarapari","bandeira","revisao_pendente"
"ES","3202454","Ibatiba","brasao","revisao_pendente"
"ES","3202454","Ibatiba","bandeira","revisao_pendente"
"ES","3202504","Ibiraçu","brasao","revisao_pendente"
"ES","3202504","Ibiraçu","bandeira","revisao_pendente"
"ES","3202553","Ibitirama","brasao","revisao_pendente"
"ES","3202553","Ibitirama","bandeira","revisao_pendente"
"ES","3202603","Iconha","brasao","revisao_pendente"
"ES","3202603","Iconha","bandeira","revisao_pendente"
"ES","3202652","Irupi","brasao","revisao_pendente"
"ES","3202652","Irupi","bandeira","revisao_pendente"
"ES","3202702","Itaguaçu","brasao","revisao_pendente"
"ES","3202702","Itaguaçu","bandeira","revisao_pendente"
"ES","3202801","Itapemirim","brasao","revisao_pendente"
"ES","3202801","Itapemirim","bandeira","revisao_pendente"
"ES","3202900","Itarana","brasao","revisao_pendente"
"ES","3202900","Itarana","bandeira","revisao_pendente"
"ES","3203007","Iúna","brasao","revisao_pendente"
"ES","3203007","Iúna","bandeira","revisao_pendente"
"ES","3203056","Jaguaré","brasao","revisao_pendente"
"ES","3203056","Jaguaré","bandeira","revisao_pendente"
"ES","3203106","Jerônimo Monteiro","brasao","revisao_pendente"
"ES","3203106","Jerônimo Monteiro","bandeira","revisao_pendente"
"ES","3203130","João Neiva","brasao","revisao_pendente"
"ES","3203130","João Neiva","bandeira","revisao_pendente"
"ES","3203163","Laranja da Terra","brasao","revisao_pendente"
"ES","3203163","Laranja da Terra","bandeira","revisao_pendente"
"ES","3203205","Linhares","brasao","revisao_pendente"
"ES","3203205","Linhares","bandeira","revisao_pendente"
"ES","3203304","Mantenópolis","brasao","revisao_pendente"
"ES","3203304","Mantenópolis","bandeira","revisao_pendente"
"ES","3203320","Marataízes","brasao","revisao_pendente"
"ES","3203320","Marataízes","bandeira","revisao_pendente"
"ES","3203346","Marechal Floriano","brasao","revisao_pendente"
"ES","3203346","Marechal Floriano","bandeira","revisao_pendente"
"ES","3203353","Marilândia","brasao","revisao_pendente"
"ES","3203353","Marilândia","bandeira","revisao_pendente"
"ES","3203403","Mimoso do Sul","brasao","revisao_pendente"
"ES","3203403","Mimoso do Sul","bandeira","revisao_pendente"
"ES","3203502","Montanha","brasao","revisao_pendente"
"ES","3203502","Montanha","bandeira","revisao_pendente"
"ES","3203601","Mucurici","brasao","revisao_pendente"
"ES","3203601","Mucurici","bandeira","revisao_pendente"
"ES","3203700","Muniz Freire","brasao","revisao_pendente"
"ES","3203700","Muniz Freire","bandeira","revisao_pendente"
"ES","3203809","Muqui","brasao","revisao_pendente"
"ES","3203809","Muqui","bandeira","revisao_pendente"
"ES","3203908","Nova Venécia","brasao","revisao_pendente"
"ES","3203908","Nova Venécia","bandeira","revisao_pendente"
"ES","3204005","Pancas","brasao","revisao_pendente"
"ES","3204005","Pancas","bandeira","revisao_pendente"
"ES","3204054","Pedro Canário","brasao","revisao_pendente"
"ES","3204054","Pedro Canário","bandeira","revisao_pendente"
"ES","3204104","Pinheiros","brasao","revisao_pendente"
"ES","3204104","Pinheiros","bandeira","revisao_pendente"
"ES","3204203","Piúma","brasao","revisao_pendente"
"ES","3204203","Piúma","bandeira","revisao_pendente"
"ES","3204252","Ponto Belo","brasao","revisao_pendente"
"ES","3204252","Ponto Belo","bandeira","revisao_pendente"
"ES","3204302","Presidente Kennedy","brasao","revisao_pendente"
"ES","3204302","Presidente Kennedy","bandeira","revisao_pendente"
"ES","3204351","Rio Bananal","brasao","revisao_pendente"
"ES","3204351","Rio Bananal","bandeira","revisao_pendente"
"ES","3204401","Rio Novo do Sul","brasao","revisao_pendente"
"ES","3204401","Rio Novo do Sul","bandeira","revisao_pendente"
"ES","3204500","Santa Leopoldina","brasao","revisao_pendente"
"ES","3204500","Santa Leopoldina","bandeira","revisao_pendente"
"ES","3204559","Santa Maria de Jetibá","brasao","revisao_pendente"
"ES","3204559","Santa Maria de Jetibá","bandeira","revisao_pendente"
"ES","3204609","Santa Teresa","brasao","revisao_pendente"
"ES","3204609","Santa Teresa","bandeira","revisao_pendente"
"ES","3204658","São Domingos do Norte","brasao","revisao_pendente"
"ES","3204658","São Domingos do Norte","bandeira","revisao_pendente"
"ES","3204708","São Gabriel da Palha","brasao","revisao_pendente"
"ES","3204708","São Gabriel da Palha","bandeira","revisao_pendente"
"ES","3204807","São José do Calçado","brasao","revisao_pendente"
"ES","3204807","São José do Calçado","bandeira","revisao_pendente"
"ES","3204906","São Mateus","brasao","revisao_pendente"
"ES","3204906","São Mateus","bandeira","revisao_pendente"
"ES","3204955","São Roque do Canaã","brasao","revisao_pendente"
"ES","3204955","São Roque do Canaã","bandeira","revisao_pendente"
"ES","3205002","Serra","brasao","revisao_pendente"
"ES","3205002","Serra","bandeira","revisao_pendente"
"ES","3205010","Sooretama","brasao","revisao_pendente"
"ES","3205010","Sooretama","bandeira","revisao_pendente"
"ES","3205036","Vargem Alta","brasao","revisao_pendente"
"ES","3205036","Vargem Alta","bandeira","revisao_pendente"
"ES","3205069","Venda Nova do Imigrante","brasao","revisao_pendente"
"ES","3205069","Venda Nova do Imigrante","bandeira","revisao_pendente"
"ES","3205101","Viana","brasao","revisao_pendente"
"ES","3205101","Viana","bandeira","revisao_pendente"
"ES","3205150","Vila Pavão","brasao","revisao_pendente"
"ES","3205150","Vila Pavão","bandeira","revisao_pendente"
"ES","3205176","Vila Valério","brasao","revisao_pendente"
"ES","3205176","Vila Valério","bandeira","revisao_pendente"
"ES","3205200","Vila Velha","brasao","revisao_pendente"
"ES","3205200","Vila Velha","bandeira","revisao_pendente"
"ES","3205309","Vitória","brasao","revisao_pendente"
"ES","3205309","Vitória","bandeira","revisao_pendente"
"RJ","3300100","Angra dos Reis","brasao","revisao_pendente"
"RJ","3300100","Angra dos Reis","bandeira","revisao_pendente"
"RJ","3300159","Aperibé","brasao","revisao_pendente"
"RJ","3300159","Aperibé","bandeira","revisao_pendente"
"RJ","3300209","Araruama","brasao","revisao_pendente"
"RJ","3300209","Araruama","bandeira","revisao_pendente"
"RJ","3300225","Areal","brasao","revisao_pendente"
"RJ","3300225","Areal","bandeira","revisao_pendente"
"RJ","3300233","Armação dos Búzios","brasao","revisao_pendente"
"RJ","3300233","Armação dos Búzios","bandeira","revisao_pendente"
"RJ","3300258","Arraial do Cabo","brasao","revisao_pendente"
"RJ","3300258","Arraial do Cabo","bandeira","revisao_pendente"
"RJ","3300308","Barra do Piraí","brasao","revisao_pendente"
"RJ","3300308","Barra do Piraí","bandeira","revisao_pendente"
"RJ","3300407","Barra Mansa","brasao","revisao_pendente"
"RJ","3300407","Barra Mansa","bandeira","revisao_pendente"
"RJ","3300456","Belford Roxo","brasao","revisao_pendente"
"RJ","3300456","Belford Roxo","bandeira","revisao_pendente"
"RJ","3300506","Bom Jardim","brasao","revisao_pendente"
"RJ","3300506","Bom Jardim","bandeira","revisao_pendente"
"RJ","3300605","Bom Jesus do Itabapoana","brasao","revisao_pendente"
"RJ","3300605","Bom Jesus do Itabapoana","bandeira","revisao_pendente"
"RJ","3300704","Cabo Frio","brasao","revisao_pendente"
"RJ","3300704","Cabo Frio","bandeira","revisao_pendente"
"RJ","3300803","Cachoeiras de Macacu","brasao","revisao_pendente"
"RJ","3300803","Cachoeiras de Macacu","bandeira","revisao_pendente"
"RJ","3300902","Cambuci","brasao","revisao_pendente"
"RJ","3300902","Cambuci","bandeira","revisao_pendente"
"RJ","3300936","Carapebus","brasao","revisao_pendente"
"RJ","3300936","Carapebus","bandeira","revisao_pendente"
"RJ","3300951","Comendador Levy Gasparian","brasao","revisao_pendente"
"RJ","3300951","Comendador Levy Gasparian","bandeira","revisao_pendente"
"RJ","3301009","Campos dos Goytacazes","brasao","revisao_pendente"
"RJ","3301009","Campos dos Goytacazes","bandeira","revisao_pendente"
"RJ","3301108","Cantagalo","brasao","revisao_pendente"
"RJ","3301108","Cantagalo","bandeira","revisao_pendente"
"RJ","3301157","Cardoso Moreira","brasao","revisao_pendente"
"RJ","3301157","Cardoso Moreira","bandeira","revisao_pendente"
"RJ","3301207","Carmo","brasao","revisao_pendente"
"RJ","3301207","Carmo","bandeira","revisao_pendente"
"RJ","3301306","Casimiro de Abreu","brasao","revisao_pendente"
"RJ","3301306","Casimiro de Abreu","bandeira","revisao_pendente"
"RJ","3301405","Conceição de Macabu","brasao","revisao_pendente"
"RJ","3301405","Conceição de Macabu","bandeira","revisao_pendente"
"RJ","3301504","Cordeiro","brasao","revisao_pendente"
"RJ","3301504","Cordeiro","bandeira","revisao_pendente"
"RJ","3301603","Duas Barras","brasao","revisao_pendente"
"RJ","3301603","Duas Barras","bandeira","revisao_pendente"
"RJ","3301702","Duque de Caxias","brasao","revisao_pendente"
"RJ","3301702","Duque de Caxias","bandeira","revisao_pendente"
"RJ","3301801","Engenheiro Paulo de Frontin","brasao","revisao_pendente"
"RJ","3301801","Engenheiro Paulo de Frontin","bandeira","revisao_pendente"
"RJ","3301850","Guapimirim","brasao","revisao_pendente"
"RJ","3301850","Guapimirim","bandeira","revisao_pendente"
"RJ","3301876","Iguaba Grande","brasao","revisao_pendente"
"RJ","3301876","Iguaba Grande","bandeira","revisao_pendente"
"RJ","3301900","Itaboraí","brasao","revisao_pendente"
"RJ","3301900","Itaboraí","bandeira","revisao_pendente"
"RJ","3302007","Itaguaí","brasao","revisao_pendente"
"RJ","3302007","Itaguaí","bandeira","revisao_pendente"
"RJ","3302056","Italva","brasao","revisao_pendente"
"RJ","3302056","Italva","bandeira","revisao_pendente"
"RJ","3302106","Itaocara","brasao","revisao_pendente"
"RJ","3302106","Itaocara","bandeira","revisao_pendente"
"RJ","3302205","Itaperuna","brasao","revisao_pendente"
"RJ","3302205","Itaperuna","bandeira","revisao_pendente"
"RJ","3302254","Itatiaia","brasao","revisao_pendente"
"RJ","3302254","Itatiaia","bandeira","revisao_pendente"
"RJ","3302270","Japeri","brasao","revisao_pendente"
"RJ","3302270","Japeri","bandeira","revisao_pendente"
"RJ","3302304","Laje do Muriaé","brasao","revisao_pendente"
"RJ","3302304","Laje do Muriaé","bandeira","revisao_pendente"
"RJ","3302403","Macaé","brasao","revisao_pendente"
"RJ","3302403","Macaé","bandeira","revisao_pendente"
"RJ","3302452","Macuco","brasao","revisao_pendente"
"RJ","3302452","Macuco","bandeira","revisao_pendente"
"RJ","3302502","Magé","brasao","rejeitado"
"RJ","3302502","Magé","bandeira","rejeitado"
"RJ","3302601","Mangaratiba","brasao","revisao_pendente"
"RJ","3302601","Mangaratiba","bandeira","revisao_pendente"
"RJ","3302700","Maricá","brasao","revisao_pendente"
"RJ","3302700","Maricá","bandeira","revisao_pendente"
"RJ","3302809","Mendes","brasao","revisao_pendente"
"RJ","3302809","Mendes","bandeira","revisao_pendente"
"RJ","3302858","Mesquita","brasao","revisao_pendente"
"RJ","3302858","Mesquita","bandeira","revisao_pendente"
"RJ","3302908","Miguel Pereira","brasao","revisao_pendente"
"RJ","3302908","Miguel Pereira","bandeira","revisao_pendente"
"RJ","3303005","Miracema","brasao","revisao_pendente"
"RJ","3303005","Miracema","bandeira","revisao_pendente"
"RJ","3303104","Natividade","brasao","revisao_pendente"
"RJ","3303104","Natividade","bandeira","revisao_pendente"
"RJ","3303203","Nilópolis","brasao","revisao_pendente"
"RJ","3303203","Nilópolis","bandeira","revisao_pendente"
"RJ","3303302","Niterói","brasao","revisao_pendente"
"RJ","3303302","Niterói","bandeira","revisao_pendente"
"RJ","3303401","Nova Friburgo","brasao","revisao_pendente"
"RJ","3303401","Nova Friburgo","bandeira","revisao_pendente"
"RJ","3303500","Nova Iguaçu","brasao","revisao_pendente"
"RJ","3303500","Nova Iguaçu","bandeira","revisao_pendente"
"RJ","3303609","Paracambi","brasao","rejeitado"
"RJ","3303609","Paracambi","bandeira","revisao_pendente"
"RJ","3303708","Paraíba do Sul","brasao","revisao_pendente"
"RJ","3303708","Paraíba do Sul","bandeira","revisao_pendente"
"RJ","3303807","Paraty","brasao","revisao_pendente"
"RJ","3303807","Paraty","bandeira","revisao_pendente"
"RJ","3303856","Paty do Alferes","brasao","revisao_pendente"
"RJ","3303856","Paty do Alferes","bandeira","revisao_pendente"
"RJ","3303906","Petrópolis","brasao","revisao_pendente"
"RJ","3303906","Petrópolis","bandeira","revisao_pendente"
"RJ","3303955","Pinheiral","brasao","revisao_pendente"
"RJ","3303955","Pinheiral","bandeira","revisao_pendente"
"RJ","3304003","Piraí","brasao","revisao_pendente"
"RJ","3304003","Piraí","bandeira","revisao_pendente"
"RJ","3304102","Porciúncula","brasao","revisao_pendente"
"RJ","3304102","Porciúncula","bandeira","revisao_pendente"
"RJ","3304110","Porto Real","brasao","revisao_pendente"
"RJ","3304110","Porto Real","bandeira","revisao_pendente"
"RJ","3304128","Quatis","brasao","revisao_pendente"
"RJ","3304128","Quatis","bandeira","revisao_pendente"
"RJ","3304144","Queimados","brasao","revisao_pendente"
"RJ","3304144","Queimados","bandeira","revisao_pendente"
"RJ","3304151","Quissamã","brasao","revisao_pendente"
"RJ","3304151","Quissamã","bandeira","revisao_pendente"
"RJ","3304201","Resende","brasao","revisao_pendente"
"RJ","3304201","Resende","bandeira","revisao_pendente"
"RJ","3304300","Rio Bonito","brasao","revisao_pendente"
"RJ","3304300","Rio Bonito","bandeira","revisao_pendente"
"RJ","3304409","Rio Claro","brasao","revisao_pendente"
"RJ","3304409","Rio Claro","bandeira","revisao_pendente"
"RJ","3304508","Rio das Flores","brasao","revisao_pendente"
"RJ","3304508","Rio das Flores","bandeira","revisao_pendente"
"RJ","3304524","Rio das Ostras","brasao","revisao_pendente"
"RJ","3304524","Rio das Ostras","bandeira","revisao_pendente"
"RJ","3304557","Rio de Janeiro","brasao","revisao_pendente"
"RJ","3304557","Rio de Janeiro","bandeira","revisao_pendente"
"RJ","3304607","Santa Maria Madalena","brasao","revisao_pendente"
"RJ","3304607","Santa Maria Madalena","bandeira","revisao_pendente"
"RJ","3304706","Santo Antônio de Pádua","brasao","revisao_pendente"
"RJ","3304706","Santo Antônio de Pádua","bandeira","revisao_pendente"
"RJ","3304755","São Francisco de Itabapoana","brasao","revisao_pendente"
"RJ","3304755","São Francisco de Itabapoana","bandeira","revisao_pendente"
"RJ","3304805","São Fidélis","brasao","revisao_pendente"
"RJ","3304805","São Fidélis","bandeira","revisao_pendente"
"RJ","3304904","São Gonçalo","brasao","revisao_pendente"
"RJ","3304904","São Gonçalo","bandeira","revisao_pendente"
"RJ","3305000","São João da Barra","brasao","revisao_pendente"
"RJ","3305000","São João da Barra","bandeira","revisao_pendente"
"RJ","3305109","São João de Meriti","brasao","revisao_pendente"
"RJ","3305109","São João de Meriti","bandeira","revisao_pendente"
"RJ","3305133","São José de Ubá","brasao","revisao_pendente"
"RJ","3305133","São José de Ubá","bandeira","revisao_pendente"
"RJ","3305158","São José do Vale do Rio Preto","brasao","revisao_pendente"
"RJ","3305158","São José do Vale do Rio Preto","bandeira","revisao_pendente"
"RJ","3305208","São Pedro da Aldeia","brasao","revisao_pendente"
"RJ","3305208","São Pedro da Aldeia","bandeira","revisao_pendente"
"RJ","3305307","São Sebastião do Alto","brasao","revisao_pendente"
"RJ","3305307","São Sebastião do Alto","bandeira","revisao_pendente"
"RJ","3305406","Sapucaia","brasao","revisao_pendente"
"RJ","3305406","Sapucaia","bandeira","revisao_pendente"
"RJ","3305505","Saquarema","brasao","revisao_pendente"
"RJ","3305505","Saquarema","bandeira","revisao_pendente"
"RJ","3305554","Seropédica","brasao","revisao_pendente"
"RJ","3305554","Seropédica","bandeira","revisao_pendente"
"RJ","3305604","Silva Jardim","brasao","revisao_pendente"
"RJ","3305604","Silva Jardim","bandeira","revisao_pendente"
"RJ","3305703","Sumidouro","brasao","revisao_pendente"
"RJ","3305703","Sumidouro","bandeira","revisao_pendente"
"RJ","3305752","Tanguá","brasao","revisao_pendente"
"RJ","3305752","Tanguá","bandeira","revisao_pendente"
"RJ","3305802","Teresópolis","brasao","revisao_pendente"
"RJ","3305802","Teresópolis","bandeira","revisao_pendente"
"RJ","3305901","Trajano de Moraes","brasao","revisao_pendente"
"RJ","3305901","Trajano de Moraes","bandeira","revisao_pendente"
"RJ","3306008","Três Rios","brasao","revisao_pendente"
"RJ","3306008","Três Rios","bandeira","revisao_pendente"
"RJ","3306107","Valença","brasao","revisao_pendente"
"RJ","3306107","Valença","bandeira","revisao_pendente"
"RJ","3306156","Varre-Sai","brasao","revisao_pendente"
"RJ","3306156","Varre-Sai","bandeira","revisao_pendente"
"RJ","3306206","Vassouras","brasao","revisao_pendente"
"RJ","3306206","Vassouras","bandeira","revisao_pendente"
"RJ","3306305","Volta Redonda","brasao","revisao_pendente"
"RJ","3306305","Volta Redonda","bandeira","revisao_pendente"
"SP","3500105","Adamantina","brasao","revisao_pendente"
"SP","3500105","Adamantina","bandeira","revisao_pendente"
"SP","3500204","Adolfo","brasao","nao_encontrado"
"SP","3500204","Adolfo","bandeira","revisao_pendente"
"SP","3500303","Aguaí","brasao","revisao_pendente"
"SP","3500303","Aguaí","bandeira","revisao_pendente"
"SP","3500402","Águas da Prata","brasao","revisao_pendente"
"SP","3500402","Águas da Prata","bandeira","revisao_pendente"
"SP","3500501","Águas de Lindóia","brasao","revisao_pendente"
"SP","3500501","Águas de Lindóia","bandeira","revisao_pendente"
"SP","3500550","Águas de Santa Bárbara","brasao","revisao_pendente"
"SP","3500550","Águas de Santa Bárbara","bandeira","revisao_pendente"
"SP","3500600","Águas de São Pedro","brasao","revisao_pendente"
"SP","3500600","Águas de São Pedro","bandeira","revisao_pendente"
"SP","3500709","Agudos","brasao","revisao_pendente"
"SP","3500709","Agudos","bandeira","revisao_pendente"
"SP","3500758","Alambari","brasao","nao_encontrado"
"SP","3500758","Alambari","bandeira","revisao_pendente"
"SP","3500808","Alfredo Marcondes","brasao","revisao_pendente"
"SP","3500808","Alfredo Marcondes","bandeira","revisao_pendente"
"SP","3500907","Altair","brasao","revisao_pendente"
"SP","3500907","Altair","bandeira","revisao_pendente"
"SP","3501004","Altinópolis","brasao","revisao_pendente"
"SP","3501004","Altinópolis","bandeira","revisao_pendente"
"SP","3501103","Alto Alegre","brasao","revisao_pendente"
"SP","3501103","Alto Alegre","bandeira","revisao_pendente"
"SP","3501152","Alumínio","brasao","revisao_pendente"
"SP","3501152","Alumínio","bandeira","revisao_pendente"
"SP","3501202","Álvares Florence","brasao","revisao_pendente"
"SP","3501202","Álvares Florence","bandeira","revisao_pendente"
"SP","3501301","Álvares Machado","brasao","revisao_pendente"
"SP","3501301","Álvares Machado","bandeira","revisao_pendente"
"SP","3501400","Álvaro de Carvalho","brasao","revisao_pendente"
"SP","3501400","Álvaro de Carvalho","bandeira","revisao_pendente"
"SP","3501509","Alvinlândia","brasao","revisao_pendente"
"SP","3501509","Alvinlândia","bandeira","revisao_pendente"
"SP","3501608","Americana","brasao","revisao_pendente"
"SP","3501608","Americana","bandeira","revisao_pendente"
"SP","3501707","Américo Brasiliense","brasao","revisao_pendente"
"SP","3501707","Américo Brasiliense","bandeira","revisao_pendente"
"SP","3501806","Américo de Campos","brasao","revisao_pendente"
"SP","3501806","Américo de Campos","bandeira","revisao_pendente"
"SP","3501905","Amparo","brasao","revisao_pendente"
"SP","3501905","Amparo","bandeira","revisao_pendente"
"SP","3502002","Analândia","brasao","revisao_pendente"
"SP","3502002","Analândia","bandeira","revisao_pendente"
"SP","3502101","Andradina","brasao","revisao_pendente"
"SP","3502101","Andradina","bandeira","revisao_pendente"
"SP","3502200","Angatuba","brasao","revisao_pendente"
"SP","3502200","Angatuba","bandeira","revisao_pendente"
"SP","3502309","Anhembi","brasao","revisao_pendente"
"SP","3502309","Anhembi","bandeira","revisao_pendente"
"SP","3502408","Anhumas","brasao","revisao_pendente"
"SP","3502408","Anhumas","bandeira","revisao_pendente"
"SP","3502507","Aparecida","brasao","revisao_pendente"
"SP","3502507","Aparecida","bandeira","revisao_pendente"
"SP","3502606","Aparecida d'Oeste","brasao","revisao_pendente"
"SP","3502606","Aparecida d'Oeste","bandeira","revisao_pendente"
"SP","3502705","Apiaí","brasao","revisao_pendente"
"SP","3502705","Apiaí","bandeira","revisao_pendente"
"SP","3502754","Araçariguama","brasao","revisao_pendente"
"SP","3502754","Araçariguama","bandeira","revisao_pendente"
"SP","3502804","Araçatuba","brasao","revisao_pendente"
"SP","3502804","Araçatuba","bandeira","revisao_pendente"
"SP","3502903","Araçoiaba da Serra","brasao","revisao_pendente"
"SP","3502903","Araçoiaba da Serra","bandeira","revisao_pendente"
"SP","3503000","Aramina","brasao","revisao_pendente"
"SP","3503000","Aramina","bandeira","revisao_pendente"
"SP","3503109","Arandu","brasao","revisao_pendente"
"SP","3503109","Arandu","bandeira","revisao_pendente"
"SP","3503158","Arapeí","brasao","revisao_pendente"
"SP","3503158","Arapeí","bandeira","revisao_pendente"
"SP","3503208","Araraquara","brasao","revisao_pendente"
"SP","3503208","Araraquara","bandeira","revisao_pendente"
"SP","3503307","Araras","brasao","rejeitado"
"SP","3503307","Araras","bandeira","revisao_pendente"
"SP","3503356","Arco-Íris","brasao","revisao_pendente"
"SP","3503356","Arco-Íris","bandeira","revisao_pendente"
"SP","3503406","Arealva","brasao","revisao_pendente"
"SP","3503406","Arealva","bandeira","revisao_pendente"
"SP","3503505","Areias","brasao","revisao_pendente"
"SP","3503505","Areias","bandeira","revisao_pendente"
"SP","3503604","Areiópolis","brasao","revisao_pendente"
"SP","3503604","Areiópolis","bandeira","revisao_pendente"
"SP","3503703","Ariranha","brasao","revisao_pendente"
"SP","3503703","Ariranha","bandeira","revisao_pendente"
"SP","3503802","Artur Nogueira","brasao","revisao_pendente"
"SP","3503802","Artur Nogueira","bandeira","revisao_pendente"
"SP","3503901","Arujá","brasao","revisao_pendente"
"SP","3503901","Arujá","bandeira","revisao_pendente"
"SP","3503950","Aspásia","brasao","revisao_pendente"
"SP","3503950","Aspásia","bandeira","revisao_pendente"
"SP","3504008","Assis","brasao","revisao_pendente"
"SP","3504008","Assis","bandeira","revisao_pendente"
"SP","3504107","Atibaia","brasao","revisao_pendente"
"SP","3504107","Atibaia","bandeira","revisao_pendente"
"SP","3504206","Auriflama","brasao","revisao_pendente"
"SP","3504206","Auriflama","bandeira","revisao_pendente"
"SP","3504305","Avaí","brasao","revisao_pendente"
"SP","3504305","Avaí","bandeira","revisao_pendente"
"SP","3504404","Avanhandava","brasao","revisao_pendente"
"SP","3504404","Avanhandava","bandeira","revisao_pendente"
"SP","3504503","Avaré","brasao","revisao_pendente"
"SP","3504503","Avaré","bandeira","revisao_pendente"
"SP","3504602","Bady Bassitt","brasao","rejeitado"
"SP","3504602","Bady Bassitt","bandeira","revisao_pendente"
"SP","3504701","Balbinos","brasao","revisao_pendente"
"SP","3504701","Balbinos","bandeira","revisao_pendente"
"SP","3504800","Bálsamo","brasao","revisao_pendente"
"SP","3504800","Bálsamo","bandeira","revisao_pendente"
"SP","3504909","Bananal","brasao","revisao_pendente"
"SP","3504909","Bananal","bandeira","revisao_pendente"
"SP","3505005","Barão de Antonina","brasao","revisao_pendente"
"SP","3505005","Barão de Antonina","bandeira","revisao_pendente"
"SP","3505104","Barbosa","brasao","revisao_pendente"
"SP","3505104","Barbosa","bandeira","revisao_pendente"
"SP","3505203","Bariri","brasao","revisao_pendente"
"SP","3505203","Bariri","bandeira","revisao_pendente"
"SP","3505302","Barra Bonita","brasao","revisao_pendente"
"SP","3505302","Barra Bonita","bandeira","revisao_pendente"
"SP","3505351","Barra do Chapéu","brasao","revisao_pendente"
"SP","3505351","Barra do Chapéu","bandeira","revisao_pendente"
"SP","3505401","Barra do Turvo","brasao","revisao_pendente"
"SP","3505401","Barra do Turvo","bandeira","revisao_pendente"
"SP","3505500","Barretos","brasao","revisao_pendente"
"SP","3505500","Barretos","bandeira","revisao_pendente"
"SP","3505609","Barrinha","brasao","revisao_pendente"
"SP","3505609","Barrinha","bandeira","revisao_pendente"
"SP","3505708","Barueri","brasao","revisao_pendente"
"SP","3505708","Barueri","bandeira","revisao_pendente"
"SP","3505807","Bastos","brasao","revisao_pendente"
"SP","3505807","Bastos","bandeira","revisao_pendente"
"SP","3505906","Batatais","brasao","revisao_pendente"
"SP","3505906","Batatais","bandeira","revisao_pendente"
"SP","3506003","Bauru","brasao","revisao_pendente"
"SP","3506003","Bauru","bandeira","revisao_pendente"
"SP","3506102","Bebedouro","brasao","revisao_pendente"
"SP","3506102","Bebedouro","bandeira","revisao_pendente"
"SP","3506201","Bento de Abreu","brasao","revisao_pendente"
"SP","3506201","Bento de Abreu","bandeira","revisao_pendente"
"SP","3506300","Bernardino de Campos","brasao","revisao_pendente"
"SP","3506300","Bernardino de Campos","bandeira","revisao_pendente"
"SP","3506359","Bertioga","brasao","revisao_pendente"
"SP","3506359","Bertioga","bandeira","revisao_pendente"
"SP","3506409","Bilac","brasao","revisao_pendente"
"SP","3506409","Bilac","bandeira","revisao_pendente"
"SP","3506508","Birigui","brasao","revisao_pendente"
"SP","3506508","Birigui","bandeira","revisao_pendente"
"SP","3506607","Biritiba Mirim","brasao","revisao_pendente"
"SP","3506607","Biritiba Mirim","bandeira","revisao_pendente"
"SP","3506706","Boa Esperança do Sul","brasao","revisao_pendente"
"SP","3506706","Boa Esperança do Sul","bandeira","revisao_pendente"
"SP","3506805","Bocaina","brasao","revisao_pendente"
"SP","3506805","Bocaina","bandeira","revisao_pendente"
"SP","3506904","Bofete","brasao","revisao_pendente"
"SP","3506904","Bofete","bandeira","revisao_pendente"
"SP","3507001","Boituva","brasao","revisao_pendente"
"SP","3507001","Boituva","bandeira","revisao_pendente"
"SP","3507100","Bom Jesus dos Perdões","brasao","revisao_pendente"
"SP","3507100","Bom Jesus dos Perdões","bandeira","revisao_pendente"
"SP","3507159","Bom Sucesso de Itararé","brasao","revisao_pendente"
"SP","3507159","Bom Sucesso de Itararé","bandeira","revisao_pendente"
"SP","3507209","Borá","brasao","revisao_pendente"
"SP","3507209","Borá","bandeira","revisao_pendente"
"SP","3507308","Boracéia","brasao","revisao_pendente"
"SP","3507308","Boracéia","bandeira","revisao_pendente"
"SP","3507407","Borborema","brasao","revisao_pendente"
"SP","3507407","Borborema","bandeira","revisao_pendente"
"SP","3507456","Borebi","brasao","revisao_pendente"
"SP","3507456","Borebi","bandeira","revisao_pendente"
"SP","3507506","Botucatu","brasao","revisao_pendente"
"SP","3507506","Botucatu","bandeira","revisao_pendente"
"SP","3507605","Bragança Paulista","brasao","revisao_pendente"
"SP","3507605","Bragança Paulista","bandeira","revisao_pendente"
"SP","3507704","Braúna","brasao","revisao_pendente"
"SP","3507704","Braúna","bandeira","revisao_pendente"
"SP","3507753","Brejo Alegre","brasao","revisao_pendente"
"SP","3507753","Brejo Alegre","bandeira","revisao_pendente"
"SP","3507803","Brodowski","brasao","revisao_pendente"
"SP","3507803","Brodowski","bandeira","revisao_pendente"
"SP","3507902","Brotas","brasao","revisao_pendente"
"SP","3507902","Brotas","bandeira","revisao_pendente"
"SP","3508009","Buri","brasao","revisao_pendente"
"SP","3508009","Buri","bandeira","revisao_pendente"
"SP","3508108","Buritama","brasao","revisao_pendente"
"SP","3508108","Buritama","bandeira","revisao_pendente"
"SP","3508207","Buritizal","brasao","revisao_pendente"
"SP","3508207","Buritizal","bandeira","revisao_pendente"
"SP","3508306","Cabrália Paulista","brasao","revisao_pendente"
"SP","3508306","Cabrália Paulista","bandeira","revisao_pendente"
"SP","3508405","Cabreúva","brasao","revisao_pendente"
"SP","3508405","Cabreúva","bandeira","revisao_pendente"
"SP","3508504","Caçapava","brasao","revisao_pendente"
"SP","3508504","Caçapava","bandeira","revisao_pendente"
"SP","3508603","Cachoeira Paulista","brasao","revisao_pendente"
"SP","3508603","Cachoeira Paulista","bandeira","revisao_pendente"
"SP","3508702","Caconde","brasao","revisao_pendente"
"SP","3508702","Caconde","bandeira","revisao_pendente"
"SP","3508801","Cafelândia","brasao","revisao_pendente"
"SP","3508801","Cafelândia","bandeira","revisao_pendente"
"SP","3508900","Caiabu","brasao","revisao_pendente"
"SP","3508900","Caiabu","bandeira","revisao_pendente"
"SP","3509007","Caieiras","brasao","revisao_pendente"
"SP","3509007","Caieiras","bandeira","revisao_pendente"
"SP","3509106","Caiuá","brasao","revisao_pendente"
"SP","3509106","Caiuá","bandeira","revisao_pendente"
"SP","3509205","Cajamar","brasao","revisao_pendente"
"SP","3509205","Cajamar","bandeira","revisao_pendente"
"SP","3509254","Cajati","brasao","nao_encontrado"
"SP","3509254","Cajati","bandeira","revisao_pendente"
"SP","3509304","Cajobi","brasao","revisao_pendente"
"SP","3509304","Cajobi","bandeira","revisao_pendente"
"SP","3509403","Cajuru","brasao","revisao_pendente"
"SP","3509403","Cajuru","bandeira","revisao_pendente"
"SP","3509452","Campina do Monte Alegre","brasao","revisao_pendente"
"SP","3509452","Campina do Monte Alegre","bandeira","revisao_pendente"
"SP","3509502","Campinas","brasao","revisao_pendente"
"SP","3509502","Campinas","bandeira","revisao_pendente"
"SP","3509601","Campo Limpo Paulista","brasao","revisao_pendente"
"SP","3509601","Campo Limpo Paulista","bandeira","revisao_pendente"
"SP","3509700","Campos do Jordão","brasao","revisao_pendente"
"SP","3509700","Campos do Jordão","bandeira","rejeitado"
"SP","3509809","Campos Novos Paulista","brasao","revisao_pendente"
"SP","3509809","Campos Novos Paulista","bandeira","revisao_pendente"
"SP","3509908","Cananéia","brasao","revisao_pendente"
"SP","3509908","Cananéia","bandeira","revisao_pendente"
"SP","3509957","Canas","brasao","revisao_pendente"
"SP","3509957","Canas","bandeira","revisao_pendente"
"SP","3510005","Cândido Mota","brasao","revisao_pendente"
"SP","3510005","Cândido Mota","bandeira","revisao_pendente"
"SP","3510104","Cândido Rodrigues","brasao","revisao_pendente"
"SP","3510104","Cândido Rodrigues","bandeira","revisao_pendente"
"SP","3510153","Canitar","brasao","nao_encontrado"
"SP","3510153","Canitar","bandeira","revisao_pendente"
"SP","3510203","Capão Bonito","brasao","revisao_pendente"
"SP","3510203","Capão Bonito","bandeira","revisao_pendente"
"SP","3510302","Capela do Alto","brasao","revisao_pendente"
"SP","3510302","Capela do Alto","bandeira","revisao_pendente"
"SP","3510401","Capivari","brasao","revisao_pendente"
"SP","3510401","Capivari","bandeira","revisao_pendente"
"SP","3510500","Caraguatatuba","brasao","revisao_pendente"
"SP","3510500","Caraguatatuba","bandeira","revisao_pendente"
"SP","3510609","Carapicuíba","brasao","revisao_pendente"
"SP","3510609","Carapicuíba","bandeira","revisao_pendente"
"SP","3510708","Cardoso","brasao","revisao_pendente"
"SP","3510708","Cardoso","bandeira","revisao_pendente"
"SP","3510807","Casa Branca","brasao","revisao_pendente"
"SP","3510807","Casa Branca","bandeira","revisao_pendente"
"SP","3510906","Cássia dos Coqueiros","brasao","revisao_pendente"
"SP","3510906","Cássia dos Coqueiros","bandeira","revisao_pendente"
"SP","3511003","Castilho","brasao","revisao_pendente"
"SP","3511003","Castilho","bandeira","revisao_pendente"
"SP","3511102","Catanduva","brasao","revisao_pendente"
"SP","3511102","Catanduva","bandeira","revisao_pendente"
"SP","3511201","Catiguá","brasao","revisao_pendente"
"SP","3511201","Catiguá","bandeira","revisao_pendente"
"SP","3511300","Cedral","brasao","revisao_pendente"
"SP","3511300","Cedral","bandeira","revisao_pendente"
"SP","3511409","Cerqueira César","brasao","revisao_pendente"
"SP","3511409","Cerqueira César","bandeira","revisao_pendente"
"SP","3511508","Cerquilho","brasao","revisao_pendente"
"SP","3511508","Cerquilho","bandeira","revisao_pendente"
"SP","3511607","Cesário Lange","brasao","revisao_pendente"
"SP","3511607","Cesário Lange","bandeira","revisao_pendente"
"SP","3511706","Charqueada","brasao","revisao_pendente"
"SP","3511706","Charqueada","bandeira","revisao_pendente"
"SP","3511904","Clementina","brasao","revisao_pendente"
"SP","3511904","Clementina","bandeira","revisao_pendente"
"SP","3512001","Colina","brasao","nao_encontrado"
"SP","3512001","Colina","bandeira","revisao_pendente"
"SP","3512100","Colômbia","brasao","revisao_pendente"
"SP","3512100","Colômbia","bandeira","revisao_pendente"
"SP","3512209","Conchal","brasao","revisao_pendente"
"SP","3512209","Conchal","bandeira","revisao_pendente"
"SP","3512308","Conchas","brasao","revisao_pendente"
"SP","3512308","Conchas","bandeira","revisao_pendente"
"SP","3512407","Cordeirópolis","brasao","revisao_pendente"
"SP","3512407","Cordeirópolis","bandeira","revisao_pendente"
"SP","3512506","Coroados","brasao","revisao_pendente"
"SP","3512506","Coroados","bandeira","revisao_pendente"
"SP","3512605","Coronel Macedo","brasao","revisao_pendente"
"SP","3512605","Coronel Macedo","bandeira","revisao_pendente"
"SP","3512704","Corumbataí","brasao","revisao_pendente"
"SP","3512704","Corumbataí","bandeira","revisao_pendente"
"SP","3512803","Cosmópolis","brasao","revisao_pendente"
"SP","3512803","Cosmópolis","bandeira","revisao_pendente"
"SP","3512902","Cosmorama","brasao","revisao_pendente"
"SP","3512902","Cosmorama","bandeira","revisao_pendente"
"SP","3513009","Cotia","brasao","revisao_pendente"
"SP","3513009","Cotia","bandeira","revisao_pendente"
"SP","3513108","Cravinhos","brasao","revisao_pendente"
"SP","3513108","Cravinhos","bandeira","revisao_pendente"
"SP","3513207","Cristais Paulista","brasao","revisao_pendente"
"SP","3513207","Cristais Paulista","bandeira","revisao_pendente"
"SP","3513306","Cruzália","brasao","revisao_pendente"
"SP","3513306","Cruzália","bandeira","revisao_pendente"
"SP","3513405","Cruzeiro","brasao","revisao_pendente"
"SP","3513405","Cruzeiro","bandeira","revisao_pendente"
"SP","3513504","Cubatão","brasao","revisao_pendente"
"SP","3513504","Cubatão","bandeira","revisao_pendente"
"SP","3513603","Cunha","brasao","revisao_pendente"
"SP","3513603","Cunha","bandeira","revisao_pendente"
"SP","3513702","Descalvado","brasao","revisao_pendente"
"SP","3513702","Descalvado","bandeira","revisao_pendente"
"SP","3513801","Diadema","brasao","revisao_pendente"
"SP","3513801","Diadema","bandeira","revisao_pendente"
"SP","3513850","Dirce Reis","brasao","revisao_pendente"
"SP","3513850","Dirce Reis","bandeira","revisao_pendente"
"SP","3513900","Divinolândia","brasao","revisao_pendente"
"SP","3513900","Divinolândia","bandeira","revisao_pendente"
"SP","3514007","Dobrada","brasao","revisao_pendente"
"SP","3514007","Dobrada","bandeira","revisao_pendente"
"SP","3514106","Dois Córregos","brasao","revisao_pendente"
"SP","3514106","Dois Córregos","bandeira","revisao_pendente"
"SP","3514205","Dolcinópolis","brasao","revisao_pendente"
"SP","3514205","Dolcinópolis","bandeira","revisao_pendente"
"SP","3514304","Dourado","brasao","revisao_pendente"
"SP","3514304","Dourado","bandeira","revisao_pendente"
"SP","3514403","Dracena","brasao","revisao_pendente"
"SP","3514403","Dracena","bandeira","revisao_pendente"
"SP","3514502","Duartina","brasao","revisao_pendente"
"SP","3514502","Duartina","bandeira","revisao_pendente"
"SP","3514601","Dumont","brasao","revisao_pendente"
"SP","3514601","Dumont","bandeira","revisao_pendente"
"SP","3514700","Echaporã","brasao","revisao_pendente"
"SP","3514700","Echaporã","bandeira","revisao_pendente"
"SP","3514809","Eldorado","brasao","revisao_pendente"
"SP","3514809","Eldorado","bandeira","revisao_pendente"
"SP","3514908","Elias Fausto","brasao","revisao_pendente"
"SP","3514908","Elias Fausto","bandeira","revisao_pendente"
"SP","3514924","Elisiário","brasao","revisao_pendente"
"SP","3514924","Elisiário","bandeira","revisao_pendente"
"SP","3514957","Embaúba","brasao","revisao_pendente"
"SP","3514957","Embaúba","bandeira","revisao_pendente"
"SP","3515004","Embu das Artes","brasao","revisao_pendente"
"SP","3515004","Embu das Artes","bandeira","revisao_pendente"
"SP","3515103","Embu-Guaçu","brasao","revisao_pendente"
"SP","3515103","Embu-Guaçu","bandeira","revisao_pendente"
"SP","3515129","Emilianópolis","brasao","nao_encontrado"
"SP","3515129","Emilianópolis","bandeira","revisao_pendente"
"SP","3515152","Engenheiro Coelho","brasao","revisao_pendente"
"SP","3515152","Engenheiro Coelho","bandeira","revisao_pendente"
"SP","3515186","Espírito Santo do Pinhal","brasao","revisao_pendente"
"SP","3515186","Espírito Santo do Pinhal","bandeira","revisao_pendente"
"SP","3515194","Espírito Santo do Turvo","brasao","revisao_pendente"
"SP","3515194","Espírito Santo do Turvo","bandeira","revisao_pendente"
"SP","3515202","Estrela d'Oeste","brasao","revisao_pendente"
"SP","3515202","Estrela d'Oeste","bandeira","revisao_pendente"
"SP","3515301","Estrela do Norte","brasao","revisao_pendente"
"SP","3515301","Estrela do Norte","bandeira","revisao_pendente"
"SP","3515350","Euclides da Cunha Paulista","brasao","nao_encontrado"
"SP","3515350","Euclides da Cunha Paulista","bandeira","revisao_pendente"
"SP","3515400","Fartura","brasao","revisao_pendente"
"SP","3515400","Fartura","bandeira","revisao_pendente"
"SP","3515509","Fernandópolis","brasao","revisao_pendente"
"SP","3515509","Fernandópolis","bandeira","revisao_pendente"
"SP","3515608","Fernando Prestes","brasao","revisao_pendente"
"SP","3515608","Fernando Prestes","bandeira","revisao_pendente"
"SP","3515657","Fernão","brasao","revisao_pendente"
"SP","3515657","Fernão","bandeira","revisao_pendente"
"SP","3515707","Ferraz de Vasconcelos","brasao","revisao_pendente"
"SP","3515707","Ferraz de Vasconcelos","bandeira","revisao_pendente"
"SP","3515806","Flora Rica","brasao","revisao_pendente"
"SP","3515806","Flora Rica","bandeira","revisao_pendente"
"SP","3515905","Floreal","brasao","revisao_pendente"
"SP","3515905","Floreal","bandeira","revisao_pendente"
"SP","3516002","Flórida Paulista","brasao","revisao_pendente"
"SP","3516002","Flórida Paulista","bandeira","revisao_pendente"
"SP","3516101","Florínea","brasao","revisao_pendente"
"SP","3516101","Florínea","bandeira","revisao_pendente"
"SP","3516200","Franca","brasao","revisao_pendente"
"SP","3516200","Franca","bandeira","revisao_pendente"
"SP","3516309","Francisco Morato","brasao","revisao_pendente"
"SP","3516309","Francisco Morato","bandeira","revisao_pendente"
"SP","3516408","Franco da Rocha","brasao","revisao_pendente"
"SP","3516408","Franco da Rocha","bandeira","revisao_pendente"
"SP","3516507","Gabriel Monteiro","brasao","revisao_pendente"
"SP","3516507","Gabriel Monteiro","bandeira","revisao_pendente"
"SP","3516606","Gália","brasao","revisao_pendente"
"SP","3516606","Gália","bandeira","revisao_pendente"
"SP","3516705","Garça","brasao","revisao_pendente"
"SP","3516705","Garça","bandeira","revisao_pendente"
"SP","3516804","Gastão Vidigal","brasao","revisao_pendente"
"SP","3516804","Gastão Vidigal","bandeira","revisao_pendente"
"SP","3516853","Gavião Peixoto","brasao","revisao_pendente"
"SP","3516853","Gavião Peixoto","bandeira","revisao_pendente"
"SP","3516903","General Salgado","brasao","revisao_pendente"
"SP","3516903","General Salgado","bandeira","revisao_pendente"
"SP","3517000","Getulina","brasao","revisao_pendente"
"SP","3517000","Getulina","bandeira","revisao_pendente"
"SP","3517109","Glicério","brasao","revisao_pendente"
"SP","3517109","Glicério","bandeira","revisao_pendente"
"SP","3517208","Guaiçara","brasao","revisao_pendente"
"SP","3517208","Guaiçara","bandeira","revisao_pendente"
"SP","3517307","Guaimbê","brasao","revisao_pendente"
"SP","3517307","Guaimbê","bandeira","revisao_pendente"
"SP","3517406","Guaíra","brasao","revisao_pendente"
"SP","3517406","Guaíra","bandeira","revisao_pendente"
"SP","3517505","Guapiaçu","brasao","revisao_pendente"
"SP","3517505","Guapiaçu","bandeira","revisao_pendente"
"SP","3517604","Guapiara","brasao","revisao_pendente"
"SP","3517604","Guapiara","bandeira","revisao_pendente"
"SP","3517703","Guará","brasao","revisao_pendente"
"SP","3517703","Guará","bandeira","revisao_pendente"
"SP","3517802","Guaraçaí","brasao","revisao_pendente"
"SP","3517802","Guaraçaí","bandeira","revisao_pendente"
"SP","3517901","Guaraci","brasao","rejeitado"
"SP","3517901","Guaraci","bandeira","revisao_pendente"
"SP","3518008","Guarani d'Oeste","brasao","revisao_pendente"
"SP","3518008","Guarani d'Oeste","bandeira","revisao_pendente"
"SP","3518107","Guarantã","brasao","revisao_pendente"
"SP","3518107","Guarantã","bandeira","revisao_pendente"
"SP","3518206","Guararapes","brasao","revisao_pendente"
"SP","3518206","Guararapes","bandeira","revisao_pendente"
"SP","3518305","Guararema","brasao","revisao_pendente"
"SP","3518305","Guararema","bandeira","revisao_pendente"
"SP","3518404","Guaratinguetá","brasao","revisao_pendente"
"SP","3518404","Guaratinguetá","bandeira","rejeitado"
"SP","3518503","Guareí","brasao","revisao_pendente"
"SP","3518503","Guareí","bandeira","revisao_pendente"
"SP","3518602","Guariba","brasao","revisao_pendente"
"SP","3518602","Guariba","bandeira","revisao_pendente"
"SP","3518701","Guarujá","brasao","revisao_pendente"
"SP","3518701","Guarujá","bandeira","revisao_pendente"
"SP","3518800","Guarulhos","brasao","revisao_pendente"
"SP","3518800","Guarulhos","bandeira","revisao_pendente"
"SP","3518859","Guatapará","brasao","revisao_pendente"
"SP","3518859","Guatapará","bandeira","revisao_pendente"
"SP","3518909","Guzolândia","brasao","revisao_pendente"
"SP","3518909","Guzolândia","bandeira","revisao_pendente"
"SP","3519006","Herculândia","brasao","revisao_pendente"
"SP","3519006","Herculândia","bandeira","revisao_pendente"
"SP","3519055","Holambra","brasao","revisao_pendente"
"SP","3519055","Holambra","bandeira","revisao_pendente"
"SP","3519071","Hortolândia","brasao","revisao_pendente"
"SP","3519071","Hortolândia","bandeira","revisao_pendente"
"SP","3519105","Iacanga","brasao","revisao_pendente"
"SP","3519105","Iacanga","bandeira","revisao_pendente"
"SP","3519204","Iacri","brasao","revisao_pendente"
"SP","3519204","Iacri","bandeira","revisao_pendente"
"SP","3519253","Iaras","brasao","revisao_pendente"
"SP","3519253","Iaras","bandeira","revisao_pendente"
"SP","3519303","Ibaté","brasao","revisao_pendente"
"SP","3519303","Ibaté","bandeira","revisao_pendente"
"SP","3519402","Ibirá","brasao","revisao_pendente"
"SP","3519402","Ibirá","bandeira","revisao_pendente"
"SP","3519501","Ibirarema","brasao","revisao_pendente"
"SP","3519501","Ibirarema","bandeira","revisao_pendente"
"SP","3519600","Ibitinga","brasao","revisao_pendente"
"SP","3519600","Ibitinga","bandeira","revisao_pendente"
"SP","3519709","Ibiúna","brasao","revisao_pendente"
"SP","3519709","Ibiúna","bandeira","revisao_pendente"
"SP","3519808","Icém","brasao","revisao_pendente"
"SP","3519808","Icém","bandeira","revisao_pendente"
"SP","3519907","Iepê","brasao","revisao_pendente"
"SP","3519907","Iepê","bandeira","revisao_pendente"
"SP","3520004","Igaraçu do Tietê","brasao","revisao_pendente"
"SP","3520004","Igaraçu do Tietê","bandeira","revisao_pendente"
"SP","3520103","Igarapava","brasao","revisao_pendente"
"SP","3520103","Igarapava","bandeira","revisao_pendente"
"SP","3520202","Igaratá","brasao","revisao_pendente"
"SP","3520202","Igaratá","bandeira","revisao_pendente"
"SP","3520301","Iguape","brasao","revisao_pendente"
"SP","3520301","Iguape","bandeira","revisao_pendente"
"SP","3520400","Ilhabela","brasao","revisao_pendente"
"SP","3520400","Ilhabela","bandeira","revisao_pendente"
"SP","3520426","Ilha Comprida","brasao","revisao_pendente"
"SP","3520426","Ilha Comprida","bandeira","revisao_pendente"
"SP","3520442","Ilha Solteira","brasao","revisao_pendente"
"SP","3520442","Ilha Solteira","bandeira","revisao_pendente"
"SP","3520509","Indaiatuba","brasao","revisao_pendente"
"SP","3520509","Indaiatuba","bandeira","revisao_pendente"
"SP","3520608","Indiana","brasao","revisao_pendente"
"SP","3520608","Indiana","bandeira","revisao_pendente"
"SP","3520707","Indiaporã","brasao","revisao_pendente"
"SP","3520707","Indiaporã","bandeira","revisao_pendente"
"SP","3520806","Inúbia Paulista","brasao","revisao_pendente"
"SP","3520806","Inúbia Paulista","bandeira","revisao_pendente"
"SP","3520905","Ipaussu","brasao","revisao_pendente"
"SP","3520905","Ipaussu","bandeira","revisao_pendente"
"SP","3521002","Iperó","brasao","revisao_pendente"
"SP","3521002","Iperó","bandeira","revisao_pendente"
"SP","3521101","Ipeúna","brasao","revisao_pendente"
"SP","3521101","Ipeúna","bandeira","revisao_pendente"
"SP","3521150","Ipiguá","brasao","revisao_pendente"
"SP","3521150","Ipiguá","bandeira","revisao_pendente"
"SP","3521200","Iporanga","brasao","revisao_pendente"
"SP","3521200","Iporanga","bandeira","revisao_pendente"
"SP","3521309","Ipuã","brasao","revisao_pendente"
"SP","3521309","Ipuã","bandeira","revisao_pendente"
"SP","3521408","Iracemápolis","brasao","revisao_pendente"
"SP","3521408","Iracemápolis","bandeira","revisao_pendente"
"SP","3521507","Irapuã","brasao","revisao_pendente"
"SP","3521507","Irapuã","bandeira","revisao_pendente"
"SP","3521606","Irapuru","brasao","revisao_pendente"
"SP","3521606","Irapuru","bandeira","revisao_pendente"
"SP","3521705","Itaberá","brasao","revisao_pendente"
"SP","3521705","Itaberá","bandeira","revisao_pendente"
"SP","3521804","Itaí","brasao","revisao_pendente"
"SP","3521804","Itaí","bandeira","revisao_pendente"
"SP","3521903","Itajobi","brasao","revisao_pendente"
"SP","3521903","Itajobi","bandeira","revisao_pendente"
"SP","3522000","Itaju","brasao","revisao_pendente"
"SP","3522000","Itaju","bandeira","revisao_pendente"
"SP","3522109","Itanhaém","brasao","revisao_pendente"
"SP","3522109","Itanhaém","bandeira","revisao_pendente"
"SP","3522158","Itaoca","brasao","revisao_pendente"
"SP","3522158","Itaoca","bandeira","revisao_pendente"
"SP","3522208","Itapecerica da Serra","brasao","revisao_pendente"
"SP","3522208","Itapecerica da Serra","bandeira","revisao_pendente"
"SP","3522307","Itapetininga","brasao","revisao_pendente"
"SP","3522307","Itapetininga","bandeira","revisao_pendente"
"SP","3522406","Itapeva","brasao","revisao_pendente"
"SP","3522406","Itapeva","bandeira","revisao_pendente"
"SP","3522505","Itapevi","brasao","revisao_pendente"
"SP","3522505","Itapevi","bandeira","revisao_pendente"
"SP","3522604","Itapira","brasao","revisao_pendente"
"SP","3522604","Itapira","bandeira","revisao_pendente"
"SP","3522653","Itapirapuã Paulista","brasao","revisao_pendente"
"SP","3522653","Itapirapuã Paulista","bandeira","revisao_pendente"
"SP","3522703","Itápolis","brasao","licenca_pendente"
"SP","3522703","Itápolis","bandeira","licenca_pendente"
"SP","3522802","Itaporanga","brasao","revisao_pendente"
"SP","3522802","Itaporanga","bandeira","revisao_pendente"
"SP","3522901","Itapuí","brasao","revisao_pendente"
"SP","3522901","Itapuí","bandeira","revisao_pendente"
"SP","3523008","Itapura","brasao","revisao_pendente"
"SP","3523008","Itapura","bandeira","revisao_pendente"
"SP","3523107","Itaquaquecetuba","brasao","revisao_pendente"
"SP","3523107","Itaquaquecetuba","bandeira","revisao_pendente"
"SP","3523206","Itararé","brasao","revisao_pendente"
"SP","3523206","Itararé","bandeira","revisao_pendente"
"SP","3523305","Itariri","brasao","revisao_pendente"
"SP","3523305","Itariri","bandeira","revisao_pendente"
"SP","3523404","Itatiba","brasao","rejeitado"
"SP","3523404","Itatiba","bandeira","rejeitado"
"SP","3523503","Itatinga","brasao","revisao_pendente"
"SP","3523503","Itatinga","bandeira","revisao_pendente"
"SP","3523602","Itirapina","brasao","revisao_pendente"
"SP","3523602","Itirapina","bandeira","revisao_pendente"
"SP","3523701","Itirapuã","brasao","revisao_pendente"
"SP","3523701","Itirapuã","bandeira","revisao_pendente"
"SP","3523800","Itobi","brasao","revisao_pendente"
"SP","3523800","Itobi","bandeira","revisao_pendente"
"SP","3523909","Itu","brasao","revisao_pendente"
"SP","3523909","Itu","bandeira","revisao_pendente"
"SP","3524006","Itupeva","brasao","revisao_pendente"
"SP","3524006","Itupeva","bandeira","revisao_pendente"
"SP","3524105","Ituverava","brasao","revisao_pendente"
"SP","3524105","Ituverava","bandeira","revisao_pendente"
"SP","3524204","Jaborandi","brasao","revisao_pendente"
"SP","3524204","Jaborandi","bandeira","revisao_pendente"
"SP","3524303","Jaboticabal","brasao","revisao_pendente"
"SP","3524303","Jaboticabal","bandeira","revisao_pendente"
"SP","3524402","Jacareí","brasao","revisao_pendente"
"SP","3524402","Jacareí","bandeira","revisao_pendente"
"SP","3524501","Jaci","brasao","revisao_pendente"
"SP","3524501","Jaci","bandeira","revisao_pendente"
"SP","3524600","Jacupiranga","brasao","revisao_pendente"
"SP","3524600","Jacupiranga","bandeira","revisao_pendente"
"SP","3524709","Jaguariúna","brasao","revisao_pendente"
"SP","3524709","Jaguariúna","bandeira","revisao_pendente"
"SP","3524808","Jales","brasao","revisao_pendente"
"SP","3524808","Jales","bandeira","revisao_pendente"
"SP","3524907","Jambeiro","brasao","revisao_pendente"
"SP","3524907","Jambeiro","bandeira","revisao_pendente"
"SP","3525003","Jandira","brasao","revisao_pendente"
"SP","3525003","Jandira","bandeira","revisao_pendente"
"SP","3525102","Jardinópolis","brasao","revisao_pendente"
"SP","3525102","Jardinópolis","bandeira","revisao_pendente"
"SP","3525201","Jarinu","brasao","revisao_pendente"
"SP","3525201","Jarinu","bandeira","revisao_pendente"
"SP","3525300","Jaú","brasao","revisao_pendente"
"SP","3525300","Jaú","bandeira","revisao_pendente"
"SP","3525409","Jeriquara","brasao","nao_encontrado"
"SP","3525409","Jeriquara","bandeira","revisao_pendente"
"SP","3525508","Joanópolis","brasao","revisao_pendente"
"SP","3525508","Joanópolis","bandeira","revisao_pendente"
"SP","3525607","João Ramalho","brasao","revisao_pendente"
"SP","3525607","João Ramalho","bandeira","revisao_pendente"
"SP","3525706","José Bonifácio","brasao","revisao_pendente"
"SP","3525706","José Bonifácio","bandeira","revisao_pendente"
"SP","3525805","Júlio Mesquita","brasao","revisao_pendente"
"SP","3525805","Júlio Mesquita","bandeira","revisao_pendente"
"SP","3525854","Jumirim","brasao","nao_encontrado"
"SP","3525854","Jumirim","bandeira","revisao_pendente"
"SP","3525904","Jundiaí","brasao","revisao_pendente"
"SP","3525904","Jundiaí","bandeira","rejeitado"
"SP","3526001","Junqueirópolis","brasao","revisao_pendente"
"SP","3526001","Junqueirópolis","bandeira","revisao_pendente"
"SP","3526100","Juquiá","brasao","nao_encontrado"
"SP","3526100","Juquiá","bandeira","revisao_pendente"
"SP","3526209","Juquitiba","brasao","revisao_pendente"
"SP","3526209","Juquitiba","bandeira","revisao_pendente"
"SP","3526308","Lagoinha","brasao","revisao_pendente"
"SP","3526308","Lagoinha","bandeira","rejeitado"
"SP","3526407","Laranjal Paulista","brasao","rejeitado"
"SP","3526407","Laranjal Paulista","bandeira","rejeitado"
"SP","3526506","Lavínia","brasao","revisao_pendente"
"SP","3526506","Lavínia","bandeira","revisao_pendente"
"SP","3526605","Lavrinhas","brasao","revisao_pendente"
"SP","3526605","Lavrinhas","bandeira","revisao_pendente"
"SP","3526704","Leme","brasao","rejeitado"
"SP","3526704","Leme","bandeira","revisao_pendente"
"SP","3526803","Lençóis Paulista","brasao","revisao_pendente"
"SP","3526803","Lençóis Paulista","bandeira","revisao_pendente"
"SP","3526902","Limeira","brasao","rejeitado"
"SP","3526902","Limeira","bandeira","revisao_pendente"
"SP","3527009","Lindóia","brasao","revisao_pendente"
"SP","3527009","Lindóia","bandeira","revisao_pendente"
"SP","3527108","Lins","brasao","revisao_pendente"
"SP","3527108","Lins","bandeira","revisao_pendente"
"SP","3527207","Lorena","brasao","revisao_pendente"
"SP","3527207","Lorena","bandeira","rejeitado"
"SP","3527256","Lourdes","brasao","revisao_pendente"
"SP","3527256","Lourdes","bandeira","revisao_pendente"
"SP","3527306","Louveira","brasao","revisao_pendente"
"SP","3527306","Louveira","bandeira","revisao_pendente"
"SP","3527405","Lucélia","brasao","revisao_pendente"
"SP","3527405","Lucélia","bandeira","revisao_pendente"
"SP","3527504","Lucianópolis","brasao","revisao_pendente"
"SP","3527504","Lucianópolis","bandeira","revisao_pendente"
"SP","3527603","Luís Antônio","brasao","revisao_pendente"
"SP","3527603","Luís Antônio","bandeira","revisao_pendente"
"SP","3527702","Luiziânia","brasao","revisao_pendente"
"SP","3527702","Luiziânia","bandeira","revisao_pendente"
"SP","3527801","Lupércio","brasao","revisao_pendente"
"SP","3527801","Lupércio","bandeira","revisao_pendente"
"SP","3527900","Lutécia","brasao","revisao_pendente"
"SP","3527900","Lutécia","bandeira","revisao_pendente"
"SP","3528007","Macatuba","brasao","revisao_pendente"
"SP","3528007","Macatuba","bandeira","revisao_pendente"
"SP","3528106","Macaubal","brasao","revisao_pendente"
"SP","3528106","Macaubal","bandeira","revisao_pendente"
"SP","3528205","Macedônia","brasao","revisao_pendente"
"SP","3528205","Macedônia","bandeira","revisao_pendente"
"SP","3528304","Magda","brasao","revisao_pendente"
"SP","3528304","Magda","bandeira","revisao_pendente"
"SP","3528403","Mairinque","brasao","revisao_pendente"
"SP","3528403","Mairinque","bandeira","revisao_pendente"
"SP","3528502","Mairiporã","brasao","revisao_pendente"
"SP","3528502","Mairiporã","bandeira","revisao_pendente"
"SP","3528601","Manduri","brasao","revisao_pendente"
"SP","3528601","Manduri","bandeira","revisao_pendente"
"SP","3528700","Marabá Paulista","brasao","revisao_pendente"
"SP","3528700","Marabá Paulista","bandeira","revisao_pendente"
"SP","3528809","Maracaí","brasao","revisao_pendente"
"SP","3528809","Maracaí","bandeira","revisao_pendente"
"SP","3528858","Marapoama","brasao","revisao_pendente"
"SP","3528858","Marapoama","bandeira","revisao_pendente"
"SP","3528908","Mariápolis","brasao","revisao_pendente"
"SP","3528908","Mariápolis","bandeira","revisao_pendente"
"SP","3529005","Marília","brasao","revisao_pendente"
"SP","3529005","Marília","bandeira","revisao_pendente"
"SP","3529104","Marinópolis","brasao","revisao_pendente"
"SP","3529104","Marinópolis","bandeira","revisao_pendente"
"SP","3529203","Martinópolis","brasao","revisao_pendente"
"SP","3529203","Martinópolis","bandeira","revisao_pendente"
"SP","3529302","Matão","brasao","revisao_pendente"
"SP","3529302","Matão","bandeira","revisao_pendente"
"SP","3529401","Mauá","brasao","revisao_pendente"
"SP","3529401","Mauá","bandeira","revisao_pendente"
"SP","3529500","Mendonça","brasao","revisao_pendente"
"SP","3529500","Mendonça","bandeira","revisao_pendente"
"SP","3529609","Meridiano","brasao","revisao_pendente"
"SP","3529609","Meridiano","bandeira","revisao_pendente"
"SP","3529658","Mesópolis","brasao","revisao_pendente"
"SP","3529658","Mesópolis","bandeira","revisao_pendente"
"SP","3529708","Miguelópolis","brasao","revisao_pendente"
"SP","3529708","Miguelópolis","bandeira","revisao_pendente"
"SP","3529807","Mineiros do Tietê","brasao","revisao_pendente"
"SP","3529807","Mineiros do Tietê","bandeira","revisao_pendente"
"SP","3529906","Miracatu","brasao","revisao_pendente"
"SP","3529906","Miracatu","bandeira","revisao_pendente"
"SP","3530003","Mira Estrela","brasao","revisao_pendente"
"SP","3530003","Mira Estrela","bandeira","revisao_pendente"
"SP","3530102","Mirandópolis","brasao","revisao_pendente"
"SP","3530102","Mirandópolis","bandeira","revisao_pendente"
"SP","3530201","Mirante do Paranapanema","brasao","revisao_pendente"
"SP","3530201","Mirante do Paranapanema","bandeira","revisao_pendente"
"SP","3530300","Mirassol","brasao","revisao_pendente"
"SP","3530300","Mirassol","bandeira","revisao_pendente"
"SP","3530409","Mirassolândia","brasao","revisao_pendente"
"SP","3530409","Mirassolândia","bandeira","revisao_pendente"
"SP","3530508","Mococa","brasao","revisao_pendente"
"SP","3530508","Mococa","bandeira","revisao_pendente"
"SP","3530607","Mogi das Cruzes","brasao","revisao_pendente"
"SP","3530607","Mogi das Cruzes","bandeira","revisao_pendente"
"SP","3530706","Mogi Guaçu","brasao","revisao_pendente"
"SP","3530706","Mogi Guaçu","bandeira","revisao_pendente"
"SP","3530805","Mogi Mirim","brasao","revisao_pendente"
"SP","3530805","Mogi Mirim","bandeira","revisao_pendente"
"SP","3530904","Mombuca","brasao","revisao_pendente"
"SP","3530904","Mombuca","bandeira","revisao_pendente"
"SP","3531001","Monções","brasao","revisao_pendente"
"SP","3531001","Monções","bandeira","revisao_pendente"
"SP","3531100","Mongaguá","brasao","revisao_pendente"
"SP","3531100","Mongaguá","bandeira","revisao_pendente"
"SP","3531209","Monte Alegre do Sul","brasao","revisao_pendente"
"SP","3531209","Monte Alegre do Sul","bandeira","revisao_pendente"
"SP","3531308","Monte Alto","brasao","revisao_pendente"
"SP","3531308","Monte Alto","bandeira","revisao_pendente"
"SP","3531407","Monte Aprazível","brasao","revisao_pendente"
"SP","3531407","Monte Aprazível","bandeira","revisao_pendente"
"SP","3531506","Monte Azul Paulista","brasao","revisao_pendente"
"SP","3531506","Monte Azul Paulista","bandeira","revisao_pendente"
"SP","3531605","Monte Castelo","brasao","revisao_pendente"
"SP","3531605","Monte Castelo","bandeira","revisao_pendente"
"SP","3531704","Monteiro Lobato","brasao","revisao_pendente"
"SP","3531704","Monteiro Lobato","bandeira","revisao_pendente"
"SP","3531803","Monte Mor","brasao","revisao_pendente"
"SP","3531803","Monte Mor","bandeira","revisao_pendente"
"SP","3531902","Morro Agudo","brasao","revisao_pendente"
"SP","3531902","Morro Agudo","bandeira","revisao_pendente"
"SP","3532009","Morungaba","brasao","revisao_pendente"
"SP","3532009","Morungaba","bandeira","revisao_pendente"
"SP","3532058","Motuca","brasao","revisao_pendente"
"SP","3532058","Motuca","bandeira","revisao_pendente"
"SP","3532108","Murutinga do Sul","brasao","revisao_pendente"
"SP","3532108","Murutinga do Sul","bandeira","revisao_pendente"
"SP","3532157","Nantes","brasao","revisao_pendente"
"SP","3532157","Nantes","bandeira","revisao_pendente"
"SP","3532207","Narandiba","brasao","revisao_pendente"
"SP","3532207","Narandiba","bandeira","revisao_pendente"
"SP","3532306","Natividade da Serra","brasao","revisao_pendente"
"SP","3532306","Natividade da Serra","bandeira","revisao_pendente"
"SP","3532405","Nazaré Paulista","brasao","revisao_pendente"
"SP","3532405","Nazaré Paulista","bandeira","revisao_pendente"
"SP","3532504","Neves Paulista","brasao","revisao_pendente"
"SP","3532504","Neves Paulista","bandeira","revisao_pendente"
"SP","3532603","Nhandeara","brasao","revisao_pendente"
"SP","3532603","Nhandeara","bandeira","revisao_pendente"
"SP","3532702","Nipoã","brasao","revisao_pendente"
"SP","3532702","Nipoã","bandeira","revisao_pendente"
"SP","3532801","Nova Aliança","brasao","revisao_pendente"
"SP","3532801","Nova Aliança","bandeira","revisao_pendente"
"SP","3532827","Nova Campina","brasao","revisao_pendente"
"SP","3532827","Nova Campina","bandeira","revisao_pendente"
"SP","3532843","Nova Canaã Paulista","brasao","nao_encontrado"
"SP","3532843","Nova Canaã Paulista","bandeira","revisao_pendente"
"SP","3532868","Nova Castilho","brasao","revisao_pendente"
"SP","3532868","Nova Castilho","bandeira","revisao_pendente"
"SP","3532900","Nova Europa","brasao","revisao_pendente"
"SP","3532900","Nova Europa","bandeira","revisao_pendente"
"SP","3533007","Nova Granada","brasao","revisao_pendente"
"SP","3533007","Nova Granada","bandeira","revisao_pendente"
"SP","3533106","Nova Guataporanga","brasao","revisao_pendente"
"SP","3533106","Nova Guataporanga","bandeira","revisao_pendente"
"SP","3533205","Nova Independência","brasao","revisao_pendente"
"SP","3533205","Nova Independência","bandeira","revisao_pendente"
"SP","3533254","Novais","brasao","revisao_pendente"
"SP","3533254","Novais","bandeira","revisao_pendente"
"SP","3533304","Nova Luzitânia","brasao","revisao_pendente"
"SP","3533304","Nova Luzitânia","bandeira","revisao_pendente"
"SP","3533403","Nova Odessa","brasao","revisao_pendente"
"SP","3533403","Nova Odessa","bandeira","revisao_pendente"
"SP","3533502","Novo Horizonte","brasao","revisao_pendente"
"SP","3533502","Novo Horizonte","bandeira","revisao_pendente"
"SP","3533601","Nuporanga","brasao","revisao_pendente"
"SP","3533601","Nuporanga","bandeira","revisao_pendente"
"SP","3533700","Ocauçu","brasao","revisao_pendente"
"SP","3533700","Ocauçu","bandeira","revisao_pendente"
"SP","3533809","Óleo","brasao","revisao_pendente"
"SP","3533809","Óleo","bandeira","revisao_pendente"
"SP","3533908","Olímpia","brasao","revisao_pendente"
"SP","3533908","Olímpia","bandeira","revisao_pendente"
"SP","3534005","Onda Verde","brasao","revisao_pendente"
"SP","3534005","Onda Verde","bandeira","revisao_pendente"
"SP","3534104","Oriente","brasao","revisao_pendente"
"SP","3534104","Oriente","bandeira","revisao_pendente"
"SP","3534203","Orindiúva","brasao","revisao_pendente"
"SP","3534203","Orindiúva","bandeira","revisao_pendente"
"SP","3534302","Orlândia","brasao","revisao_pendente"
"SP","3534302","Orlândia","bandeira","revisao_pendente"
"SP","3534401","Osasco","brasao","revisao_pendente"
"SP","3534401","Osasco","bandeira","revisao_pendente"
"SP","3534500","Oscar Bressane","brasao","revisao_pendente"
"SP","3534500","Oscar Bressane","bandeira","revisao_pendente"
"SP","3534609","Osvaldo Cruz","brasao","revisao_pendente"
"SP","3534609","Osvaldo Cruz","bandeira","revisao_pendente"
"SP","3534708","Ourinhos","brasao","revisao_pendente"
"SP","3534708","Ourinhos","bandeira","revisao_pendente"
"SP","3534757","Ouroeste","brasao","revisao_pendente"
"SP","3534757","Ouroeste","bandeira","revisao_pendente"
"SP","3534807","Ouro Verde","brasao","revisao_pendente"
"SP","3534807","Ouro Verde","bandeira","revisao_pendente"
"SP","3534906","Pacaembu","brasao","revisao_pendente"
"SP","3534906","Pacaembu","bandeira","revisao_pendente"
"SP","3535002","Palestina","brasao","revisao_pendente"
"SP","3535002","Palestina","bandeira","revisao_pendente"
"SP","3535101","Palmares Paulista","brasao","revisao_pendente"
"SP","3535101","Palmares Paulista","bandeira","revisao_pendente"
"SP","3535200","Palmeira d'Oeste","brasao","revisao_pendente"
"SP","3535200","Palmeira d'Oeste","bandeira","revisao_pendente"
"SP","3535309","Palmital","brasao","revisao_pendente"
"SP","3535309","Palmital","bandeira","revisao_pendente"
"SP","3535408","Panorama","brasao","revisao_pendente"
"SP","3535408","Panorama","bandeira","revisao_pendente"
"SP","3535507","Paraguaçu Paulista","brasao","revisao_pendente"
"SP","3535507","Paraguaçu Paulista","bandeira","revisao_pendente"
"SP","3535606","Paraibuna","brasao","revisao_pendente"
"SP","3535606","Paraibuna","bandeira","revisao_pendente"
"SP","3535705","Paraíso","brasao","revisao_pendente"
"SP","3535705","Paraíso","bandeira","revisao_pendente"
"SP","3535804","Paranapanema","brasao","revisao_pendente"
"SP","3535804","Paranapanema","bandeira","revisao_pendente"
"SP","3535903","Paranapuã","brasao","revisao_pendente"
"SP","3535903","Paranapuã","bandeira","revisao_pendente"
"SP","3536000","Parapuã","brasao","revisao_pendente"
"SP","3536000","Parapuã","bandeira","revisao_pendente"
"SP","3536109","Pardinho","brasao","revisao_pendente"
"SP","3536109","Pardinho","bandeira","revisao_pendente"
"SP","3536208","Pariquera-Açu","brasao","revisao_pendente"
"SP","3536208","Pariquera-Açu","bandeira","revisao_pendente"
"SP","3536257","Parisi","brasao","revisao_pendente"
"SP","3536257","Parisi","bandeira","revisao_pendente"
"SP","3536307","Patrocínio Paulista","brasao","revisao_pendente"
"SP","3536307","Patrocínio Paulista","bandeira","revisao_pendente"
"SP","3536406","Paulicéia","brasao","revisao_pendente"
"SP","3536406","Paulicéia","bandeira","revisao_pendente"
"SP","3536505","Paulínia","brasao","revisao_pendente"
"SP","3536505","Paulínia","bandeira","revisao_pendente"
"SP","3536570","Paulistânia","brasao","revisao_pendente"
"SP","3536570","Paulistânia","bandeira","revisao_pendente"
"SP","3536604","Paulo de Faria","brasao","revisao_pendente"
"SP","3536604","Paulo de Faria","bandeira","revisao_pendente"
"SP","3536703","Pederneiras","brasao","revisao_pendente"
"SP","3536703","Pederneiras","bandeira","revisao_pendente"
"SP","3536802","Pedra Bela","brasao","revisao_pendente"
"SP","3536802","Pedra Bela","bandeira","revisao_pendente"
"SP","3536901","Pedranópolis","brasao","revisao_pendente"
"SP","3536901","Pedranópolis","bandeira","revisao_pendente"
"SP","3537008","Pedregulho","brasao","revisao_pendente"
"SP","3537008","Pedregulho","bandeira","revisao_pendente"
"SP","3537107","Pedreira","brasao","revisao_pendente"
"SP","3537107","Pedreira","bandeira","revisao_pendente"
"SP","3537156","Pedrinhas Paulista","brasao","revisao_pendente"
"SP","3537156","Pedrinhas Paulista","bandeira","revisao_pendente"
"SP","3537206","Pedro de Toledo","brasao","revisao_pendente"
"SP","3537206","Pedro de Toledo","bandeira","revisao_pendente"
"SP","3537305","Penápolis","brasao","revisao_pendente"
"SP","3537305","Penápolis","bandeira","revisao_pendente"
"SP","3537404","Pereira Barreto","brasao","revisao_pendente"
"SP","3537404","Pereira Barreto","bandeira","revisao_pendente"
"SP","3537503","Pereiras","brasao","revisao_pendente"
"SP","3537503","Pereiras","bandeira","revisao_pendente"
"SP","3537602","Peruíbe","brasao","rejeitado"
"SP","3537602","Peruíbe","bandeira","revisao_pendente"
"SP","3537701","Piacatu","brasao","revisao_pendente"
"SP","3537701","Piacatu","bandeira","revisao_pendente"
"SP","3537800","Piedade","brasao","revisao_pendente"
"SP","3537800","Piedade","bandeira","revisao_pendente"
"SP","3537909","Pilar do Sul","brasao","revisao_pendente"
"SP","3537909","Pilar do Sul","bandeira","revisao_pendente"
"SP","3538006","Pindamonhangaba","brasao","revisao_pendente"
"SP","3538006","Pindamonhangaba","bandeira","revisao_pendente"
"SP","3538105","Pindorama","brasao","revisao_pendente"
"SP","3538105","Pindorama","bandeira","revisao_pendente"
"SP","3538204","Pinhalzinho","brasao","revisao_pendente"
"SP","3538204","Pinhalzinho","bandeira","revisao_pendente"
"SP","3538303","Piquerobi","brasao","revisao_pendente"
"SP","3538303","Piquerobi","bandeira","revisao_pendente"
"SP","3538501","Piquete","brasao","revisao_pendente"
"SP","3538501","Piquete","bandeira","revisao_pendente"
"SP","3538600","Piracaia","brasao","revisao_pendente"
"SP","3538600","Piracaia","bandeira","revisao_pendente"
"SP","3538709","Piracicaba","brasao","revisao_pendente"
"SP","3538709","Piracicaba","bandeira","revisao_pendente"
"SP","3538808","Piraju","brasao","revisao_pendente"
"SP","3538808","Piraju","bandeira","revisao_pendente"
"SP","3538907","Pirajuí","brasao","revisao_pendente"
"SP","3538907","Pirajuí","bandeira","revisao_pendente"
"SP","3539004","Pirangi","brasao","revisao_pendente"
"SP","3539004","Pirangi","bandeira","revisao_pendente"
"SP","3539103","Pirapora do Bom Jesus","brasao","revisao_pendente"
"SP","3539103","Pirapora do Bom Jesus","bandeira","revisao_pendente"
"SP","3539202","Pirapozinho","brasao","revisao_pendente"
"SP","3539202","Pirapozinho","bandeira","revisao_pendente"
"SP","3539301","Pirassununga","brasao","revisao_pendente"
"SP","3539301","Pirassununga","bandeira","revisao_pendente"
"SP","3539400","Piratininga","brasao","revisao_pendente"
"SP","3539400","Piratininga","bandeira","revisao_pendente"
"SP","3539509","Pitangueiras","brasao","revisao_pendente"
"SP","3539509","Pitangueiras","bandeira","revisao_pendente"
"SP","3539608","Planalto","brasao","revisao_pendente"
"SP","3539608","Planalto","bandeira","revisao_pendente"
"SP","3539707","Platina","brasao","revisao_pendente"
"SP","3539707","Platina","bandeira","revisao_pendente"
"SP","3539806","Poá","brasao","revisao_pendente"
"SP","3539806","Poá","bandeira","revisao_pendente"
"SP","3539905","Poloni","brasao","revisao_pendente"
"SP","3539905","Poloni","bandeira","revisao_pendente"
"SP","3540002","Pompéia","brasao","revisao_pendente"
"SP","3540002","Pompéia","bandeira","revisao_pendente"
"SP","3540101","Pongaí","brasao","revisao_pendente"
"SP","3540101","Pongaí","bandeira","revisao_pendente"
"SP","3540200","Pontal","brasao","revisao_pendente"
"SP","3540200","Pontal","bandeira","revisao_pendente"
"SP","3540259","Pontalinda","brasao","revisao_pendente"
"SP","3540259","Pontalinda","bandeira","revisao_pendente"
"SP","3540309","Pontes Gestal","brasao","revisao_pendente"
"SP","3540309","Pontes Gestal","bandeira","revisao_pendente"
"SP","3540408","Populina","brasao","revisao_pendente"
"SP","3540408","Populina","bandeira","revisao_pendente"
"SP","3540507","Porangaba","brasao","nao_encontrado"
"SP","3540507","Porangaba","bandeira","revisao_pendente"
"SP","3540606","Porto Feliz","brasao","revisao_pendente"
"SP","3540606","Porto Feliz","bandeira","revisao_pendente"
"SP","3540705","Porto Ferreira","brasao","revisao_pendente"
"SP","3540705","Porto Ferreira","bandeira","rejeitado"
"SP","3540754","Potim","brasao","revisao_pendente"
"SP","3540754","Potim","bandeira","revisao_pendente"
"SP","3540804","Potirendaba","brasao","revisao_pendente"
"SP","3540804","Potirendaba","bandeira","revisao_pendente"
"SP","3540853","Pracinha","brasao","revisao_pendente"
"SP","3540853","Pracinha","bandeira","revisao_pendente"
"SP","3540903","Pradópolis","brasao","revisao_pendente"
"SP","3540903","Pradópolis","bandeira","revisao_pendente"
"SP","3541000","Praia Grande","brasao","revisao_pendente"
"SP","3541000","Praia Grande","bandeira","revisao_pendente"
"SP","3541059","Pratânia","brasao","revisao_pendente"
"SP","3541059","Pratânia","bandeira","revisao_pendente"
"SP","3541109","Presidente Alves","brasao","revisao_pendente"
"SP","3541109","Presidente Alves","bandeira","revisao_pendente"
"SP","3541208","Presidente Bernardes","brasao","revisao_pendente"
"SP","3541208","Presidente Bernardes","bandeira","revisao_pendente"
"SP","3541307","Presidente Epitácio","brasao","revisao_pendente"
"SP","3541307","Presidente Epitácio","bandeira","revisao_pendente"
"SP","3541406","Presidente Prudente","brasao","revisao_pendente"
"SP","3541406","Presidente Prudente","bandeira","rejeitado"
"SP","3541505","Presidente Venceslau","brasao","revisao_pendente"
"SP","3541505","Presidente Venceslau","bandeira","revisao_pendente"
"SP","3541604","Promissão","brasao","revisao_pendente"
"SP","3541604","Promissão","bandeira","revisao_pendente"
"SP","3541653","Quadra","brasao","revisao_pendente"
"SP","3541653","Quadra","bandeira","revisao_pendente"
"SP","3541703","Quatá","brasao","revisao_pendente"
"SP","3541703","Quatá","bandeira","revisao_pendente"
"SP","3541802","Queiroz","brasao","revisao_pendente"
"SP","3541802","Queiroz","bandeira","revisao_pendente"
"SP","3541901","Queluz","brasao","revisao_pendente"
"SP","3541901","Queluz","bandeira","revisao_pendente"
"SP","3542008","Quintana","brasao","revisao_pendente"
"SP","3542008","Quintana","bandeira","revisao_pendente"
"SP","3542107","Rafard","brasao","revisao_pendente"
"SP","3542107","Rafard","bandeira","revisao_pendente"
"SP","3542206","Rancharia","brasao","revisao_pendente"
"SP","3542206","Rancharia","bandeira","revisao_pendente"
"SP","3542305","Redenção da Serra","brasao","revisao_pendente"
"SP","3542305","Redenção da Serra","bandeira","revisao_pendente"
"SP","3542404","Regente Feijó","brasao","revisao_pendente"
"SP","3542404","Regente Feijó","bandeira","revisao_pendente"
"SP","3542503","Reginópolis","brasao","revisao_pendente"
"SP","3542503","Reginópolis","bandeira","revisao_pendente"
"SP","3542602","Registro","brasao","revisao_pendente"
"SP","3542602","Registro","bandeira","revisao_pendente"
"SP","3542701","Restinga","brasao","revisao_pendente"
"SP","3542701","Restinga","bandeira","revisao_pendente"
"SP","3542800","Ribeira","brasao","revisao_pendente"
"SP","3542800","Ribeira","bandeira","revisao_pendente"
"SP","3542909","Ribeirão Bonito","brasao","revisao_pendente"
"SP","3542909","Ribeirão Bonito","bandeira","revisao_pendente"
"SP","3543006","Ribeirão Branco","brasao","revisao_pendente"
"SP","3543006","Ribeirão Branco","bandeira","revisao_pendente"
"SP","3543105","Ribeirão Corrente","brasao","revisao_pendente"
"SP","3543105","Ribeirão Corrente","bandeira","revisao_pendente"
"SP","3543204","Ribeirão do Sul","brasao","revisao_pendente"
"SP","3543204","Ribeirão do Sul","bandeira","revisao_pendente"
"SP","3543238","Ribeirão dos Índios","brasao","revisao_pendente"
"SP","3543238","Ribeirão dos Índios","bandeira","revisao_pendente"
"SP","3543253","Ribeirão Grande","brasao","revisao_pendente"
"SP","3543253","Ribeirão Grande","bandeira","revisao_pendente"
"SP","3543303","Ribeirão Pires","brasao","revisao_pendente"
"SP","3543303","Ribeirão Pires","bandeira","revisao_pendente"
"SP","3543402","Ribeirão Preto","brasao","revisao_pendente"
"SP","3543402","Ribeirão Preto","bandeira","revisao_pendente"
"SP","3543501","Riversul","brasao","revisao_pendente"
"SP","3543501","Riversul","bandeira","revisao_pendente"
"SP","3543600","Rifaina","brasao","revisao_pendente"
"SP","3543600","Rifaina","bandeira","revisao_pendente"
"SP","3543709","Rincão","brasao","revisao_pendente"
"SP","3543709","Rincão","bandeira","revisao_pendente"
"SP","3543808","Rinópolis","brasao","revisao_pendente"
"SP","3543808","Rinópolis","bandeira","revisao_pendente"
"SP","3543907","Rio Claro","brasao","rejeitado"
"SP","3543907","Rio Claro","bandeira","rejeitado"
"SP","3544004","Rio das Pedras","brasao","revisao_pendente"
"SP","3544004","Rio das Pedras","bandeira","revisao_pendente"
"SP","3544103","Rio Grande da Serra","brasao","revisao_pendente"
"SP","3544103","Rio Grande da Serra","bandeira","revisao_pendente"
"SP","3544202","Riolândia","brasao","revisao_pendente"
"SP","3544202","Riolândia","bandeira","revisao_pendente"
"SP","3544251","Rosana","brasao","revisao_pendente"
"SP","3544251","Rosana","bandeira","revisao_pendente"
"SP","3544301","Roseira","brasao","revisao_pendente"
"SP","3544301","Roseira","bandeira","revisao_pendente"
"SP","3544400","Rubiácea","brasao","revisao_pendente"
"SP","3544400","Rubiácea","bandeira","revisao_pendente"
"SP","3544509","Rubinéia","brasao","revisao_pendente"
"SP","3544509","Rubinéia","bandeira","revisao_pendente"
"SP","3544608","Sabino","brasao","revisao_pendente"
"SP","3544608","Sabino","bandeira","revisao_pendente"
"SP","3544707","Sagres","brasao","revisao_pendente"
"SP","3544707","Sagres","bandeira","revisao_pendente"
"SP","3544806","Sales","brasao","revisao_pendente"
"SP","3544806","Sales","bandeira","revisao_pendente"
"SP","3544905","Sales Oliveira","brasao","revisao_pendente"
"SP","3544905","Sales Oliveira","bandeira","revisao_pendente"
"SP","3545001","Salesópolis","brasao","revisao_pendente"
"SP","3545001","Salesópolis","bandeira","revisao_pendente"
"SP","3545100","Salmourão","brasao","revisao_pendente"
"SP","3545100","Salmourão","bandeira","revisao_pendente"
"SP","3545159","Saltinho","brasao","revisao_pendente"
"SP","3545159","Saltinho","bandeira","revisao_pendente"
"SP","3545209","Salto","brasao","revisao_pendente"
"SP","3545209","Salto","bandeira","revisao_pendente"
"SP","3545308","Salto de Pirapora","brasao","revisao_pendente"
"SP","3545308","Salto de Pirapora","bandeira","revisao_pendente"
"SP","3545407","Salto Grande","brasao","revisao_pendente"
"SP","3545407","Salto Grande","bandeira","revisao_pendente"
"SP","3545506","Sandovalina","brasao","revisao_pendente"
"SP","3545506","Sandovalina","bandeira","revisao_pendente"
"SP","3545605","Santa Adélia","brasao","revisao_pendente"
"SP","3545605","Santa Adélia","bandeira","revisao_pendente"
"SP","3545704","Santa Albertina","brasao","revisao_pendente"
"SP","3545704","Santa Albertina","bandeira","revisao_pendente"
"SP","3545803","Santa Bárbara d'Oeste","brasao","revisao_pendente"
"SP","3545803","Santa Bárbara d'Oeste","bandeira","revisao_pendente"
"SP","3546009","Santa Branca","brasao","revisao_pendente"
"SP","3546009","Santa Branca","bandeira","revisao_pendente"
"SP","3546108","Santa Clara d'Oeste","brasao","revisao_pendente"
"SP","3546108","Santa Clara d'Oeste","bandeira","revisao_pendente"
"SP","3546207","Santa Cruz da Conceição","brasao","nao_encontrado"
"SP","3546207","Santa Cruz da Conceição","bandeira","revisao_pendente"
"SP","3546256","Santa Cruz da Esperança","brasao","revisao_pendente"
"SP","3546256","Santa Cruz da Esperança","bandeira","revisao_pendente"
"SP","3546306","Santa Cruz das Palmeiras","brasao","revisao_pendente"
"SP","3546306","Santa Cruz das Palmeiras","bandeira","revisao_pendente"
"SP","3546405","Santa Cruz do Rio Pardo","brasao","revisao_pendente"
"SP","3546405","Santa Cruz do Rio Pardo","bandeira","revisao_pendente"
"SP","3546504","Santa Ernestina","brasao","revisao_pendente"
"SP","3546504","Santa Ernestina","bandeira","revisao_pendente"
"SP","3546603","Santa Fé do Sul","brasao","revisao_pendente"
"SP","3546603","Santa Fé do Sul","bandeira","revisao_pendente"
"SP","3546702","Santa Gertrudes","brasao","revisao_pendente"
"SP","3546702","Santa Gertrudes","bandeira","revisao_pendente"
"SP","3546801","Santa Isabel","brasao","revisao_pendente"
"SP","3546801","Santa Isabel","bandeira","revisao_pendente"
"SP","3546900","Santa Lúcia","brasao","revisao_pendente"
"SP","3546900","Santa Lúcia","bandeira","revisao_pendente"
"SP","3547007","Santa Maria da Serra","brasao","revisao_pendente"
"SP","3547007","Santa Maria da Serra","bandeira","revisao_pendente"
"SP","3547106","Santa Mercedes","brasao","revisao_pendente"
"SP","3547106","Santa Mercedes","bandeira","revisao_pendente"
"SP","3547205","Santana da Ponte Pensa","brasao","revisao_pendente"
"SP","3547205","Santana da Ponte Pensa","bandeira","revisao_pendente"
"SP","3547304","Santana de Parnaíba","brasao","revisao_pendente"
"SP","3547304","Santana de Parnaíba","bandeira","revisao_pendente"
"SP","3547403","Santa Rita d'Oeste","brasao","revisao_pendente"
"SP","3547403","Santa Rita d'Oeste","bandeira","revisao_pendente"
"SP","3547502","Santa Rita do Passa Quatro","brasao","revisao_pendente"
"SP","3547502","Santa Rita do Passa Quatro","bandeira","revisao_pendente"
"SP","3547601","Santa Rosa de Viterbo","brasao","revisao_pendente"
"SP","3547601","Santa Rosa de Viterbo","bandeira","revisao_pendente"
"SP","3547650","Santa Salete","brasao","revisao_pendente"
"SP","3547650","Santa Salete","bandeira","revisao_pendente"
"SP","3547700","Santo Anastácio","brasao","revisao_pendente"
"SP","3547700","Santo Anastácio","bandeira","revisao_pendente"
"SP","3547809","Santo André","brasao","revisao_pendente"
"SP","3547809","Santo André","bandeira","revisao_pendente"
"SP","3547908","Santo Antônio da Alegria","brasao","revisao_pendente"
"SP","3547908","Santo Antônio da Alegria","bandeira","revisao_pendente"
"SP","3548005","Santo Antônio de Posse","brasao","revisao_pendente"
"SP","3548005","Santo Antônio de Posse","bandeira","revisao_pendente"
"SP","3548054","Santo Antônio do Aracanguá","brasao","revisao_pendente"
"SP","3548054","Santo Antônio do Aracanguá","bandeira","revisao_pendente"
"SP","3548104","Santo Antônio do Jardim","brasao","revisao_pendente"
"SP","3548104","Santo Antônio do Jardim","bandeira","revisao_pendente"
"SP","3548203","Santo Antônio do Pinhal","brasao","revisao_pendente"
"SP","3548203","Santo Antônio do Pinhal","bandeira","revisao_pendente"
"SP","3548302","Santo Expedito","brasao","revisao_pendente"
"SP","3548302","Santo Expedito","bandeira","revisao_pendente"
"SP","3548401","Santópolis do Aguapeí","brasao","revisao_pendente"
"SP","3548401","Santópolis do Aguapeí","bandeira","revisao_pendente"
"SP","3548500","Santos","brasao","rejeitado"
"SP","3548500","Santos","bandeira","revisao_pendente"
"SP","3548609","São Bento do Sapucaí","brasao","revisao_pendente"
"SP","3548609","São Bento do Sapucaí","bandeira","revisao_pendente"
"SP","3548708","São Bernardo do Campo","brasao","revisao_pendente"
"SP","3548708","São Bernardo do Campo","bandeira","revisao_pendente"
"SP","3548807","São Caetano do Sul","brasao","rejeitado"
"SP","3548807","São Caetano do Sul","bandeira","revisao_pendente"
"SP","3548906","São Carlos","brasao","revisao_pendente"
"SP","3548906","São Carlos","bandeira","revisao_pendente"
"SP","3549003","São Francisco","brasao","nao_encontrado"
"SP","3549003","São Francisco","bandeira","revisao_pendente"
"SP","3549102","São João da Boa Vista","brasao","revisao_pendente"
"SP","3549102","São João da Boa Vista","bandeira","revisao_pendente"
"SP","3549201","São João das Duas Pontes","brasao","revisao_pendente"
"SP","3549201","São João das Duas Pontes","bandeira","revisao_pendente"
"SP","3549250","São João de Iracema","brasao","revisao_pendente"
"SP","3549250","São João de Iracema","bandeira","revisao_pendente"
"SP","3549300","São João do Pau d'Alho","brasao","revisao_pendente"
"SP","3549300","São João do Pau d'Alho","bandeira","revisao_pendente"
"SP","3549409","São Joaquim da Barra","brasao","revisao_pendente"
"SP","3549409","São Joaquim da Barra","bandeira","revisao_pendente"
"SP","3549508","São José da Bela Vista","brasao","revisao_pendente"
"SP","3549508","São José da Bela Vista","bandeira","revisao_pendente"
"SP","3549607","São José do Barreiro","brasao","revisao_pendente"
"SP","3549607","São José do Barreiro","bandeira","revisao_pendente"
"SP","3549706","São José do Rio Pardo","brasao","revisao_pendente"
"SP","3549706","São José do Rio Pardo","bandeira","revisao_pendente"
"SP","3549805","São José do Rio Preto","brasao","revisao_pendente"
"SP","3549805","São José do Rio Preto","bandeira","revisao_pendente"
"SP","3549904","São José dos Campos","brasao","revisao_pendente"
"SP","3549904","São José dos Campos","bandeira","revisao_pendente"
"SP","3549953","São Lourenço da Serra","brasao","revisao_pendente"
"SP","3549953","São Lourenço da Serra","bandeira","revisao_pendente"
"SP","3550001","São Luiz do Paraitinga","brasao","revisao_pendente"
"SP","3550001","São Luiz do Paraitinga","bandeira","revisao_pendente"
"SP","3550100","São Manuel","brasao","revisao_pendente"
"SP","3550100","São Manuel","bandeira","revisao_pendente"
"SP","3550209","São Miguel Arcanjo","brasao","revisao_pendente"
"SP","3550209","São Miguel Arcanjo","bandeira","revisao_pendente"
"SP","3550308","São Paulo","brasao","rejeitado"
"SP","3550308","São Paulo","bandeira","revisao_pendente"
"SP","3550407","São Pedro","brasao","revisao_pendente"
"SP","3550407","São Pedro","bandeira","revisao_pendente"
"SP","3550506","São Pedro do Turvo","brasao","revisao_pendente"
"SP","3550506","São Pedro do Turvo","bandeira","revisao_pendente"
"SP","3550605","São Roque","brasao","revisao_pendente"
"SP","3550605","São Roque","bandeira","revisao_pendente"
"SP","3550704","São Sebastião","brasao","revisao_pendente"
"SP","3550704","São Sebastião","bandeira","revisao_pendente"
"SP","3550803","São Sebastião da Grama","brasao","revisao_pendente"
"SP","3550803","São Sebastião da Grama","bandeira","revisao_pendente"
"SP","3550902","São Simão","brasao","revisao_pendente"
"SP","3550902","São Simão","bandeira","revisao_pendente"
"SP","3551009","São Vicente","brasao","revisao_pendente"
"SP","3551009","São Vicente","bandeira","revisao_pendente"
"SP","3551108","Sarapuí","brasao","revisao_pendente"
"SP","3551108","Sarapuí","bandeira","revisao_pendente"
"SP","3551207","Sarutaiá","brasao","revisao_pendente"
"SP","3551207","Sarutaiá","bandeira","revisao_pendente"
"SP","3551306","Sebastianópolis do Sul","brasao","revisao_pendente"
"SP","3551306","Sebastianópolis do Sul","bandeira","revisao_pendente"
"SP","3551405","Serra Azul","brasao","revisao_pendente"
"SP","3551405","Serra Azul","bandeira","revisao_pendente"
"SP","3551504","Serrana","brasao","revisao_pendente"
"SP","3551504","Serrana","bandeira","revisao_pendente"
"SP","3551603","Serra Negra","brasao","revisao_pendente"
"SP","3551603","Serra Negra","bandeira","revisao_pendente"
"SP","3551702","Sertãozinho","brasao","revisao_pendente"
"SP","3551702","Sertãozinho","bandeira","revisao_pendente"
"SP","3551801","Sete Barras","brasao","revisao_pendente"
"SP","3551801","Sete Barras","bandeira","revisao_pendente"
"SP","3551900","Severínia","brasao","revisao_pendente"
"SP","3551900","Severínia","bandeira","revisao_pendente"
"SP","3552007","Silveiras","brasao","revisao_pendente"
"SP","3552007","Silveiras","bandeira","revisao_pendente"
"SP","3552106","Socorro","brasao","revisao_pendente"
"SP","3552106","Socorro","bandeira","revisao_pendente"
"SP","3552205","Sorocaba","brasao","revisao_pendente"
"SP","3552205","Sorocaba","bandeira","revisao_pendente"
"SP","3552304","Sud Mennucci","brasao","revisao_pendente"
"SP","3552304","Sud Mennucci","bandeira","revisao_pendente"
"SP","3552403","Sumaré","brasao","revisao_pendente"
"SP","3552403","Sumaré","bandeira","revisao_pendente"
"SP","3552502","Suzano","brasao","revisao_pendente"
"SP","3552502","Suzano","bandeira","revisao_pendente"
"SP","3552551","Suzanápolis","brasao","revisao_pendente"
"SP","3552551","Suzanápolis","bandeira","revisao_pendente"
"SP","3552601","Tabapuã","brasao","revisao_pendente"
"SP","3552601","Tabapuã","bandeira","revisao_pendente"
"SP","3552700","Tabatinga","brasao","revisao_pendente"
"SP","3552700","Tabatinga","bandeira","revisao_pendente"
"SP","3552809","Taboão da Serra","brasao","revisao_pendente"
"SP","3552809","Taboão da Serra","bandeira","revisao_pendente"
"SP","3552908","Taciba","brasao","revisao_pendente"
"SP","3552908","Taciba","bandeira","revisao_pendente"
"SP","3553005","Taguaí","brasao","revisao_pendente"
"SP","3553005","Taguaí","bandeira","revisao_pendente"
"SP","3553104","Taiaçu","brasao","revisao_pendente"
"SP","3553104","Taiaçu","bandeira","revisao_pendente"
"SP","3553203","Taiúva","brasao","revisao_pendente"
"SP","3553203","Taiúva","bandeira","revisao_pendente"
"SP","3553302","Tambaú","brasao","revisao_pendente"
"SP","3553302","Tambaú","bandeira","revisao_pendente"
"SP","3553401","Tanabi","brasao","revisao_pendente"
"SP","3553401","Tanabi","bandeira","revisao_pendente"
"SP","3553500","Tapiraí","brasao","revisao_pendente"
"SP","3553500","Tapiraí","bandeira","revisao_pendente"
"SP","3553609","Tapiratiba","brasao","revisao_pendente"
"SP","3553609","Tapiratiba","bandeira","revisao_pendente"
"SP","3553658","Taquaral","brasao","revisao_pendente"
"SP","3553658","Taquaral","bandeira","revisao_pendente"
"SP","3553708","Taquaritinga","brasao","revisao_pendente"
"SP","3553708","Taquaritinga","bandeira","revisao_pendente"
"SP","3553807","Taquarituba","brasao","revisao_pendente"
"SP","3553807","Taquarituba","bandeira","revisao_pendente"
"SP","3553856","Taquarivaí","brasao","revisao_pendente"
"SP","3553856","Taquarivaí","bandeira","revisao_pendente"
"SP","3553906","Tarabai","brasao","revisao_pendente"
"SP","3553906","Tarabai","bandeira","revisao_pendente"
"SP","3553955","Tarumã","brasao","revisao_pendente"
"SP","3553955","Tarumã","bandeira","revisao_pendente"
"SP","3554003","Tatuí","brasao","revisao_pendente"
"SP","3554003","Tatuí","bandeira","revisao_pendente"
"SP","3554102","Taubaté","brasao","revisao_pendente"
"SP","3554102","Taubaté","bandeira","revisao_pendente"
"SP","3554201","Tejupá","brasao","revisao_pendente"
"SP","3554201","Tejupá","bandeira","revisao_pendente"
"SP","3554300","Teodoro Sampaio","brasao","revisao_pendente"
"SP","3554300","Teodoro Sampaio","bandeira","revisao_pendente"
"SP","3554409","Terra Roxa","brasao","revisao_pendente"
"SP","3554409","Terra Roxa","bandeira","revisao_pendente"
"SP","3554508","Tietê","brasao","revisao_pendente"
"SP","3554508","Tietê","bandeira","revisao_pendente"
"SP","3554607","Timburi","brasao","revisao_pendente"
"SP","3554607","Timburi","bandeira","revisao_pendente"
"SP","3554656","Torre de Pedra","brasao","revisao_pendente"
"SP","3554656","Torre de Pedra","bandeira","revisao_pendente"
"SP","3554706","Torrinha","brasao","revisao_pendente"
"SP","3554706","Torrinha","bandeira","revisao_pendente"
"SP","3554755","Trabiju","brasao","revisao_pendente"
"SP","3554755","Trabiju","bandeira","revisao_pendente"
"SP","3554805","Tremembé","brasao","revisao_pendente"
"SP","3554805","Tremembé","bandeira","revisao_pendente"
"SP","3554904","Três Fronteiras","brasao","revisao_pendente"
"SP","3554904","Três Fronteiras","bandeira","revisao_pendente"
"SP","3554953","Tuiuti","brasao","revisao_pendente"
"SP","3554953","Tuiuti","bandeira","revisao_pendente"
"SP","3555000","Tupã","brasao","revisao_pendente"
"SP","3555000","Tupã","bandeira","revisao_pendente"
"SP","3555109","Tupi Paulista","brasao","revisao_pendente"
"SP","3555109","Tupi Paulista","bandeira","revisao_pendente"
"SP","3555208","Turiúba","brasao","revisao_pendente"
"SP","3555208","Turiúba","bandeira","revisao_pendente"
"SP","3555307","Turmalina","brasao","revisao_pendente"
"SP","3555307","Turmalina","bandeira","revisao_pendente"
"SP","3555356","Ubarana","brasao","nao_encontrado"
"SP","3555356","Ubarana","bandeira","revisao_pendente"
"SP","3555406","Ubatuba","brasao","revisao_pendente"
"SP","3555406","Ubatuba","bandeira","rejeitado"
"SP","3555505","Ubirajara","brasao","revisao_pendente"
"SP","3555505","Ubirajara","bandeira","revisao_pendente"
"SP","3555604","Uchoa","brasao","revisao_pendente"
"SP","3555604","Uchoa","bandeira","revisao_pendente"
"SP","3555703","União Paulista","brasao","revisao_pendente"
"SP","3555703","União Paulista","bandeira","revisao_pendente"
"SP","3555802","Urânia","brasao","revisao_pendente"
"SP","3555802","Urânia","bandeira","revisao_pendente"
"SP","3555901","Uru","brasao","revisao_pendente"
"SP","3555901","Uru","bandeira","revisao_pendente"
"SP","3556008","Urupês","brasao","revisao_pendente"
"SP","3556008","Urupês","bandeira","revisao_pendente"
"SP","3556107","Valentim Gentil","brasao","revisao_pendente"
"SP","3556107","Valentim Gentil","bandeira","revisao_pendente"
"SP","3556206","Valinhos","brasao","revisao_pendente"
"SP","3556206","Valinhos","bandeira","rejeitado"
"SP","3556305","Valparaíso","brasao","revisao_pendente"
"SP","3556305","Valparaíso","bandeira","revisao_pendente"
"SP","3556354","Vargem","brasao","revisao_pendente"
"SP","3556354","Vargem","bandeira","revisao_pendente"
"SP","3556404","Vargem Grande do Sul","brasao","revisao_pendente"
"SP","3556404","Vargem Grande do Sul","bandeira","revisao_pendente"
"SP","3556453","Vargem Grande Paulista","brasao","revisao_pendente"
"SP","3556453","Vargem Grande Paulista","bandeira","revisao_pendente"
"SP","3556503","Várzea Paulista","brasao","revisao_pendente"
"SP","3556503","Várzea Paulista","bandeira","revisao_pendente"
"SP","3556602","Vera Cruz","brasao","nao_encontrado"
"SP","3556602","Vera Cruz","bandeira","revisao_pendente"
"SP","3556701","Vinhedo","brasao","revisao_pendente"
"SP","3556701","Vinhedo","bandeira","revisao_pendente"
"SP","3556800","Viradouro","brasao","revisao_pendente"
"SP","3556800","Viradouro","bandeira","revisao_pendente"
"SP","3556909","Vista Alegre do Alto","brasao","revisao_pendente"
"SP","3556909","Vista Alegre do Alto","bandeira","revisao_pendente"
"SP","3556958","Vitória Brasil","brasao","revisao_pendente"
"SP","3556958","Vitória Brasil","bandeira","revisao_pendente"
"SP","3557006","Votorantim","brasao","revisao_pendente"
"SP","3557006","Votorantim","bandeira","revisao_pendente"
"SP","3557105","Votuporanga","brasao","revisao_pendente"
"SP","3557105","Votuporanga","bandeira","revisao_pendente"
"SP","3557154","Zacarias","brasao","revisao_pendente"
"SP","3557154","Zacarias","bandeira","revisao_pendente"
"SP","3557204","Chavantes","brasao","revisao_pendente"
"SP","3557204","Chavantes","bandeira","revisao_pendente"
"SP","3557303","Estiva Gerbi","brasao","revisao_pendente"
"SP","3557303","Estiva Gerbi","bandeira","revisao_pendente"
"PR","4100103","Abatiá","brasao","revisao_pendente"
"PR","4100103","Abatiá","bandeira","revisao_pendente"
"PR","4100202","Adrianópolis","brasao","revisao_pendente"
"PR","4100202","Adrianópolis","bandeira","nao_encontrado"
"PR","4100301","Agudos do Sul","brasao","revisao_pendente"
"PR","4100301","Agudos do Sul","bandeira","nao_encontrado"
"PR","4100400","Almirante Tamandaré","brasao","revisao_pendente"
"PR","4100400","Almirante Tamandaré","bandeira","revisao_pendente"
"PR","4100459","Altamira do Paraná","brasao","revisao_pendente"
"PR","4100459","Altamira do Paraná","bandeira","revisao_pendente"
"PR","4100509","Altônia","brasao","revisao_pendente"
"PR","4100509","Altônia","bandeira","revisao_pendente"
"PR","4100608","Alto Paraná","brasao","revisao_pendente"
"PR","4100608","Alto Paraná","bandeira","revisao_pendente"
"PR","4100707","Alto Piquiri","brasao","revisao_pendente"
"PR","4100707","Alto Piquiri","bandeira","revisao_pendente"
"PR","4100806","Alvorada do Sul","brasao","revisao_pendente"
"PR","4100806","Alvorada do Sul","bandeira","revisao_pendente"
"PR","4100905","Amaporã","brasao","revisao_pendente"
"PR","4100905","Amaporã","bandeira","revisao_pendente"
"PR","4101002","Ampére","brasao","revisao_pendente"
"PR","4101002","Ampére","bandeira","revisao_pendente"
"PR","4101051","Anahy","brasao","nao_encontrado"
"PR","4101051","Anahy","bandeira","nao_encontrado"
"PR","4101101","Andirá","brasao","revisao_pendente"
"PR","4101101","Andirá","bandeira","revisao_pendente"
"PR","4101150","Ângulo","brasao","revisao_pendente"
"PR","4101150","Ângulo","bandeira","revisao_pendente"
"PR","4101200","Antonina","brasao","revisao_pendente"
"PR","4101200","Antonina","bandeira","revisao_pendente"
"PR","4101309","Antônio Olinto","brasao","revisao_pendente"
"PR","4101309","Antônio Olinto","bandeira","nao_encontrado"
"PR","4101408","Apucarana","brasao","revisao_pendente"
"PR","4101408","Apucarana","bandeira","revisao_pendente"
"PR","4101507","Arapongas","brasao","revisao_pendente"
"PR","4101507","Arapongas","bandeira","revisao_pendente"
"PR","4101606","Arapoti","brasao","revisao_pendente"
"PR","4101606","Arapoti","bandeira","revisao_pendente"
"PR","4101655","Arapuã","brasao","revisao_pendente"
"PR","4101655","Arapuã","bandeira","nao_encontrado"
"PR","4101705","Araruna","brasao","revisao_pendente"
"PR","4101705","Araruna","bandeira","revisao_pendente"
"PR","4101804","Araucária","brasao","revisao_pendente"
"PR","4101804","Araucária","bandeira","revisao_pendente"
"PR","4101853","Ariranha do Ivaí","brasao","revisao_pendente"
"PR","4101853","Ariranha do Ivaí","bandeira","revisao_pendente"
"PR","4101903","Assaí","brasao","revisao_pendente"
"PR","4101903","Assaí","bandeira","revisao_pendente"
"PR","4102000","Assis Chateaubriand","brasao","revisao_pendente"
"PR","4102000","Assis Chateaubriand","bandeira","revisao_pendente"
"PR","4102109","Astorga","brasao","revisao_pendente"
"PR","4102109","Astorga","bandeira","revisao_pendente"
"PR","4102208","Atalaia","brasao","revisao_pendente"
"PR","4102208","Atalaia","bandeira","nao_encontrado"
"PR","4102307","Balsa Nova","brasao","revisao_pendente"
"PR","4102307","Balsa Nova","bandeira","revisao_pendente"
"PR","4102406","Bandeirantes","brasao","revisao_pendente"
"PR","4102406","Bandeirantes","bandeira","revisao_pendente"
"PR","4102505","Barbosa Ferraz","brasao","revisao_pendente"
"PR","4102505","Barbosa Ferraz","bandeira","revisao_pendente"
"PR","4102604","Barracão","brasao","revisao_pendente"
"PR","4102604","Barracão","bandeira","revisao_pendente"
"PR","4102703","Barra do Jacaré","brasao","nao_encontrado"
"PR","4102703","Barra do Jacaré","bandeira","revisao_pendente"
"PR","4102752","Bela Vista da Caroba","brasao","nao_encontrado"
"PR","4102752","Bela Vista da Caroba","bandeira","nao_encontrado"
"PR","4102802","Bela Vista do Paraíso","brasao","revisao_pendente"
"PR","4102802","Bela Vista do Paraíso","bandeira","revisao_pendente"
"PR","4102901","Bituruna","brasao","revisao_pendente"
"PR","4102901","Bituruna","bandeira","revisao_pendente"
"PR","4103008","Boa Esperança","brasao","revisao_pendente"
"PR","4103008","Boa Esperança","bandeira","revisao_pendente"
"PR","4103024","Boa Esperança do Iguaçu","brasao","revisao_pendente"
"PR","4103024","Boa Esperança do Iguaçu","bandeira","revisao_pendente"
"PR","4103040","Boa Ventura de São Roque","brasao","revisao_pendente"
"PR","4103040","Boa Ventura de São Roque","bandeira","revisao_pendente"
"PR","4103057","Boa Vista da Aparecida","brasao","revisao_pendente"
"PR","4103057","Boa Vista da Aparecida","bandeira","revisao_pendente"
"PR","4103107","Bocaiúva do Sul","brasao","rejeitado"
"PR","4103107","Bocaiúva do Sul","bandeira","revisao_pendente"
"PR","4103156","Bom Jesus do Sul","brasao","revisao_pendente"
"PR","4103156","Bom Jesus do Sul","bandeira","revisao_pendente"
"PR","4103206","Bom Sucesso","brasao","nao_encontrado"
"PR","4103206","Bom Sucesso","bandeira","revisao_pendente"
"PR","4103222","Bom Sucesso do Sul","brasao","revisao_pendente"
"PR","4103222","Bom Sucesso do Sul","bandeira","revisao_pendente"
"PR","4103305","Borrazópolis","brasao","revisao_pendente"
"PR","4103305","Borrazópolis","bandeira","nao_encontrado"
"PR","4103354","Braganey","brasao","revisao_pendente"
"PR","4103354","Braganey","bandeira","revisao_pendente"
"PR","4103370","Brasilândia do Sul","brasao","revisao_pendente"
"PR","4103370","Brasilândia do Sul","bandeira","revisao_pendente"
"PR","4103404","Cafeara","brasao","revisao_pendente"
"PR","4103404","Cafeara","bandeira","revisao_pendente"
"PR","4103453","Cafelândia","brasao","revisao_pendente"
"PR","4103453","Cafelândia","bandeira","revisao_pendente"
"PR","4103479","Cafezal do Sul","brasao","nao_encontrado"
"PR","4103479","Cafezal do Sul","bandeira","nao_encontrado"
"PR","4103503","Califórnia","brasao","revisao_pendente"
"PR","4103503","Califórnia","bandeira","revisao_pendente"
"PR","4103602","Cambará","brasao","revisao_pendente"
"PR","4103602","Cambará","bandeira","revisao_pendente"
"PR","4103701","Cambé","brasao","revisao_pendente"
"PR","4103701","Cambé","bandeira","revisao_pendente"
"PR","4103800","Cambira","brasao","nao_encontrado"
"PR","4103800","Cambira","bandeira","revisao_pendente"
"PR","4103909","Campina da Lagoa","brasao","revisao_pendente"
"PR","4103909","Campina da Lagoa","bandeira","revisao_pendente"
"PR","4103958","Campina do Simão","brasao","revisao_pendente"
"PR","4103958","Campina do Simão","bandeira","revisao_pendente"
"PR","4104006","Campina Grande do Sul","brasao","revisao_pendente"
"PR","4104006","Campina Grande do Sul","bandeira","revisao_pendente"
"PR","4104055","Campo Bonito","brasao","revisao_pendente"
"PR","4104055","Campo Bonito","bandeira","revisao_pendente"
"PR","4104105","Campo do Tenente","brasao","nao_encontrado"
"PR","4104105","Campo do Tenente","bandeira","nao_encontrado"
"PR","4104204","Campo Largo","brasao","revisao_pendente"
"PR","4104204","Campo Largo","bandeira","revisao_pendente"
"PR","4104253","Campo Magro","brasao","revisao_pendente"
"PR","4104253","Campo Magro","bandeira","revisao_pendente"
"PR","4104303","Campo Mourão","brasao","revisao_pendente"
"PR","4104303","Campo Mourão","bandeira","revisao_pendente"
"PR","4104402","Cândido de Abreu","brasao","revisao_pendente"
"PR","4104402","Cândido de Abreu","bandeira","revisao_pendente"
"PR","4104428","Candói","brasao","revisao_pendente"
"PR","4104428","Candói","bandeira","revisao_pendente"
"PR","4104451","Cantagalo","brasao","revisao_pendente"
"PR","4104451","Cantagalo","bandeira","revisao_pendente"
"PR","4104501","Capanema","brasao","revisao_pendente"
"PR","4104501","Capanema","bandeira","revisao_pendente"
"PR","4104600","Capitão Leônidas Marques","brasao","revisao_pendente"
"PR","4104600","Capitão Leônidas Marques","bandeira","revisao_pendente"
"PR","4104659","Carambeí","brasao","revisao_pendente"
"PR","4104659","Carambeí","bandeira","revisao_pendente"
"PR","4104709","Carlópolis","brasao","revisao_pendente"
"PR","4104709","Carlópolis","bandeira","revisao_pendente"
"PR","4104808","Cascavel","brasao","revisao_pendente"
"PR","4104808","Cascavel","bandeira","revisao_pendente"
"PR","4104907","Castro","brasao","rejeitado"
"PR","4104907","Castro","bandeira","revisao_pendente"
"PR","4105003","Catanduvas","brasao","revisao_pendente"
"PR","4105003","Catanduvas","bandeira","revisao_pendente"
"PR","4105102","Centenário do Sul","brasao","revisao_pendente"
"PR","4105102","Centenário do Sul","bandeira","revisao_pendente"
"PR","4105201","Cerro Azul","brasao","revisao_pendente"
"PR","4105201","Cerro Azul","bandeira","revisao_pendente"
"PR","4105300","Céu Azul","brasao","revisao_pendente"
"PR","4105300","Céu Azul","bandeira","revisao_pendente"
"PR","4105409","Chopinzinho","brasao","revisao_pendente"
"PR","4105409","Chopinzinho","bandeira","revisao_pendente"
"PR","4105508","Cianorte","brasao","revisao_pendente"
"PR","4105508","Cianorte","bandeira","revisao_pendente"
"PR","4105607","Cidade Gaúcha","brasao","revisao_pendente"
"PR","4105607","Cidade Gaúcha","bandeira","revisao_pendente"
"PR","4105706","Clevelândia","brasao","nao_encontrado"
"PR","4105706","Clevelândia","bandeira","revisao_pendente"
"PR","4105805","Colombo","brasao","revisao_pendente"
"PR","4105805","Colombo","bandeira","revisao_pendente"
"PR","4105904","Colorado","brasao","nao_encontrado"
"PR","4105904","Colorado","bandeira","revisao_pendente"
"PR","4106001","Congonhinhas","brasao","revisao_pendente"
"PR","4106001","Congonhinhas","bandeira","nao_encontrado"
"PR","4106100","Conselheiro Mairinck","brasao","revisao_pendente"
"PR","4106100","Conselheiro Mairinck","bandeira","revisao_pendente"
"PR","4106209","Contenda","brasao","revisao_pendente"
"PR","4106209","Contenda","bandeira","revisao_pendente"
"PR","4106308","Corbélia","brasao","revisao_pendente"
"PR","4106308","Corbélia","bandeira","revisao_pendente"
"PR","4106407","Cornélio Procópio","brasao","rejeitado"
"PR","4106407","Cornélio Procópio","bandeira","revisao_pendente"
"PR","4106456","Coronel Domingos Soares","brasao","nao_encontrado"
"PR","4106456","Coronel Domingos Soares","bandeira","nao_encontrado"
"PR","4106506","Coronel Vivida","brasao","nao_encontrado"
"PR","4106506","Coronel Vivida","bandeira","revisao_pendente"
"PR","4106555","Corumbataí do Sul","brasao","nao_encontrado"
"PR","4106555","Corumbataí do Sul","bandeira","nao_encontrado"
"PR","4106571","Cruzeiro do Iguaçu","brasao","revisao_pendente"
"PR","4106571","Cruzeiro do Iguaçu","bandeira","revisao_pendente"
"PR","4106605","Cruzeiro do Oeste","brasao","nao_encontrado"
"PR","4106605","Cruzeiro do Oeste","bandeira","revisao_pendente"
"PR","4106704","Cruzeiro do Sul","brasao","revisao_pendente"
"PR","4106704","Cruzeiro do Sul","bandeira","revisao_pendente"
"PR","4106803","Cruz Machado","brasao","revisao_pendente"
"PR","4106803","Cruz Machado","bandeira","revisao_pendente"
"PR","4106852","Cruzmaltina","brasao","nao_encontrado"
"PR","4106852","Cruzmaltina","bandeira","nao_encontrado"
"PR","4106902","Curitiba","brasao","revisao_pendente"
"PR","4106902","Curitiba","bandeira","revisao_pendente"
"PR","4107009","Curiúva","brasao","revisao_pendente"
"PR","4107009","Curiúva","bandeira","revisao_pendente"
"PR","4107108","Diamante do Norte","brasao","nao_encontrado"
"PR","4107108","Diamante do Norte","bandeira","revisao_pendente"
"PR","4107124","Diamante do Sul","brasao","revisao_pendente"
"PR","4107124","Diamante do Sul","bandeira","revisao_pendente"
"PR","4107157","Diamante D'Oeste","brasao","nao_encontrado"
"PR","4107157","Diamante D'Oeste","bandeira","nao_encontrado"
"PR","4107207","Dois Vizinhos","brasao","revisao_pendente"
"PR","4107207","Dois Vizinhos","bandeira","revisao_pendente"
"PR","4107256","Douradina","brasao","revisao_pendente"
"PR","4107256","Douradina","bandeira","revisao_pendente"
"PR","4107306","Doutor Camargo","brasao","revisao_pendente"
"PR","4107306","Doutor Camargo","bandeira","revisao_pendente"
"PR","4107405","Enéas Marques","brasao","revisao_pendente"
"PR","4107405","Enéas Marques","bandeira","revisao_pendente"
"PR","4107504","Engenheiro Beltrão","brasao","revisao_pendente"
"PR","4107504","Engenheiro Beltrão","bandeira","revisao_pendente"
"PR","4107520","Esperança Nova","brasao","revisao_pendente"
"PR","4107520","Esperança Nova","bandeira","revisao_pendente"
"PR","4107538","Entre Rios do Oeste","brasao","nao_encontrado"
"PR","4107538","Entre Rios do Oeste","bandeira","revisao_pendente"
"PR","4107546","Espigão Alto do Iguaçu","brasao","revisao_pendente"
"PR","4107546","Espigão Alto do Iguaçu","bandeira","revisao_pendente"
"PR","4107553","Farol","brasao","revisao_pendente"
"PR","4107553","Farol","bandeira","revisao_pendente"
"PR","4107603","Faxinal","brasao","revisao_pendente"
"PR","4107603","Faxinal","bandeira","revisao_pendente"
"PR","4107652","Fazenda Rio Grande","brasao","revisao_pendente"
"PR","4107652","Fazenda Rio Grande","bandeira","revisao_pendente"
"PR","4107702","Fênix","brasao","revisao_pendente"
"PR","4107702","Fênix","bandeira","nao_encontrado"
"PR","4107736","Fernandes Pinheiro","brasao","nao_encontrado"
"PR","4107736","Fernandes Pinheiro","bandeira","nao_encontrado"
"PR","4107751","Figueira","brasao","revisao_pendente"
"PR","4107751","Figueira","bandeira","revisao_pendente"
"PR","4107801","Floraí","brasao","revisao_pendente"
"PR","4107801","Floraí","bandeira","revisao_pendente"
"PR","4107850","Flor da Serra do Sul","brasao","revisao_pendente"
"PR","4107850","Flor da Serra do Sul","bandeira","revisao_pendente"
"PR","4107900","Floresta","brasao","revisao_pendente"
"PR","4107900","Floresta","bandeira","revisao_pendente"
"PR","4108007","Florestópolis","brasao","revisao_pendente"
"PR","4108007","Florestópolis","bandeira","revisao_pendente"
"PR","4108106","Flórida","brasao","revisao_pendente"
"PR","4108106","Flórida","bandeira","revisao_pendente"
"PR","4108205","Formosa do Oeste","brasao","revisao_pendente"
"PR","4108205","Formosa do Oeste","bandeira","nao_encontrado"
"PR","4108304","Foz do Iguaçu","brasao","revisao_pendente"
"PR","4108304","Foz do Iguaçu","bandeira","revisao_pendente"
"PR","4108320","Francisco Alves","brasao","revisao_pendente"
"PR","4108320","Francisco Alves","bandeira","revisao_pendente"
"PR","4108403","Francisco Beltrão","brasao","revisao_pendente"
"PR","4108403","Francisco Beltrão","bandeira","revisao_pendente"
"PR","4108452","Foz do Jordão","brasao","revisao_pendente"
"PR","4108452","Foz do Jordão","bandeira","revisao_pendente"
"PR","4108502","General Carneiro","brasao","revisao_pendente"
"PR","4108502","General Carneiro","bandeira","revisao_pendente"
"PR","4108551","Godoy Moreira","brasao","nao_encontrado"
"PR","4108551","Godoy Moreira","bandeira","nao_encontrado"
"PR","4108601","Goioerê","brasao","rejeitado"
"PR","4108601","Goioerê","bandeira","revisao_pendente"
"PR","4108650","Goioxim","brasao","revisao_pendente"
"PR","4108650","Goioxim","bandeira","revisao_pendente"
"PR","4108700","Grandes Rios","brasao","revisao_pendente"
"PR","4108700","Grandes Rios","bandeira","revisao_pendente"
"PR","4108809","Guaíra","brasao","revisao_pendente"
"PR","4108809","Guaíra","bandeira","revisao_pendente"
"PR","4108908","Guairaçá","brasao","revisao_pendente"
"PR","4108908","Guairaçá","bandeira","nao_encontrado"
"PR","4108957","Guamiranga","brasao","revisao_pendente"
"PR","4108957","Guamiranga","bandeira","revisao_pendente"
"PR","4109005","Guapirama","brasao","nao_encontrado"
"PR","4109005","Guapirama","bandeira","nao_encontrado"
"PR","4109104","Guaporema","brasao","revisao_pendente"
"PR","4109104","Guaporema","bandeira","revisao_pendente"
"PR","4109203","Guaraci","brasao","revisao_pendente"
"PR","4109203","Guaraci","bandeira","revisao_pendente"
"PR","4109302","Guaraniaçu","brasao","revisao_pendente"
"PR","4109302","Guaraniaçu","bandeira","revisao_pendente"
"PR","4109401","Guarapuava","brasao","revisao_pendente"
"PR","4109401","Guarapuava","bandeira","revisao_pendente"
"PR","4109500","Guaraqueçaba","brasao","revisao_pendente"
"PR","4109500","Guaraqueçaba","bandeira","revisao_pendente"
"PR","4109609","Guaratuba","brasao","revisao_pendente"
"PR","4109609","Guaratuba","bandeira","revisao_pendente"
"PR","4109658","Honório Serpa","brasao","revisao_pendente"
"PR","4109658","Honório Serpa","bandeira","revisao_pendente"
"PR","4109708","Ibaiti","brasao","revisao_pendente"
"PR","4109708","Ibaiti","bandeira","revisao_pendente"
"PR","4109757","Ibema","brasao","revisao_pendente"
"PR","4109757","Ibema","bandeira","revisao_pendente"
"PR","4109807","Ibiporã","brasao","nao_encontrado"
"PR","4109807","Ibiporã","bandeira","revisao_pendente"
"PR","4109906","Icaraíma","brasao","revisao_pendente"
"PR","4109906","Icaraíma","bandeira","revisao_pendente"
"PR","4110003","Iguaraçu","brasao","revisao_pendente"
"PR","4110003","Iguaraçu","bandeira","revisao_pendente"
"PR","4110052","Iguatu","brasao","revisao_pendente"
"PR","4110052","Iguatu","bandeira","revisao_pendente"
"PR","4110078","Imbaú","brasao","revisao_pendente"
"PR","4110078","Imbaú","bandeira","revisao_pendente"
"PR","4110102","Imbituva","brasao","revisao_pendente"
"PR","4110102","Imbituva","bandeira","revisao_pendente"
"PR","4110201","Inácio Martins","brasao","revisao_pendente"
"PR","4110201","Inácio Martins","bandeira","revisao_pendente"
"PR","4110300","Inajá","brasao","nao_encontrado"
"PR","4110300","Inajá","bandeira","revisao_pendente"
"PR","4110409","Indianópolis","brasao","revisao_pendente"
"PR","4110409","Indianópolis","bandeira","revisao_pendente"
"PR","4110508","Ipiranga","brasao","revisao_pendente"
"PR","4110508","Ipiranga","bandeira","revisao_pendente"
"PR","4110607","Iporã","brasao","revisao_pendente"
"PR","4110607","Iporã","bandeira","revisao_pendente"
"PR","4110656","Iracema do Oeste","brasao","revisao_pendente"
"PR","4110656","Iracema do Oeste","bandeira","revisao_pendente"
"PR","4110706","Irati","brasao","revisao_pendente"
"PR","4110706","Irati","bandeira","revisao_pendente"
"PR","4110805","Iretama","brasao","revisao_pendente"
"PR","4110805","Iretama","bandeira","revisao_pendente"
"PR","4110904","Itaguajé","brasao","nao_encontrado"
"PR","4110904","Itaguajé","bandeira","nao_encontrado"
"PR","4110953","Itaipulândia","brasao","revisao_pendente"
"PR","4110953","Itaipulândia","bandeira","revisao_pendente"
"PR","4111001","Itambaracá","brasao","nao_encontrado"
"PR","4111001","Itambaracá","bandeira","nao_encontrado"
"PR","4111100","Itambé","brasao","revisao_pendente"
"PR","4111100","Itambé","bandeira","revisao_pendente"
"PR","4111209","Itapejara d'Oeste","brasao","licenca_pendente"
"PR","4111209","Itapejara d'Oeste","bandeira","licenca_pendente"
"PR","4111258","Itaperuçu","brasao","nao_encontrado"
"PR","4111258","Itaperuçu","bandeira","revisao_pendente"
"PR","4111308","Itaúna do Sul","brasao","nao_encontrado"
"PR","4111308","Itaúna do Sul","bandeira","revisao_pendente"
"PR","4111407","Ivaí","brasao","revisao_pendente"
"PR","4111407","Ivaí","bandeira","revisao_pendente"
"PR","4111506","Ivaiporã","brasao","revisao_pendente"
"PR","4111506","Ivaiporã","bandeira","revisao_pendente"
"PR","4111555","Ivaté","brasao","revisao_pendente"
"PR","4111555","Ivaté","bandeira","revisao_pendente"
"PR","4111605","Ivatuba","brasao","revisao_pendente"
"PR","4111605","Ivatuba","bandeira","revisao_pendente"
"PR","4111704","Jaboti","brasao","revisao_pendente"
"PR","4111704","Jaboti","bandeira","nao_encontrado"
"PR","4111803","Jacarezinho","brasao","revisao_pendente"
"PR","4111803","Jacarezinho","bandeira","revisao_pendente"
"PR","4111902","Jaguapitã","brasao","revisao_pendente"
"PR","4111902","Jaguapitã","bandeira","revisao_pendente"
"PR","4112009","Jaguariaíva","brasao","revisao_pendente"
"PR","4112009","Jaguariaíva","bandeira","revisao_pendente"
"PR","4112108","Jandaia do Sul","brasao","revisao_pendente"
"PR","4112108","Jandaia do Sul","bandeira","revisao_pendente"
"PR","4112207","Janiópolis","brasao","revisao_pendente"
"PR","4112207","Janiópolis","bandeira","revisao_pendente"
"PR","4112306","Japira","brasao","revisao_pendente"
"PR","4112306","Japira","bandeira","revisao_pendente"
"PR","4112405","Japurá","brasao","revisao_pendente"
"PR","4112405","Japurá","bandeira","revisao_pendente"
"PR","4112504","Jardim Alegre","brasao","revisao_pendente"
"PR","4112504","Jardim Alegre","bandeira","revisao_pendente"
"PR","4112603","Jardim Olinda","brasao","revisao_pendente"
"PR","4112603","Jardim Olinda","bandeira","revisao_pendente"
"PR","4112702","Jataizinho","brasao","revisao_pendente"
"PR","4112702","Jataizinho","bandeira","revisao_pendente"
"PR","4112751","Jesuítas","brasao","revisao_pendente"
"PR","4112751","Jesuítas","bandeira","revisao_pendente"
"PR","4112801","Joaquim Távora","brasao","revisao_pendente"
"PR","4112801","Joaquim Távora","bandeira","revisao_pendente"
"PR","4112900","Jundiaí do Sul","brasao","revisao_pendente"
"PR","4112900","Jundiaí do Sul","bandeira","nao_encontrado"
"PR","4112959","Juranda","brasao","revisao_pendente"
"PR","4112959","Juranda","bandeira","revisao_pendente"
"PR","4113007","Jussara","brasao","revisao_pendente"
"PR","4113007","Jussara","bandeira","revisao_pendente"
"PR","4113106","Kaloré","brasao","revisao_pendente"
"PR","4113106","Kaloré","bandeira","revisao_pendente"
"PR","4113205","Lapa","brasao","revisao_pendente"
"PR","4113205","Lapa","bandeira","revisao_pendente"
"PR","4113254","Laranjal","brasao","revisao_pendente"
"PR","4113254","Laranjal","bandeira","revisao_pendente"
"PR","4113304","Laranjeiras do Sul","brasao","revisao_pendente"
"PR","4113304","Laranjeiras do Sul","bandeira","revisao_pendente"
"PR","4113403","Leópolis","brasao","revisao_pendente"
"PR","4113403","Leópolis","bandeira","revisao_pendente"
"PR","4113429","Lidianópolis","brasao","revisao_pendente"
"PR","4113429","Lidianópolis","bandeira","nao_encontrado"
"PR","4113452","Lindoeste","brasao","revisao_pendente"
"PR","4113452","Lindoeste","bandeira","revisao_pendente"
"PR","4113502","Loanda","brasao","revisao_pendente"
"PR","4113502","Loanda","bandeira","revisao_pendente"
"PR","4113601","Lobato","brasao","revisao_pendente"
"PR","4113601","Lobato","bandeira","revisao_pendente"
"PR","4113700","Londrina","brasao","rejeitado"
"PR","4113700","Londrina","bandeira","revisao_pendente"
"PR","4113734","Luiziana","brasao","revisao_pendente"
"PR","4113734","Luiziana","bandeira","revisao_pendente"
"PR","4113759","Lunardelli","brasao","revisao_pendente"
"PR","4113759","Lunardelli","bandeira","revisao_pendente"
"PR","4113809","Lupionópolis","brasao","revisao_pendente"
"PR","4113809","Lupionópolis","bandeira","revisao_pendente"
"PR","4113908","Mallet","brasao","revisao_pendente"
"PR","4113908","Mallet","bandeira","revisao_pendente"
"PR","4114005","Mamborê","brasao","revisao_pendente"
"PR","4114005","Mamborê","bandeira","revisao_pendente"
"PR","4114104","Mandaguaçu","brasao","revisao_pendente"
"PR","4114104","Mandaguaçu","bandeira","revisao_pendente"
"PR","4114203","Mandaguari","brasao","revisao_pendente"
"PR","4114203","Mandaguari","bandeira","revisao_pendente"
"PR","4114302","Mandirituba","brasao","revisao_pendente"
"PR","4114302","Mandirituba","bandeira","revisao_pendente"
"PR","4114351","Manfrinópolis","brasao","revisao_pendente"
"PR","4114351","Manfrinópolis","bandeira","revisao_pendente"
"PR","4114401","Mangueirinha","brasao","revisao_pendente"
"PR","4114401","Mangueirinha","bandeira","revisao_pendente"
"PR","4114500","Manoel Ribas","brasao","revisao_pendente"
"PR","4114500","Manoel Ribas","bandeira","revisao_pendente"
"PR","4114609","Marechal Cândido Rondon","brasao","revisao_pendente"
"PR","4114609","Marechal Cândido Rondon","bandeira","revisao_pendente"
"PR","4114708","Maria Helena","brasao","nao_encontrado"
"PR","4114708","Maria Helena","bandeira","nao_encontrado"
"PR","4114807","Marialva","brasao","revisao_pendente"
"PR","4114807","Marialva","bandeira","revisao_pendente"
"PR","4114906","Marilândia do Sul","brasao","revisao_pendente"
"PR","4114906","Marilândia do Sul","bandeira","revisao_pendente"
"PR","4115002","Marilena","brasao","revisao_pendente"
"PR","4115002","Marilena","bandeira","revisao_pendente"
"PR","4115101","Mariluz","brasao","revisao_pendente"
"PR","4115101","Mariluz","bandeira","rejeitado"
"PR","4115200","Maringá","brasao","revisao_pendente"
"PR","4115200","Maringá","bandeira","revisao_pendente"
"PR","4115309","Mariópolis","brasao","nao_encontrado"
"PR","4115309","Mariópolis","bandeira","revisao_pendente"
"PR","4115358","Maripá","brasao","nao_encontrado"
"PR","4115358","Maripá","bandeira","revisao_pendente"
"PR","4115408","Marmeleiro","brasao","revisao_pendente"
"PR","4115408","Marmeleiro","bandeira","revisao_pendente"
"PR","4115457","Marquinho","brasao","revisao_pendente"
"PR","4115457","Marquinho","bandeira","revisao_pendente"
"PR","4115507","Marumbi","brasao","nao_encontrado"
"PR","4115507","Marumbi","bandeira","nao_encontrado"
"PR","4115606","Matelândia","brasao","revisao_pendente"
"PR","4115606","Matelândia","bandeira","revisao_pendente"
"PR","4115705","Matinhos","brasao","revisao_pendente"
"PR","4115705","Matinhos","bandeira","revisao_pendente"
"PR","4115739","Mato Rico","brasao","nao_encontrado"
"PR","4115739","Mato Rico","bandeira","nao_encontrado"
"PR","4115754","Mauá da Serra","brasao","nao_encontrado"
"PR","4115754","Mauá da Serra","bandeira","revisao_pendente"
"PR","4115804","Medianeira","brasao","revisao_pendente"
"PR","4115804","Medianeira","bandeira","revisao_pendente"
"PR","4115853","Mercedes","brasao","revisao_pendente"
"PR","4115853","Mercedes","bandeira","revisao_pendente"
"PR","4115903","Mirador","brasao","revisao_pendente"
"PR","4115903","Mirador","bandeira","revisao_pendente"
"PR","4116000","Miraselva","brasao","revisao_pendente"
"PR","4116000","Miraselva","bandeira","revisao_pendente"
"PR","4116059","Missal","brasao","revisao_pendente"
"PR","4116059","Missal","bandeira","revisao_pendente"
"PR","4116109","Moreira Sales","brasao","revisao_pendente"
"PR","4116109","Moreira Sales","bandeira","revisao_pendente"
"PR","4116208","Morretes","brasao","revisao_pendente"
"PR","4116208","Morretes","bandeira","revisao_pendente"
"PR","4116307","Munhoz de Melo","brasao","nao_encontrado"
"PR","4116307","Munhoz de Melo","bandeira","nao_encontrado"
"PR","4116406","Nossa Senhora das Graças","brasao","nao_encontrado"
"PR","4116406","Nossa Senhora das Graças","bandeira","nao_encontrado"
"PR","4116505","Nova Aliança do Ivaí","brasao","revisao_pendente"
"PR","4116505","Nova Aliança do Ivaí","bandeira","revisao_pendente"
"PR","4116604","Nova América da Colina","brasao","nao_encontrado"
"PR","4116604","Nova América da Colina","bandeira","nao_encontrado"
"PR","4116703","Nova Aurora","brasao","revisao_pendente"
"PR","4116703","Nova Aurora","bandeira","revisao_pendente"
"PR","4116802","Nova Cantu","brasao","revisao_pendente"
"PR","4116802","Nova Cantu","bandeira","revisao_pendente"
"PR","4116901","Nova Esperança","brasao","revisao_pendente"
"PR","4116901","Nova Esperança","bandeira","revisao_pendente"
"PR","4116950","Nova Esperança do Sudoeste","brasao","nao_encontrado"
"PR","4116950","Nova Esperança do Sudoeste","bandeira","nao_encontrado"
"PR","4117008","Nova Fátima","brasao","nao_encontrado"
"PR","4117008","Nova Fátima","bandeira","nao_encontrado"
"PR","4117057","Nova Laranjeiras","brasao","revisao_pendente"
"PR","4117057","Nova Laranjeiras","bandeira","revisao_pendente"
"PR","4117107","Nova Londrina","brasao","revisao_pendente"
"PR","4117107","Nova Londrina","bandeira","revisao_pendente"
"PR","4117206","Nova Olímpia","brasao","revisao_pendente"
"PR","4117206","Nova Olímpia","bandeira","revisao_pendente"
"PR","4117214","Nova Santa Bárbara","brasao","nao_encontrado"
"PR","4117214","Nova Santa Bárbara","bandeira","revisao_pendente"
"PR","4117222","Nova Santa Rosa","brasao","revisao_pendente"
"PR","4117222","Nova Santa Rosa","bandeira","revisao_pendente"
"PR","4117255","Nova Prata do Iguaçu","brasao","revisao_pendente"
"PR","4117255","Nova Prata do Iguaçu","bandeira","revisao_pendente"
"PR","4117271","Nova Tebas","brasao","revisao_pendente"
"PR","4117271","Nova Tebas","bandeira","revisao_pendente"
"PR","4117297","Novo Itacolomi","brasao","revisao_pendente"
"PR","4117297","Novo Itacolomi","bandeira","revisao_pendente"
"PR","4117305","Ortigueira","brasao","revisao_pendente"
"PR","4117305","Ortigueira","bandeira","revisao_pendente"
"PR","4117404","Ourizona","brasao","nao_encontrado"
"PR","4117404","Ourizona","bandeira","revisao_pendente"
"PR","4117453","Ouro Verde do Oeste","brasao","revisao_pendente"
"PR","4117453","Ouro Verde do Oeste","bandeira","revisao_pendente"
"PR","4117503","Paiçandu","brasao","revisao_pendente"
"PR","4117503","Paiçandu","bandeira","revisao_pendente"
"PR","4117602","Palmas","brasao","revisao_pendente"
"PR","4117602","Palmas","bandeira","revisao_pendente"
"PR","4117701","Palmeira","brasao","revisao_pendente"
"PR","4117701","Palmeira","bandeira","revisao_pendente"
"PR","4117800","Palmital","brasao","revisao_pendente"
"PR","4117800","Palmital","bandeira","revisao_pendente"
"PR","4117909","Palotina","brasao","revisao_pendente"
"PR","4117909","Palotina","bandeira","revisao_pendente"
"PR","4118006","Paraíso do Norte","brasao","nao_encontrado"
"PR","4118006","Paraíso do Norte","bandeira","revisao_pendente"
"PR","4118105","Paranacity","brasao","revisao_pendente"
"PR","4118105","Paranacity","bandeira","revisao_pendente"
"PR","4118204","Paranaguá","brasao","revisao_pendente"
"PR","4118204","Paranaguá","bandeira","revisao_pendente"
"PR","4118303","Paranapoema","brasao","nao_encontrado"
"PR","4118303","Paranapoema","bandeira","nao_encontrado"
"PR","4118402","Paranavaí","brasao","revisao_pendente"
"PR","4118402","Paranavaí","bandeira","revisao_pendente"
"PR","4118451","Pato Bragado","brasao","revisao_pendente"
"PR","4118451","Pato Bragado","bandeira","revisao_pendente"
"PR","4118501","Pato Branco","brasao","revisao_pendente"
"PR","4118501","Pato Branco","bandeira","revisao_pendente"
"PR","4118600","Paula Freitas","brasao","nao_encontrado"
"PR","4118600","Paula Freitas","bandeira","nao_encontrado"
"PR","4118709","Paulo Frontin","brasao","nao_encontrado"
"PR","4118709","Paulo Frontin","bandeira","revisao_pendente"
"PR","4118808","Peabiru","brasao","revisao_pendente"
"PR","4118808","Peabiru","bandeira","revisao_pendente"
"PR","4118857","Perobal","brasao","revisao_pendente"
"PR","4118857","Perobal","bandeira","revisao_pendente"
"PR","4118907","Pérola","brasao","revisao_pendente"
"PR","4118907","Pérola","bandeira","revisao_pendente"
"PR","4119004","Pérola d'Oeste","brasao","revisao_pendente"
"PR","4119004","Pérola d'Oeste","bandeira","revisao_pendente"
"PR","4119103","Piên","brasao","revisao_pendente"
"PR","4119103","Piên","bandeira","revisao_pendente"
"PR","4119152","Pinhais","brasao","revisao_pendente"
"PR","4119152","Pinhais","bandeira","revisao_pendente"
"PR","4119202","Pinhalão","brasao","revisao_pendente"
"PR","4119202","Pinhalão","bandeira","revisao_pendente"
"PR","4119251","Pinhal de São Bento","brasao","revisao_pendente"
"PR","4119251","Pinhal de São Bento","bandeira","revisao_pendente"
"PR","4119301","Pinhão","brasao","revisao_pendente"
"PR","4119301","Pinhão","bandeira","revisao_pendente"
"PR","4119400","Piraí do Sul","brasao","revisao_pendente"
"PR","4119400","Piraí do Sul","bandeira","revisao_pendente"
"PR","4119509","Piraquara","brasao","licenca_pendente"
"PR","4119509","Piraquara","bandeira","revisao_pendente"
"PR","4119608","Pitanga","brasao","revisao_pendente"
"PR","4119608","Pitanga","bandeira","revisao_pendente"
"PR","4119657","Pitangueiras","brasao","revisao_pendente"
"PR","4119657","Pitangueiras","bandeira","revisao_pendente"
"PR","4119707","Planaltina do Paraná","brasao","nao_encontrado"
"PR","4119707","Planaltina do Paraná","bandeira","nao_encontrado"
"PR","4119806","Planalto","brasao","revisao_pendente"
"PR","4119806","Planalto","bandeira","revisao_pendente"
"PR","4119905","Ponta Grossa","brasao","revisao_pendente"
"PR","4119905","Ponta Grossa","bandeira","revisao_pendente"
"PR","4119954","Pontal do Paraná","brasao","revisao_pendente"
"PR","4119954","Pontal do Paraná","bandeira","revisao_pendente"
"PR","4120002","Porecatu","brasao","revisao_pendente"
"PR","4120002","Porecatu","bandeira","revisao_pendente"
"PR","4120101","Porto Amazonas","brasao","revisao_pendente"
"PR","4120101","Porto Amazonas","bandeira","revisao_pendente"
"PR","4120150","Porto Barreiro","brasao","revisao_pendente"
"PR","4120150","Porto Barreiro","bandeira","revisao_pendente"
"PR","4120200","Porto Rico","brasao","revisao_pendente"
"PR","4120200","Porto Rico","bandeira","revisao_pendente"
"PR","4120309","Porto Vitória","brasao","nao_encontrado"
"PR","4120309","Porto Vitória","bandeira","nao_encontrado"
"PR","4120333","Prado Ferreira","brasao","nao_encontrado"
"PR","4120333","Prado Ferreira","bandeira","nao_encontrado"
"PR","4120358","Pranchita","brasao","nao_encontrado"
"PR","4120358","Pranchita","bandeira","nao_encontrado"
"PR","4120408","Presidente Castelo Branco","brasao","nao_encontrado"
"PR","4120408","Presidente Castelo Branco","bandeira","revisao_pendente"
"PR","4120507","Primeiro de Maio","brasao","revisao_pendente"
"PR","4120507","Primeiro de Maio","bandeira","revisao_pendente"
"PR","4120606","Prudentópolis","brasao","nao_encontrado"
"PR","4120606","Prudentópolis","bandeira","revisao_pendente"
"PR","4120655","Quarto Centenário","brasao","revisao_pendente"
"PR","4120655","Quarto Centenário","bandeira","revisao_pendente"
"PR","4120705","Quatiguá","brasao","revisao_pendente"
"PR","4120705","Quatiguá","bandeira","revisao_pendente"
"PR","4120804","Quatro Barras","brasao","revisao_pendente"
"PR","4120804","Quatro Barras","bandeira","revisao_pendente"
"PR","4120853","Quatro Pontes","brasao","nao_encontrado"
"PR","4120853","Quatro Pontes","bandeira","revisao_pendente"
"PR","4120903","Quedas do Iguaçu","brasao","revisao_pendente"
"PR","4120903","Quedas do Iguaçu","bandeira","revisao_pendente"
"PR","4121000","Querência do Norte","brasao","revisao_pendente"
"PR","4121000","Querência do Norte","bandeira","revisao_pendente"
"PR","4121109","Quinta do Sol","brasao","revisao_pendente"
"PR","4121109","Quinta do Sol","bandeira","nao_encontrado"
"PR","4121208","Quitandinha","brasao","revisao_pendente"
"PR","4121208","Quitandinha","bandeira","revisao_pendente"
"PR","4121257","Ramilândia","brasao","nao_encontrado"
"PR","4121257","Ramilândia","bandeira","nao_encontrado"
"PR","4121307","Rancho Alegre","brasao","nao_encontrado"
"PR","4121307","Rancho Alegre","bandeira","revisao_pendente"
"PR","4121356","Rancho Alegre D'Oeste","brasao","nao_encontrado"
"PR","4121356","Rancho Alegre D'Oeste","bandeira","nao_encontrado"
"PR","4121406","Realeza","brasao","revisao_pendente"
"PR","4121406","Realeza","bandeira","revisao_pendente"
"PR","4121505","Rebouças","brasao","revisao_pendente"
"PR","4121505","Rebouças","bandeira","revisao_pendente"
"PR","4121604","Renascença","brasao","nao_encontrado"
"PR","4121604","Renascença","bandeira","nao_encontrado"
"PR","4121703","Reserva","brasao","revisao_pendente"
"PR","4121703","Reserva","bandeira","revisao_pendente"
"PR","4121752","Reserva do Iguaçu","brasao","revisao_pendente"
"PR","4121752","Reserva do Iguaçu","bandeira","revisao_pendente"
"PR","4121802","Ribeirão Claro","brasao","revisao_pendente"
"PR","4121802","Ribeirão Claro","bandeira","revisao_pendente"
"PR","4121901","Ribeirão do Pinhal","brasao","revisao_pendente"
"PR","4121901","Ribeirão do Pinhal","bandeira","revisao_pendente"
"PR","4122008","Rio Azul","brasao","revisao_pendente"
"PR","4122008","Rio Azul","bandeira","revisao_pendente"
"PR","4122107","Rio Bom","brasao","nao_encontrado"
"PR","4122107","Rio Bom","bandeira","nao_encontrado"
"PR","4122156","Rio Bonito do Iguaçu","brasao","revisao_pendente"
"PR","4122156","Rio Bonito do Iguaçu","bandeira","revisao_pendente"
"PR","4122172","Rio Branco do Ivaí","brasao","revisao_pendente"
"PR","4122172","Rio Branco do Ivaí","bandeira","revisao_pendente"
"PR","4122206","Rio Branco do Sul","brasao","revisao_pendente"
"PR","4122206","Rio Branco do Sul","bandeira","revisao_pendente"
"PR","4122305","Rio Negro","brasao","revisao_pendente"
"PR","4122305","Rio Negro","bandeira","revisao_pendente"
"PR","4122404","Rolândia","brasao","revisao_pendente"
"PR","4122404","Rolândia","bandeira","revisao_pendente"
"PR","4122503","Roncador","brasao","nao_encontrado"
"PR","4122503","Roncador","bandeira","revisao_pendente"
"PR","4122602","Rondon","brasao","revisao_pendente"
"PR","4122602","Rondon","bandeira","revisao_pendente"
"PR","4122651","Rosário do Ivaí","brasao","revisao_pendente"
"PR","4122651","Rosário do Ivaí","bandeira","revisao_pendente"
"PR","4122701","Sabáudia","brasao","revisao_pendente"
"PR","4122701","Sabáudia","bandeira","revisao_pendente"
"PR","4122800","Salgado Filho","brasao","nao_encontrado"
"PR","4122800","Salgado Filho","bandeira","nao_encontrado"
"PR","4122909","Salto do Itararé","brasao","revisao_pendente"
"PR","4122909","Salto do Itararé","bandeira","nao_encontrado"
"PR","4123006","Salto do Lontra","brasao","revisao_pendente"
"PR","4123006","Salto do Lontra","bandeira","revisao_pendente"
"PR","4123105","Santa Amélia","brasao","nao_encontrado"
"PR","4123105","Santa Amélia","bandeira","revisao_pendente"
"PR","4123204","Santa Cecília do Pavão","brasao","revisao_pendente"
"PR","4123204","Santa Cecília do Pavão","bandeira","revisao_pendente"
"PR","4123303","Santa Cruz de Monte Castelo","brasao","revisao_pendente"
"PR","4123303","Santa Cruz de Monte Castelo","bandeira","revisao_pendente"
"PR","4123402","Santa Fé","brasao","revisao_pendente"
"PR","4123402","Santa Fé","bandeira","revisao_pendente"
"PR","4123501","Santa Helena","brasao","revisao_pendente"
"PR","4123501","Santa Helena","bandeira","revisao_pendente"
"PR","4123600","Santa Inês","brasao","revisao_pendente"
"PR","4123600","Santa Inês","bandeira","revisao_pendente"
"PR","4123709","Santa Isabel do Ivaí","brasao","revisao_pendente"
"PR","4123709","Santa Isabel do Ivaí","bandeira","revisao_pendente"
"PR","4123808","Santa Izabel do Oeste","brasao","revisao_pendente"
"PR","4123808","Santa Izabel do Oeste","bandeira","revisao_pendente"
"PR","4123824","Santa Lúcia","brasao","revisao_pendente"
"PR","4123824","Santa Lúcia","bandeira","revisao_pendente"
"PR","4123857","Santa Maria do Oeste","brasao","revisao_pendente"
"PR","4123857","Santa Maria do Oeste","bandeira","revisao_pendente"
"PR","4123907","Santa Mariana","brasao","revisao_pendente"
"PR","4123907","Santa Mariana","bandeira","revisao_pendente"
"PR","4123956","Santa Mônica","brasao","nao_encontrado"
"PR","4123956","Santa Mônica","bandeira","nao_encontrado"
"PR","4124004","Santana do Itararé","brasao","revisao_pendente"
"PR","4124004","Santana do Itararé","bandeira","revisao_pendente"
"PR","4124020","Santa Tereza do Oeste","brasao","revisao_pendente"
"PR","4124020","Santa Tereza do Oeste","bandeira","revisao_pendente"
"PR","4124053","Santa Terezinha de Itaipu","brasao","nao_encontrado"
"PR","4124053","Santa Terezinha de Itaipu","bandeira","revisao_pendente"
"PR","4124103","Santo Antônio da Platina","brasao","revisao_pendente"
"PR","4124103","Santo Antônio da Platina","bandeira","revisao_pendente"
"PR","4124202","Santo Antônio do Caiuá","brasao","revisao_pendente"
"PR","4124202","Santo Antônio do Caiuá","bandeira","revisao_pendente"
"PR","4124301","Santo Antônio do Paraíso","brasao","revisao_pendente"
"PR","4124301","Santo Antônio do Paraíso","bandeira","revisao_pendente"
"PR","4124400","Santo Antônio do Sudoeste","brasao","revisao_pendente"
"PR","4124400","Santo Antônio do Sudoeste","bandeira","revisao_pendente"
"PR","4124509","Santo Inácio","brasao","nao_encontrado"
"PR","4124509","Santo Inácio","bandeira","nao_encontrado"
"PR","4124608","São Carlos do Ivaí","brasao","revisao_pendente"
"PR","4124608","São Carlos do Ivaí","bandeira","revisao_pendente"
"PR","4124707","São Jerônimo da Serra","brasao","revisao_pendente"
"PR","4124707","São Jerônimo da Serra","bandeira","revisao_pendente"
"PR","4124806","São João","brasao","nao_encontrado"
"PR","4124806","São João","bandeira","revisao_pendente"
"PR","4124905","São João do Caiuá","brasao","nao_encontrado"
"PR","4124905","São João do Caiuá","bandeira","revisao_pendente"
"PR","4125001","São João do Ivaí","brasao","nao_encontrado"
"PR","4125001","São João do Ivaí","bandeira","nao_encontrado"
"PR","4125100","São João do Triunfo","brasao","revisao_pendente"
"PR","4125100","São João do Triunfo","bandeira","revisao_pendente"
"PR","4125209","São Jorge d'Oeste","brasao","revisao_pendente"
"PR","4125209","São Jorge d'Oeste","bandeira","rejeitado"
"PR","4125308","São Jorge do Ivaí","brasao","nao_encontrado"
"PR","4125308","São Jorge do Ivaí","bandeira","revisao_pendente"
"PR","4125357","São Jorge do Patrocínio","brasao","revisao_pendente"
"PR","4125357","São Jorge do Patrocínio","bandeira","revisao_pendente"
"PR","4125407","São José da Boa Vista","brasao","revisao_pendente"
"PR","4125407","São José da Boa Vista","bandeira","revisao_pendente"
"PR","4125456","São José das Palmeiras","brasao","nao_encontrado"
"PR","4125456","São José das Palmeiras","bandeira","nao_encontrado"
"PR","4125506","São José dos Pinhais","brasao","revisao_pendente"
"PR","4125506","São José dos Pinhais","bandeira","revisao_pendente"
"PR","4125555","São Manoel do Paraná","brasao","revisao_pendente"
"PR","4125555","São Manoel do Paraná","bandeira","revisao_pendente"
"PR","4125605","São Mateus do Sul","brasao","revisao_pendente"
"PR","4125605","São Mateus do Sul","bandeira","revisao_pendente"
"PR","4125704","São Miguel do Iguaçu","brasao","revisao_pendente"
"PR","4125704","São Miguel do Iguaçu","bandeira","revisao_pendente"
"PR","4125753","São Pedro do Iguaçu","brasao","nao_encontrado"
"PR","4125753","São Pedro do Iguaçu","bandeira","revisao_pendente"
"PR","4125803","São Pedro do Ivaí","brasao","revisao_pendente"
"PR","4125803","São Pedro do Ivaí","bandeira","revisao_pendente"
"PR","4125902","São Pedro do Paraná","brasao","revisao_pendente"
"PR","4125902","São Pedro do Paraná","bandeira","revisao_pendente"
"PR","4126009","São Sebastião da Amoreira","brasao","revisao_pendente"
"PR","4126009","São Sebastião da Amoreira","bandeira","revisao_pendente"
"PR","4126108","São Tomé","brasao","nao_encontrado"
"PR","4126108","São Tomé","bandeira","nao_encontrado"
"PR","4126207","Sapopema","brasao","revisao_pendente"
"PR","4126207","Sapopema","bandeira","revisao_pendente"
"PR","4126256","Sarandi","brasao","revisao_pendente"
"PR","4126256","Sarandi","bandeira","revisao_pendente"
"PR","4126272","Saudade do Iguaçu","brasao","rejeitado"
"PR","4126272","Saudade do Iguaçu","bandeira","nao_encontrado"
"PR","4126306","Sengés","brasao","revisao_pendente"
"PR","4126306","Sengés","bandeira","revisao_pendente"
"PR","4126355","Serranópolis do Iguaçu","brasao","nao_encontrado"
"PR","4126355","Serranópolis do Iguaçu","bandeira","revisao_pendente"
"PR","4126405","Sertaneja","brasao","revisao_pendente"
"PR","4126405","Sertaneja","bandeira","revisao_pendente"
"PR","4126504","Sertanópolis","brasao","revisao_pendente"
"PR","4126504","Sertanópolis","bandeira","revisao_pendente"
"PR","4126603","Siqueira Campos","brasao","revisao_pendente"
"PR","4126603","Siqueira Campos","bandeira","revisao_pendente"
"PR","4126652","Sulina","brasao","revisao_pendente"
"PR","4126652","Sulina","bandeira","revisao_pendente"
"PR","4126678","Tamarana","brasao","revisao_pendente"
"PR","4126678","Tamarana","bandeira","revisao_pendente"
"PR","4126702","Tamboara","brasao","nao_encontrado"
"PR","4126702","Tamboara","bandeira","revisao_pendente"
"PR","4126801","Tapejara","brasao","nao_encontrado"
"PR","4126801","Tapejara","bandeira","revisao_pendente"
"PR","4126900","Tapira","brasao","revisao_pendente"
"PR","4126900","Tapira","bandeira","revisao_pendente"
"PR","4127007","Teixeira Soares","brasao","nao_encontrado"
"PR","4127007","Teixeira Soares","bandeira","revisao_pendente"
"PR","4127106","Telêmaco Borba","brasao","revisao_pendente"
"PR","4127106","Telêmaco Borba","bandeira","revisao_pendente"
"PR","4127205","Terra Boa","brasao","revisao_pendente"
"PR","4127205","Terra Boa","bandeira","revisao_pendente"
"PR","4127304","Terra Rica","brasao","revisao_pendente"
"PR","4127304","Terra Rica","bandeira","revisao_pendente"
"PR","4127403","Terra Roxa","brasao","revisao_pendente"
"PR","4127403","Terra Roxa","bandeira","revisao_pendente"
"PR","4127502","Tibagi","brasao","revisao_pendente"
"PR","4127502","Tibagi","bandeira","revisao_pendente"
"PR","4127601","Tijucas do Sul","brasao","revisao_pendente"
"PR","4127601","Tijucas do Sul","bandeira","revisao_pendente"
"PR","4127700","Toledo","brasao","revisao_pendente"
"PR","4127700","Toledo","bandeira","revisao_pendente"
"PR","4127809","Tomazina","brasao","revisao_pendente"
"PR","4127809","Tomazina","bandeira","revisao_pendente"
"PR","4127858","Três Barras do Paraná","brasao","revisao_pendente"
"PR","4127858","Três Barras do Paraná","bandeira","revisao_pendente"
"PR","4127882","Tunas do Paraná","brasao","revisao_pendente"
"PR","4127882","Tunas do Paraná","bandeira","revisao_pendente"
"PR","4127908","Tuneiras do Oeste","brasao","nao_encontrado"
"PR","4127908","Tuneiras do Oeste","bandeira","nao_encontrado"
"PR","4127957","Tupãssi","brasao","revisao_pendente"
"PR","4127957","Tupãssi","bandeira","revisao_pendente"
"PR","4127965","Turvo","brasao","revisao_pendente"
"PR","4127965","Turvo","bandeira","revisao_pendente"
"PR","4128005","Ubiratã","brasao","revisao_pendente"
"PR","4128005","Ubiratã","bandeira","revisao_pendente"
"PR","4128104","Umuarama","brasao","revisao_pendente"
"PR","4128104","Umuarama","bandeira","revisao_pendente"
"PR","4128203","União da Vitória","brasao","revisao_pendente"
"PR","4128203","União da Vitória","bandeira","revisao_pendente"
"PR","4128302","Uniflor","brasao","nao_encontrado"
"PR","4128302","Uniflor","bandeira","nao_encontrado"
"PR","4128401","Uraí","brasao","revisao_pendente"
"PR","4128401","Uraí","bandeira","revisao_pendente"
"PR","4128500","Wenceslau Braz","brasao","revisao_pendente"
"PR","4128500","Wenceslau Braz","bandeira","revisao_pendente"
"PR","4128534","Ventania","brasao","revisao_pendente"
"PR","4128534","Ventania","bandeira","revisao_pendente"
"PR","4128559","Vera Cruz do Oeste","brasao","revisao_pendente"
"PR","4128559","Vera Cruz do Oeste","bandeira","revisao_pendente"
"PR","4128609","Verê","brasao","revisao_pendente"
"PR","4128609","Verê","bandeira","revisao_pendente"
"PR","4128625","Alto Paraíso","brasao","nao_encontrado"
"PR","4128625","Alto Paraíso","bandeira","revisao_pendente"
"PR","4128633","Doutor Ulysses","brasao","nao_encontrado"
"PR","4128633","Doutor Ulysses","bandeira","nao_encontrado"
"PR","4128658","Virmond","brasao","revisao_pendente"
"PR","4128658","Virmond","bandeira","revisao_pendente"
"PR","4128708","Vitorino","brasao","revisao_pendente"
"PR","4128708","Vitorino","bandeira","revisao_pendente"
"PR","4128807","Xambrê","brasao","revisao_pendente"
"PR","4128807","Xambrê","bandeira","revisao_pendente"
"SC","4200051","Abdon Batista","brasao","revisao_pendente"
"SC","4200051","Abdon Batista","bandeira","revisao_pendente"
"SC","4200101","Abelardo Luz","brasao","revisao_pendente"
"SC","4200101","Abelardo Luz","bandeira","revisao_pendente"
"SC","4200200","Agrolândia","brasao","revisao_pendente"
"SC","4200200","Agrolândia","bandeira","revisao_pendente"
"SC","4200309","Agronômica","brasao","revisao_pendente"
"SC","4200309","Agronômica","bandeira","revisao_pendente"
"SC","4200408","Água Doce","brasao","revisao_pendente"
"SC","4200408","Água Doce","bandeira","revisao_pendente"
"SC","4200507","Águas de Chapecó","brasao","revisao_pendente"
"SC","4200507","Águas de Chapecó","bandeira","revisao_pendente"
"SC","4200556","Águas Frias","brasao","revisao_pendente"
"SC","4200556","Águas Frias","bandeira","revisao_pendente"
"SC","4200606","Águas Mornas","brasao","revisao_pendente"
"SC","4200606","Águas Mornas","bandeira","revisao_pendente"
"SC","4200705","Alfredo Wagner","brasao","revisao_pendente"
"SC","4200705","Alfredo Wagner","bandeira","revisao_pendente"
"SC","4200754","Alto Bela Vista","brasao","revisao_pendente"
"SC","4200754","Alto Bela Vista","bandeira","revisao_pendente"
"SC","4200804","Anchieta","brasao","revisao_pendente"
"SC","4200804","Anchieta","bandeira","revisao_pendente"
"SC","4200903","Angelina","brasao","revisao_pendente"
"SC","4200903","Angelina","bandeira","revisao_pendente"
"SC","4201000","Anita Garibaldi","brasao","revisao_pendente"
"SC","4201000","Anita Garibaldi","bandeira","revisao_pendente"
"SC","4201109","Anitápolis","brasao","revisao_pendente"
"SC","4201109","Anitápolis","bandeira","revisao_pendente"
"SC","4201208","Antônio Carlos","brasao","revisao_pendente"
"SC","4201208","Antônio Carlos","bandeira","revisao_pendente"
"SC","4201257","Apiúna","brasao","revisao_pendente"
"SC","4201257","Apiúna","bandeira","revisao_pendente"
"SC","4201273","Arabutã","brasao","revisao_pendente"
"SC","4201273","Arabutã","bandeira","revisao_pendente"
"SC","4201307","Araquari","brasao","revisao_pendente"
"SC","4201307","Araquari","bandeira","revisao_pendente"
"SC","4201406","Araranguá","brasao","revisao_pendente"
"SC","4201406","Araranguá","bandeira","revisao_pendente"
"SC","4201505","Armazém","brasao","revisao_pendente"
"SC","4201505","Armazém","bandeira","revisao_pendente"
"SC","4201604","Arroio Trinta","brasao","revisao_pendente"
"SC","4201604","Arroio Trinta","bandeira","revisao_pendente"
"SC","4201653","Arvoredo","brasao","revisao_pendente"
"SC","4201653","Arvoredo","bandeira","revisao_pendente"
"SC","4201703","Ascurra","brasao","revisao_pendente"
"SC","4201703","Ascurra","bandeira","revisao_pendente"
"SC","4201802","Atalanta","brasao","revisao_pendente"
"SC","4201802","Atalanta","bandeira","revisao_pendente"
"SC","4201901","Aurora","brasao","revisao_pendente"
"SC","4201901","Aurora","bandeira","rejeitado"
"SC","4201950","Balneário Arroio do Silva","brasao","revisao_pendente"
"SC","4201950","Balneário Arroio do Silva","bandeira","revisao_pendente"
"SC","4202008","Balneário Camboriú","brasao","revisao_pendente"
"SC","4202008","Balneário Camboriú","bandeira","revisao_pendente"
"SC","4202057","Balneário Barra do Sul","brasao","revisao_pendente"
"SC","4202057","Balneário Barra do Sul","bandeira","revisao_pendente"
"SC","4202073","Balneário Gaivota","brasao","revisao_pendente"
"SC","4202073","Balneário Gaivota","bandeira","revisao_pendente"
"SC","4202081","Bandeirante","brasao","revisao_pendente"
"SC","4202081","Bandeirante","bandeira","revisao_pendente"
"SC","4202099","Barra Bonita","brasao","revisao_pendente"
"SC","4202099","Barra Bonita","bandeira","revisao_pendente"
"SC","4202107","Barra Velha","brasao","revisao_pendente"
"SC","4202107","Barra Velha","bandeira","revisao_pendente"
"SC","4202131","Bela Vista do Toldo","brasao","revisao_pendente"
"SC","4202131","Bela Vista do Toldo","bandeira","revisao_pendente"
"SC","4202156","Belmonte","brasao","revisao_pendente"
"SC","4202156","Belmonte","bandeira","revisao_pendente"
"SC","4202206","Benedito Novo","brasao","revisao_pendente"
"SC","4202206","Benedito Novo","bandeira","revisao_pendente"
"SC","4202305","Biguaçu","brasao","revisao_pendente"
"SC","4202305","Biguaçu","bandeira","revisao_pendente"
"SC","4202404","Blumenau","brasao","rejeitado"
"SC","4202404","Blumenau","bandeira","rejeitado"
"SC","4202438","Bocaina do Sul","brasao","revisao_pendente"
"SC","4202438","Bocaina do Sul","bandeira","revisao_pendente"
"SC","4202453","Bombinhas","brasao","revisao_pendente"
"SC","4202453","Bombinhas","bandeira","revisao_pendente"
"SC","4202503","Bom Jardim da Serra","brasao","revisao_pendente"
"SC","4202503","Bom Jardim da Serra","bandeira","revisao_pendente"
"SC","4202537","Bom Jesus","brasao","revisao_pendente"
"SC","4202537","Bom Jesus","bandeira","revisao_pendente"
"SC","4202578","Bom Jesus do Oeste","brasao","revisao_pendente"
"SC","4202578","Bom Jesus do Oeste","bandeira","revisao_pendente"
"SC","4202602","Bom Retiro","brasao","revisao_pendente"
"SC","4202602","Bom Retiro","bandeira","revisao_pendente"
"SC","4202701","Botuverá","brasao","revisao_pendente"
"SC","4202701","Botuverá","bandeira","revisao_pendente"
"SC","4202800","Braço do Norte","brasao","revisao_pendente"
"SC","4202800","Braço do Norte","bandeira","revisao_pendente"
"SC","4202859","Braço do Trombudo","brasao","revisao_pendente"
"SC","4202859","Braço do Trombudo","bandeira","revisao_pendente"
"SC","4202875","Brunópolis","brasao","revisao_pendente"
"SC","4202875","Brunópolis","bandeira","revisao_pendente"
"SC","4202909","Brusque","brasao","revisao_pendente"
"SC","4202909","Brusque","bandeira","revisao_pendente"
"SC","4203006","Caçador","brasao","revisao_pendente"
"SC","4203006","Caçador","bandeira","revisao_pendente"
"SC","4203105","Caibi","brasao","revisao_pendente"
"SC","4203105","Caibi","bandeira","revisao_pendente"
"SC","4203154","Calmon","brasao","revisao_pendente"
"SC","4203154","Calmon","bandeira","revisao_pendente"
"SC","4203204","Camboriú","brasao","revisao_pendente"
"SC","4203204","Camboriú","bandeira","revisao_pendente"
"SC","4203253","Capão Alto","brasao","revisao_pendente"
"SC","4203253","Capão Alto","bandeira","revisao_pendente"
"SC","4203303","Campo Alegre","brasao","revisao_pendente"
"SC","4203303","Campo Alegre","bandeira","revisao_pendente"
"SC","4203402","Campo Belo do Sul","brasao","revisao_pendente"
"SC","4203402","Campo Belo do Sul","bandeira","revisao_pendente"
"SC","4203501","Campo Erê","brasao","revisao_pendente"
"SC","4203501","Campo Erê","bandeira","nao_encontrado"
"SC","4203600","Campos Novos","brasao","revisao_pendente"
"SC","4203600","Campos Novos","bandeira","revisao_pendente"
"SC","4203709","Canelinha","brasao","revisao_pendente"
"SC","4203709","Canelinha","bandeira","revisao_pendente"
"SC","4203808","Canoinhas","brasao","revisao_pendente"
"SC","4203808","Canoinhas","bandeira","revisao_pendente"
"SC","4203907","Capinzal","brasao","revisao_pendente"
"SC","4203907","Capinzal","bandeira","revisao_pendente"
"SC","4203956","Capivari de Baixo","brasao","revisao_pendente"
"SC","4203956","Capivari de Baixo","bandeira","revisao_pendente"
"SC","4204004","Catanduvas","brasao","revisao_pendente"
"SC","4204004","Catanduvas","bandeira","revisao_pendente"
"SC","4204103","Caxambu do Sul","brasao","revisao_pendente"
"SC","4204103","Caxambu do Sul","bandeira","revisao_pendente"
"SC","4204152","Celso Ramos","brasao","revisao_pendente"
"SC","4204152","Celso Ramos","bandeira","revisao_pendente"
"SC","4204178","Cerro Negro","brasao","revisao_pendente"
"SC","4204178","Cerro Negro","bandeira","revisao_pendente"
"SC","4204194","Chapadão do Lageado","brasao","revisao_pendente"
"SC","4204194","Chapadão do Lageado","bandeira","revisao_pendente"
"SC","4204202","Chapecó","brasao","revisao_pendente"
"SC","4204202","Chapecó","bandeira","revisao_pendente"
"SC","4204251","Cocal do Sul","brasao","revisao_pendente"
"SC","4204251","Cocal do Sul","bandeira","revisao_pendente"
"SC","4204301","Concórdia","brasao","rejeitado"
"SC","4204301","Concórdia","bandeira","revisao_pendente"
"SC","4204350","Cordilheira Alta","brasao","revisao_pendente"
"SC","4204350","Cordilheira Alta","bandeira","revisao_pendente"
"SC","4204400","Coronel Freitas","brasao","revisao_pendente"
"SC","4204400","Coronel Freitas","bandeira","revisao_pendente"
"SC","4204459","Coronel Martins","brasao","revisao_pendente"
"SC","4204459","Coronel Martins","bandeira","revisao_pendente"
"SC","4204509","Corupá","brasao","revisao_pendente"
"SC","4204509","Corupá","bandeira","revisao_pendente"
"SC","4204558","Correia Pinto","brasao","revisao_pendente"
"SC","4204558","Correia Pinto","bandeira","revisao_pendente"
"SC","4204608","Criciúma","brasao","revisao_pendente"
"SC","4204608","Criciúma","bandeira","revisao_pendente"
"SC","4204707","Cunha Porã","brasao","revisao_pendente"
"SC","4204707","Cunha Porã","bandeira","revisao_pendente"
"SC","4204756","Cunhataí","brasao","revisao_pendente"
"SC","4204756","Cunhataí","bandeira","revisao_pendente"
"SC","4204806","Curitibanos","brasao","revisao_pendente"
"SC","4204806","Curitibanos","bandeira","revisao_pendente"
"SC","4204905","Descanso","brasao","revisao_pendente"
"SC","4204905","Descanso","bandeira","revisao_pendente"
"SC","4205001","Dionísio Cerqueira","brasao","revisao_pendente"
"SC","4205001","Dionísio Cerqueira","bandeira","revisao_pendente"
"SC","4205100","Dona Emma","brasao","revisao_pendente"
"SC","4205100","Dona Emma","bandeira","revisao_pendente"
"SC","4205159","Doutor Pedrinho","brasao","revisao_pendente"
"SC","4205159","Doutor Pedrinho","bandeira","revisao_pendente"
"SC","4205175","Entre Rios","brasao","revisao_pendente"
"SC","4205175","Entre Rios","bandeira","revisao_pendente"
"SC","4205191","Ermo","brasao","revisao_pendente"
"SC","4205191","Ermo","bandeira","revisao_pendente"
"SC","4205209","Erval Velho","brasao","revisao_pendente"
"SC","4205209","Erval Velho","bandeira","revisao_pendente"
"SC","4205308","Faxinal dos Guedes","brasao","revisao_pendente"
"SC","4205308","Faxinal dos Guedes","bandeira","revisao_pendente"
"SC","4205357","Flor do Sertão","brasao","revisao_pendente"
"SC","4205357","Flor do Sertão","bandeira","revisao_pendente"
"SC","4205407","Florianópolis","brasao","revisao_pendente"
"SC","4205407","Florianópolis","bandeira","revisao_pendente"
"SC","4205431","Formosa do Sul","brasao","revisao_pendente"
"SC","4205431","Formosa do Sul","bandeira","revisao_pendente"
"SC","4205456","Forquilhinha","brasao","revisao_pendente"
"SC","4205456","Forquilhinha","bandeira","revisao_pendente"
"SC","4205506","Fraiburgo","brasao","revisao_pendente"
"SC","4205506","Fraiburgo","bandeira","revisao_pendente"
"SC","4205555","Frei Rogério","brasao","revisao_pendente"
"SC","4205555","Frei Rogério","bandeira","revisao_pendente"
"SC","4205605","Galvão","brasao","revisao_pendente"
"SC","4205605","Galvão","bandeira","revisao_pendente"
"SC","4205704","Garopaba","brasao","rejeitado"
"SC","4205704","Garopaba","bandeira","revisao_pendente"
"SC","4205803","Garuva","brasao","revisao_pendente"
"SC","4205803","Garuva","bandeira","revisao_pendente"
"SC","4205902","Gaspar","brasao","revisao_pendente"
"SC","4205902","Gaspar","bandeira","revisao_pendente"
"SC","4206009","Governador Celso Ramos","brasao","revisao_pendente"
"SC","4206009","Governador Celso Ramos","bandeira","revisao_pendente"
"SC","4206108","Grão-Pará","brasao","revisao_pendente"
"SC","4206108","Grão-Pará","bandeira","revisao_pendente"
"SC","4206207","Gravatal","brasao","revisao_pendente"
"SC","4206207","Gravatal","bandeira","revisao_pendente"
"SC","4206306","Guabiruba","brasao","revisao_pendente"
"SC","4206306","Guabiruba","bandeira","revisao_pendente"
"SC","4206405","Guaraciaba","brasao","revisao_pendente"
"SC","4206405","Guaraciaba","bandeira","revisao_pendente"
"SC","4206504","Guaramirim","brasao","revisao_pendente"
"SC","4206504","Guaramirim","bandeira","revisao_pendente"
"SC","4206603","Guarujá do Sul","brasao","revisao_pendente"
"SC","4206603","Guarujá do Sul","bandeira","revisao_pendente"
"SC","4206652","Guatambú","brasao","revisao_pendente"
"SC","4206652","Guatambú","bandeira","nao_encontrado"
"SC","4206702","Herval d'Oeste","brasao","revisao_pendente"
"SC","4206702","Herval d'Oeste","bandeira","revisao_pendente"
"SC","4206751","Ibiam","brasao","revisao_pendente"
"SC","4206751","Ibiam","bandeira","revisao_pendente"
"SC","4206801","Ibicaré","brasao","revisao_pendente"
"SC","4206801","Ibicaré","bandeira","revisao_pendente"
"SC","4206900","Ibirama","brasao","revisao_pendente"
"SC","4206900","Ibirama","bandeira","revisao_pendente"
"SC","4207007","Içara","brasao","revisao_pendente"
"SC","4207007","Içara","bandeira","revisao_pendente"
"SC","4207106","Ilhota","brasao","revisao_pendente"
"SC","4207106","Ilhota","bandeira","revisao_pendente"
"SC","4207205","Imaruí","brasao","revisao_pendente"
"SC","4207205","Imaruí","bandeira","revisao_pendente"
"SC","4207304","Imbituba","brasao","revisao_pendente"
"SC","4207304","Imbituba","bandeira","revisao_pendente"
"SC","4207403","Imbuia","brasao","revisao_pendente"
"SC","4207403","Imbuia","bandeira","revisao_pendente"
"SC","4207502","Indaial","brasao","revisao_pendente"
"SC","4207502","Indaial","bandeira","revisao_pendente"
"SC","4207577","Iomerê","brasao","revisao_pendente"
"SC","4207577","Iomerê","bandeira","revisao_pendente"
"SC","4207601","Ipira","brasao","revisao_pendente"
"SC","4207601","Ipira","bandeira","revisao_pendente"
"SC","4207650","Iporã do Oeste","brasao","revisao_pendente"
"SC","4207650","Iporã do Oeste","bandeira","revisao_pendente"
"SC","4207684","Ipuaçu","brasao","revisao_pendente"
"SC","4207684","Ipuaçu","bandeira","revisao_pendente"
"SC","4207700","Ipumirim","brasao","revisao_pendente"
"SC","4207700","Ipumirim","bandeira","revisao_pendente"
"SC","4207759","Iraceminha","brasao","revisao_pendente"
"SC","4207759","Iraceminha","bandeira","revisao_pendente"
"SC","4207809","Irani","brasao","revisao_pendente"
"SC","4207809","Irani","bandeira","revisao_pendente"
"SC","4207858","Irati","brasao","revisao_pendente"
"SC","4207858","Irati","bandeira","revisao_pendente"
"SC","4207908","Irineópolis","brasao","revisao_pendente"
"SC","4207908","Irineópolis","bandeira","revisao_pendente"
"SC","4208005","Itá","brasao","revisao_pendente"
"SC","4208005","Itá","bandeira","revisao_pendente"
"SC","4208104","Itaiópolis","brasao","revisao_pendente"
"SC","4208104","Itaiópolis","bandeira","revisao_pendente"
"SC","4208203","Itajaí","brasao","revisao_pendente"
"SC","4208203","Itajaí","bandeira","rejeitado"
"SC","4208302","Itapema","brasao","revisao_pendente"
"SC","4208302","Itapema","bandeira","revisao_pendente"
"SC","4208401","Itapiranga","brasao","revisao_pendente"
"SC","4208401","Itapiranga","bandeira","revisao_pendente"
"SC","4208450","Itapoá","brasao","revisao_pendente"
"SC","4208450","Itapoá","bandeira","revisao_pendente"
"SC","4208500","Ituporanga","brasao","revisao_pendente"
"SC","4208500","Ituporanga","bandeira","revisao_pendente"
"SC","4208609","Jaborá","brasao","revisao_pendente"
"SC","4208609","Jaborá","bandeira","revisao_pendente"
"SC","4208708","Jacinto Machado","brasao","revisao_pendente"
"SC","4208708","Jacinto Machado","bandeira","revisao_pendente"
"SC","4208807","Jaguaruna","brasao","revisao_pendente"
"SC","4208807","Jaguaruna","bandeira","revisao_pendente"
"SC","4208906","Jaraguá do Sul","brasao","rejeitado"
"SC","4208906","Jaraguá do Sul","bandeira","revisao_pendente"
"SC","4208955","Jardinópolis","brasao","revisao_pendente"
"SC","4208955","Jardinópolis","bandeira","revisao_pendente"
"SC","4209003","Joaçaba","brasao","revisao_pendente"
"SC","4209003","Joaçaba","bandeira","revisao_pendente"
"SC","4209102","Joinville","brasao","revisao_pendente"
"SC","4209102","Joinville","bandeira","revisao_pendente"
"SC","4209151","José Boiteux","brasao","revisao_pendente"
"SC","4209151","José Boiteux","bandeira","revisao_pendente"
"SC","4209177","Jupiá","brasao","revisao_pendente"
"SC","4209177","Jupiá","bandeira","revisao_pendente"
"SC","4209201","Lacerdópolis","brasao","revisao_pendente"
"SC","4209201","Lacerdópolis","bandeira","revisao_pendente"
"SC","4209300","Lages","brasao","revisao_pendente"
"SC","4209300","Lages","bandeira","revisao_pendente"
"SC","4209409","Laguna","brasao","revisao_pendente"
"SC","4209409","Laguna","bandeira","revisao_pendente"
"SC","4209458","Lajeado Grande","brasao","revisao_pendente"
"SC","4209458","Lajeado Grande","bandeira","revisao_pendente"
"SC","4209508","Laurentino","brasao","revisao_pendente"
"SC","4209508","Laurentino","bandeira","revisao_pendente"
"SC","4209607","Lauro Müller","brasao","revisao_pendente"
"SC","4209607","Lauro Müller","bandeira","revisao_pendente"
"SC","4209706","Lebon Régis","brasao","revisao_pendente"
"SC","4209706","Lebon Régis","bandeira","revisao_pendente"
"SC","4209805","Leoberto Leal","brasao","revisao_pendente"
"SC","4209805","Leoberto Leal","bandeira","revisao_pendente"
"SC","4209854","Lindóia do Sul","brasao","revisao_pendente"
"SC","4209854","Lindóia do Sul","bandeira","revisao_pendente"
"SC","4209904","Lontras","brasao","revisao_pendente"
"SC","4209904","Lontras","bandeira","revisao_pendente"
"SC","4210001","Luiz Alves","brasao","revisao_pendente"
"SC","4210001","Luiz Alves","bandeira","rejeitado"
"SC","4210035","Luzerna","brasao","revisao_pendente"
"SC","4210035","Luzerna","bandeira","revisao_pendente"
"SC","4210050","Macieira","brasao","revisao_pendente"
"SC","4210050","Macieira","bandeira","revisao_pendente"
"SC","4210100","Mafra","brasao","revisao_pendente"
"SC","4210100","Mafra","bandeira","revisao_pendente"
"SC","4210209","Major Gercino","brasao","revisao_pendente"
"SC","4210209","Major Gercino","bandeira","revisao_pendente"
"SC","4210308","Major Vieira","brasao","revisao_pendente"
"SC","4210308","Major Vieira","bandeira","revisao_pendente"
"SC","4210407","Maracajá","brasao","revisao_pendente"
"SC","4210407","Maracajá","bandeira","revisao_pendente"
"SC","4210506","Maravilha","brasao","revisao_pendente"
"SC","4210506","Maravilha","bandeira","revisao_pendente"
"SC","4210555","Marema","brasao","revisao_pendente"
"SC","4210555","Marema","bandeira","revisao_pendente"
"SC","4210605","Massaranduba","brasao","revisao_pendente"
"SC","4210605","Massaranduba","bandeira","revisao_pendente"
"SC","4210704","Matos Costa","brasao","revisao_pendente"
"SC","4210704","Matos Costa","bandeira","revisao_pendente"
"SC","4210803","Meleiro","brasao","revisao_pendente"
"SC","4210803","Meleiro","bandeira","revisao_pendente"
"SC","4210852","Mirim Doce","brasao","revisao_pendente"
"SC","4210852","Mirim Doce","bandeira","revisao_pendente"
"SC","4210902","Modelo","brasao","revisao_pendente"
"SC","4210902","Modelo","bandeira","revisao_pendente"
"SC","4211009","Mondaí","brasao","revisao_pendente"
"SC","4211009","Mondaí","bandeira","revisao_pendente"
"SC","4211058","Monte Carlo","brasao","revisao_pendente"
"SC","4211058","Monte Carlo","bandeira","revisao_pendente"
"SC","4211108","Monte Castelo","brasao","revisao_pendente"
"SC","4211108","Monte Castelo","bandeira","revisao_pendente"
"SC","4211207","Morro da Fumaça","brasao","revisao_pendente"
"SC","4211207","Morro da Fumaça","bandeira","revisao_pendente"
"SC","4211256","Morro Grande","brasao","revisao_pendente"
"SC","4211256","Morro Grande","bandeira","revisao_pendente"
"SC","4211306","Navegantes","brasao","revisao_pendente"
"SC","4211306","Navegantes","bandeira","revisao_pendente"
"SC","4211405","Nova Erechim","brasao","revisao_pendente"
"SC","4211405","Nova Erechim","bandeira","revisao_pendente"
"SC","4211454","Nova Itaberaba","brasao","revisao_pendente"
"SC","4211454","Nova Itaberaba","bandeira","revisao_pendente"
"SC","4211504","Nova Trento","brasao","revisao_pendente"
"SC","4211504","Nova Trento","bandeira","revisao_pendente"
"SC","4211603","Nova Veneza","brasao","revisao_pendente"
"SC","4211603","Nova Veneza","bandeira","revisao_pendente"
"SC","4211652","Novo Horizonte","brasao","revisao_pendente"
"SC","4211652","Novo Horizonte","bandeira","revisao_pendente"
"SC","4211702","Orleans","brasao","revisao_pendente"
"SC","4211702","Orleans","bandeira","revisao_pendente"
"SC","4211751","Otacílio Costa","brasao","revisao_pendente"
"SC","4211751","Otacílio Costa","bandeira","revisao_pendente"
"SC","4211801","Ouro","brasao","revisao_pendente"
"SC","4211801","Ouro","bandeira","revisao_pendente"
"SC","4211850","Ouro Verde","brasao","revisao_pendente"
"SC","4211850","Ouro Verde","bandeira","revisao_pendente"
"SC","4211876","Paial","brasao","revisao_pendente"
"SC","4211876","Paial","bandeira","revisao_pendente"
"SC","4211892","Painel","brasao","revisao_pendente"
"SC","4211892","Painel","bandeira","revisao_pendente"
"SC","4211900","Palhoça","brasao","revisao_pendente"
"SC","4211900","Palhoça","bandeira","revisao_pendente"
"SC","4212007","Palma Sola","brasao","revisao_pendente"
"SC","4212007","Palma Sola","bandeira","revisao_pendente"
"SC","4212056","Palmeira","brasao","revisao_pendente"
"SC","4212056","Palmeira","bandeira","revisao_pendente"
"SC","4212106","Palmitos","brasao","revisao_pendente"
"SC","4212106","Palmitos","bandeira","revisao_pendente"
"SC","4212205","Papanduva","brasao","revisao_pendente"
"SC","4212205","Papanduva","bandeira","revisao_pendente"
"SC","4212239","Paraíso","brasao","revisao_pendente"
"SC","4212239","Paraíso","bandeira","revisao_pendente"
"SC","4212254","Passo de Torres","brasao","revisao_pendente"
"SC","4212254","Passo de Torres","bandeira","revisao_pendente"
"SC","4212270","Passos Maia","brasao","revisao_pendente"
"SC","4212270","Passos Maia","bandeira","revisao_pendente"
"SC","4212304","Paulo Lopes","brasao","revisao_pendente"
"SC","4212304","Paulo Lopes","bandeira","revisao_pendente"
"SC","4212403","Pedras Grandes","brasao","revisao_pendente"
"SC","4212403","Pedras Grandes","bandeira","revisao_pendente"
"SC","4212502","Penha","brasao","revisao_pendente"
"SC","4212502","Penha","bandeira","revisao_pendente"
"SC","4212601","Peritiba","brasao","revisao_pendente"
"SC","4212601","Peritiba","bandeira","revisao_pendente"
"SC","4212650","Pescaria Brava","brasao","revisao_pendente"
"SC","4212650","Pescaria Brava","bandeira","revisao_pendente"
"SC","4212700","Petrolândia","brasao","revisao_pendente"
"SC","4212700","Petrolândia","bandeira","revisao_pendente"
"SC","4212809","Balneário Piçarras","brasao","revisao_pendente"
"SC","4212809","Balneário Piçarras","bandeira","revisao_pendente"
"SC","4212908","Pinhalzinho","brasao","revisao_pendente"
"SC","4212908","Pinhalzinho","bandeira","revisao_pendente"
"SC","4213005","Pinheiro Preto","brasao","revisao_pendente"
"SC","4213005","Pinheiro Preto","bandeira","revisao_pendente"
"SC","4213104","Piratuba","brasao","revisao_pendente"
"SC","4213104","Piratuba","bandeira","revisao_pendente"
"SC","4213153","Planalto Alegre","brasao","revisao_pendente"
"SC","4213153","Planalto Alegre","bandeira","revisao_pendente"
"SC","4213203","Pomerode","brasao","revisao_pendente"
"SC","4213203","Pomerode","bandeira","revisao_pendente"
"SC","4213302","Ponte Alta","brasao","revisao_pendente"
"SC","4213302","Ponte Alta","bandeira","revisao_pendente"
"SC","4213351","Ponte Alta do Norte","brasao","revisao_pendente"
"SC","4213351","Ponte Alta do Norte","bandeira","revisao_pendente"
"SC","4213401","Ponte Serrada","brasao","revisao_pendente"
"SC","4213401","Ponte Serrada","bandeira","revisao_pendente"
"SC","4213500","Porto Belo","brasao","revisao_pendente"
"SC","4213500","Porto Belo","bandeira","revisao_pendente"
"SC","4213609","Porto União","brasao","revisao_pendente"
"SC","4213609","Porto União","bandeira","revisao_pendente"
"SC","4213708","Pouso Redondo","brasao","revisao_pendente"
"SC","4213708","Pouso Redondo","bandeira","revisao_pendente"
"SC","4213807","Praia Grande","brasao","revisao_pendente"
"SC","4213807","Praia Grande","bandeira","nao_encontrado"
"SC","4213906","Presidente Castello Branco","brasao","revisao_pendente"
"SC","4213906","Presidente Castello Branco","bandeira","revisao_pendente"
"SC","4214003","Presidente Getúlio","brasao","revisao_pendente"
"SC","4214003","Presidente Getúlio","bandeira","revisao_pendente"
"SC","4214102","Presidente Nereu","brasao","revisao_pendente"
"SC","4214102","Presidente Nereu","bandeira","revisao_pendente"
"SC","4214151","Princesa","brasao","revisao_pendente"
"SC","4214151","Princesa","bandeira","revisao_pendente"
"SC","4214201","Quilombo","brasao","revisao_pendente"
"SC","4214201","Quilombo","bandeira","revisao_pendente"
"SC","4214300","Rancho Queimado","brasao","revisao_pendente"
"SC","4214300","Rancho Queimado","bandeira","revisao_pendente"
"SC","4214409","Rio das Antas","brasao","revisao_pendente"
"SC","4214409","Rio das Antas","bandeira","revisao_pendente"
"SC","4214508","Rio do Campo","brasao","revisao_pendente"
"SC","4214508","Rio do Campo","bandeira","revisao_pendente"
"SC","4214607","Rio do Oeste","brasao","revisao_pendente"
"SC","4214607","Rio do Oeste","bandeira","revisao_pendente"
"SC","4214706","Rio dos Cedros","brasao","revisao_pendente"
"SC","4214706","Rio dos Cedros","bandeira","revisao_pendente"
"SC","4214805","Rio do Sul","brasao","revisao_pendente"
"SC","4214805","Rio do Sul","bandeira","revisao_pendente"
"SC","4214904","Rio Fortuna","brasao","revisao_pendente"
"SC","4214904","Rio Fortuna","bandeira","revisao_pendente"
"SC","4215000","Rio Negrinho","brasao","revisao_pendente"
"SC","4215000","Rio Negrinho","bandeira","revisao_pendente"
"SC","4215059","Rio Rufino","brasao","nao_encontrado"
"SC","4215059","Rio Rufino","bandeira","nao_encontrado"
"SC","4215075","Riqueza","brasao","revisao_pendente"
"SC","4215075","Riqueza","bandeira","revisao_pendente"
"SC","4215109","Rodeio","brasao","revisao_pendente"
"SC","4215109","Rodeio","bandeira","revisao_pendente"
"SC","4215208","Romelândia","brasao","revisao_pendente"
"SC","4215208","Romelândia","bandeira","revisao_pendente"
"SC","4215307","Salete","brasao","revisao_pendente"
"SC","4215307","Salete","bandeira","revisao_pendente"
"SC","4215356","Saltinho","brasao","revisao_pendente"
"SC","4215356","Saltinho","bandeira","revisao_pendente"
"SC","4215406","Salto Veloso","brasao","revisao_pendente"
"SC","4215406","Salto Veloso","bandeira","revisao_pendente"
"SC","4215455","Sangão","brasao","revisao_pendente"
"SC","4215455","Sangão","bandeira","rejeitado"
"SC","4215505","Santa Cecília","brasao","revisao_pendente"
"SC","4215505","Santa Cecília","bandeira","revisao_pendente"
"SC","4215554","Santa Helena","brasao","revisao_pendente"
"SC","4215554","Santa Helena","bandeira","revisao_pendente"
"SC","4215604","Santa Rosa de Lima","brasao","revisao_pendente"
"SC","4215604","Santa Rosa de Lima","bandeira","revisao_pendente"
"SC","4215653","Santa Rosa do Sul","brasao","revisao_pendente"
"SC","4215653","Santa Rosa do Sul","bandeira","revisao_pendente"
"SC","4215679","Santa Terezinha","brasao","revisao_pendente"
"SC","4215679","Santa Terezinha","bandeira","revisao_pendente"
"SC","4215687","Santa Terezinha do Progresso","brasao","revisao_pendente"
"SC","4215687","Santa Terezinha do Progresso","bandeira","revisao_pendente"
"SC","4215695","Santiago do Sul","brasao","revisao_pendente"
"SC","4215695","Santiago do Sul","bandeira","revisao_pendente"
"SC","4215703","Santo Amaro da Imperatriz","brasao","revisao_pendente"
"SC","4215703","Santo Amaro da Imperatriz","bandeira","revisao_pendente"
"SC","4215752","São Bernardino","brasao","revisao_pendente"
"SC","4215752","São Bernardino","bandeira","revisao_pendente"
"SC","4215802","São Bento do Sul","brasao","revisao_pendente"
"SC","4215802","São Bento do Sul","bandeira","revisao_pendente"
"SC","4215901","São Bonifácio","brasao","revisao_pendente"
"SC","4215901","São Bonifácio","bandeira","revisao_pendente"
"SC","4216008","São Carlos","brasao","revisao_pendente"
"SC","4216008","São Carlos","bandeira","rejeitado"
"SC","4216057","São Cristóvão do Sul","brasao","revisao_pendente"
"SC","4216057","São Cristóvão do Sul","bandeira","revisao_pendente"
"SC","4216107","São Domingos","brasao","revisao_pendente"
"SC","4216107","São Domingos","bandeira","revisao_pendente"
"SC","4216206","São Francisco do Sul","brasao","revisao_pendente"
"SC","4216206","São Francisco do Sul","bandeira","revisao_pendente"
"SC","4216255","São João do Oeste","brasao","revisao_pendente"
"SC","4216255","São João do Oeste","bandeira","revisao_pendente"
"SC","4216305","São João Batista","brasao","revisao_pendente"
"SC","4216305","São João Batista","bandeira","revisao_pendente"
"SC","4216354","São João do Itaperiú","brasao","revisao_pendente"
"SC","4216354","São João do Itaperiú","bandeira","revisao_pendente"
"SC","4216404","São João do Sul","brasao","revisao_pendente"
"SC","4216404","São João do Sul","bandeira","revisao_pendente"
"SC","4216503","São Joaquim","brasao","revisao_pendente"
"SC","4216503","São Joaquim","bandeira","revisao_pendente"
"SC","4216602","São José","brasao","revisao_pendente"
"SC","4216602","São José","bandeira","revisao_pendente"
"SC","4216701","São José do Cedro","brasao","revisao_pendente"
"SC","4216701","São José do Cedro","bandeira","revisao_pendente"
"SC","4216800","São José do Cerrito","brasao","revisao_pendente"
"SC","4216800","São José do Cerrito","bandeira","revisao_pendente"
"SC","4216909","São Lourenço do Oeste","brasao","revisao_pendente"
"SC","4216909","São Lourenço do Oeste","bandeira","revisao_pendente"
"SC","4217006","São Ludgero","brasao","revisao_pendente"
"SC","4217006","São Ludgero","bandeira","revisao_pendente"
"SC","4217105","São Martinho","brasao","revisao_pendente"
"SC","4217105","São Martinho","bandeira","revisao_pendente"
"SC","4217154","São Miguel da Boa Vista","brasao","revisao_pendente"
"SC","4217154","São Miguel da Boa Vista","bandeira","revisao_pendente"
"SC","4217204","São Miguel do Oeste","brasao","revisao_pendente"
"SC","4217204","São Miguel do Oeste","bandeira","revisao_pendente"
"SC","4217253","São Pedro de Alcântara","brasao","revisao_pendente"
"SC","4217253","São Pedro de Alcântara","bandeira","revisao_pendente"
"SC","4217303","Saudades","brasao","revisao_pendente"
"SC","4217303","Saudades","bandeira","revisao_pendente"
"SC","4217402","Schroeder","brasao","revisao_pendente"
"SC","4217402","Schroeder","bandeira","revisao_pendente"
"SC","4217501","Seara","brasao","revisao_pendente"
"SC","4217501","Seara","bandeira","revisao_pendente"
"SC","4217550","Serra Alta","brasao","revisao_pendente"
"SC","4217550","Serra Alta","bandeira","revisao_pendente"
"SC","4217600","Siderópolis","brasao","revisao_pendente"
"SC","4217600","Siderópolis","bandeira","revisao_pendente"
"SC","4217709","Sombrio","brasao","revisao_pendente"
"SC","4217709","Sombrio","bandeira","revisao_pendente"
"SC","4217758","Sul Brasil","brasao","revisao_pendente"
"SC","4217758","Sul Brasil","bandeira","revisao_pendente"
"SC","4217808","Taió","brasao","revisao_pendente"
"SC","4217808","Taió","bandeira","revisao_pendente"
"SC","4217907","Tangará","brasao","revisao_pendente"
"SC","4217907","Tangará","bandeira","revisao_pendente"
"SC","4217956","Tigrinhos","brasao","revisao_pendente"
"SC","4217956","Tigrinhos","bandeira","revisao_pendente"
"SC","4218004","Tijucas","brasao","revisao_pendente"
"SC","4218004","Tijucas","bandeira","revisao_pendente"
"SC","4218103","Timbé do Sul","brasao","revisao_pendente"
"SC","4218103","Timbé do Sul","bandeira","revisao_pendente"
"SC","4218202","Timbó","brasao","revisao_pendente"
"SC","4218202","Timbó","bandeira","revisao_pendente"
"SC","4218251","Timbó Grande","brasao","revisao_pendente"
"SC","4218251","Timbó Grande","bandeira","revisao_pendente"
"SC","4218301","Três Barras","brasao","revisao_pendente"
"SC","4218301","Três Barras","bandeira","revisao_pendente"
"SC","4218350","Treviso","brasao","revisao_pendente"
"SC","4218350","Treviso","bandeira","revisao_pendente"
"SC","4218400","Treze de Maio","brasao","revisao_pendente"
"SC","4218400","Treze de Maio","bandeira","revisao_pendente"
"SC","4218509","Treze Tílias","brasao","revisao_pendente"
"SC","4218509","Treze Tílias","bandeira","revisao_pendente"
"SC","4218608","Trombudo Central","brasao","revisao_pendente"
"SC","4218608","Trombudo Central","bandeira","revisao_pendente"
"SC","4218707","Tubarão","brasao","revisao_pendente"
"SC","4218707","Tubarão","bandeira","revisao_pendente"
"SC","4218756","Tunápolis","brasao","revisao_pendente"
"SC","4218756","Tunápolis","bandeira","revisao_pendente"
"SC","4218806","Turvo","brasao","revisao_pendente"
"SC","4218806","Turvo","bandeira","revisao_pendente"
"SC","4218855","União do Oeste","brasao","revisao_pendente"
"SC","4218855","União do Oeste","bandeira","rejeitado"
"SC","4218905","Urubici","brasao","revisao_pendente"
"SC","4218905","Urubici","bandeira","revisao_pendente"
"SC","4218954","Urupema","brasao","revisao_pendente"
"SC","4218954","Urupema","bandeira","revisao_pendente"
"SC","4219002","Urussanga","brasao","revisao_pendente"
"SC","4219002","Urussanga","bandeira","revisao_pendente"
"SC","4219101","Vargeão","brasao","revisao_pendente"
"SC","4219101","Vargeão","bandeira","revisao_pendente"
"SC","4219150","Vargem","brasao","revisao_pendente"
"SC","4219150","Vargem","bandeira","revisao_pendente"
"SC","4219176","Vargem Bonita","brasao","revisao_pendente"
"SC","4219176","Vargem Bonita","bandeira","revisao_pendente"
"SC","4219200","Vidal Ramos","brasao","revisao_pendente"
"SC","4219200","Vidal Ramos","bandeira","revisao_pendente"
"SC","4219309","Videira","brasao","revisao_pendente"
"SC","4219309","Videira","bandeira","revisao_pendente"
"SC","4219358","Vitor Meireles","brasao","revisao_pendente"
"SC","4219358","Vitor Meireles","bandeira","revisao_pendente"
"SC","4219408","Witmarsum","brasao","revisao_pendente"
"SC","4219408","Witmarsum","bandeira","revisao_pendente"
"SC","4219507","Xanxerê","brasao","revisao_pendente"
"SC","4219507","Xanxerê","bandeira","revisao_pendente"
"SC","4219606","Xavantina","brasao","revisao_pendente"
"SC","4219606","Xavantina","bandeira","revisao_pendente"
"SC","4219705","Xaxim","brasao","revisao_pendente"
"SC","4219705","Xaxim","bandeira","revisao_pendente"
"SC","4219853","Zortéa","brasao","revisao_pendente"
"SC","4219853","Zortéa","bandeira","revisao_pendente"
"SC","4220000","Balneário Rincão","brasao","revisao_pendente"
"SC","4220000","Balneário Rincão","bandeira","revisao_pendente"
"RS","4300034","Aceguá","brasao","revisao_pendente"
"RS","4300034","Aceguá","bandeira","revisao_pendente"
"RS","4300059","Água Santa","brasao","revisao_pendente"
"RS","4300059","Água Santa","bandeira","revisao_pendente"
"RS","4300109","Agudo","brasao","revisao_pendente"
"RS","4300109","Agudo","bandeira","revisao_pendente"
"RS","4300208","Ajuricaba","brasao","revisao_pendente"
"RS","4300208","Ajuricaba","bandeira","revisao_pendente"
"RS","4300307","Alecrim","brasao","revisao_pendente"
"RS","4300307","Alecrim","bandeira","revisao_pendente"
"RS","4300406","Alegrete","brasao","revisao_pendente"
"RS","4300406","Alegrete","bandeira","revisao_pendente"
"RS","4300455","Alegria","brasao","revisao_pendente"
"RS","4300455","Alegria","bandeira","revisao_pendente"
"RS","4300471","Almirante Tamandaré do Sul","brasao","revisao_pendente"
"RS","4300471","Almirante Tamandaré do Sul","bandeira","revisao_pendente"
"RS","4300505","Alpestre","brasao","revisao_pendente"
"RS","4300505","Alpestre","bandeira","revisao_pendente"
"RS","4300554","Alto Alegre","brasao","revisao_pendente"
"RS","4300554","Alto Alegre","bandeira","revisao_pendente"
"RS","4300570","Alto Feliz","brasao","revisao_pendente"
"RS","4300570","Alto Feliz","bandeira","revisao_pendente"
"RS","4300604","Alvorada","brasao","rejeitado"
"RS","4300604","Alvorada","bandeira","revisao_pendente"
"RS","4300638","Amaral Ferrador","brasao","revisao_pendente"
"RS","4300638","Amaral Ferrador","bandeira","revisao_pendente"
"RS","4300646","Ametista do Sul","brasao","revisao_pendente"
"RS","4300646","Ametista do Sul","bandeira","revisao_pendente"
"RS","4300661","André da Rocha","brasao","revisao_pendente"
"RS","4300661","André da Rocha","bandeira","revisao_pendente"
"RS","4300703","Anta Gorda","brasao","revisao_pendente"
"RS","4300703","Anta Gorda","bandeira","revisao_pendente"
"RS","4300802","Antônio Prado","brasao","revisao_pendente"
"RS","4300802","Antônio Prado","bandeira","revisao_pendente"
"RS","4300851","Arambaré","brasao","revisao_pendente"
"RS","4300851","Arambaré","bandeira","revisao_pendente"
"RS","4300877","Araricá","brasao","revisao_pendente"
"RS","4300877","Araricá","bandeira","revisao_pendente"
"RS","4300901","Aratiba","brasao","revisao_pendente"
"RS","4300901","Aratiba","bandeira","revisao_pendente"
"RS","4301008","Arroio do Meio","brasao","revisao_pendente"
"RS","4301008","Arroio do Meio","bandeira","revisao_pendente"
"RS","4301057","Arroio do Sal","brasao","revisao_pendente"
"RS","4301057","Arroio do Sal","bandeira","revisao_pendente"
"RS","4301073","Arroio do Padre","brasao","revisao_pendente"
"RS","4301073","Arroio do Padre","bandeira","revisao_pendente"
"RS","4301107","Arroio dos Ratos","brasao","revisao_pendente"
"RS","4301107","Arroio dos Ratos","bandeira","revisao_pendente"
"RS","4301206","Arroio do Tigre","brasao","revisao_pendente"
"RS","4301206","Arroio do Tigre","bandeira","revisao_pendente"
"RS","4301305","Arroio Grande","brasao","revisao_pendente"
"RS","4301305","Arroio Grande","bandeira","revisao_pendente"
"RS","4301404","Arvorezinha","brasao","revisao_pendente"
"RS","4301404","Arvorezinha","bandeira","revisao_pendente"
"RS","4301503","Augusto Pestana","brasao","revisao_pendente"
"RS","4301503","Augusto Pestana","bandeira","revisao_pendente"
"RS","4301552","Áurea","brasao","revisao_pendente"
"RS","4301552","Áurea","bandeira","revisao_pendente"
"RS","4301602","Bagé","brasao","revisao_pendente"
"RS","4301602","Bagé","bandeira","revisao_pendente"
"RS","4301636","Balneário Pinhal","brasao","revisao_pendente"
"RS","4301636","Balneário Pinhal","bandeira","revisao_pendente"
"RS","4301651","Barão","brasao","revisao_pendente"
"RS","4301651","Barão","bandeira","revisao_pendente"
"RS","4301701","Barão de Cotegipe","brasao","revisao_pendente"
"RS","4301701","Barão de Cotegipe","bandeira","revisao_pendente"
"RS","4301750","Barão do Triunfo","brasao","revisao_pendente"
"RS","4301750","Barão do Triunfo","bandeira","revisao_pendente"
"RS","4301800","Barracão","brasao","revisao_pendente"
"RS","4301800","Barracão","bandeira","revisao_pendente"
"RS","4301859","Barra do Guarita","brasao","revisao_pendente"
"RS","4301859","Barra do Guarita","bandeira","revisao_pendente"
"RS","4301875","Barra do Quaraí","brasao","revisao_pendente"
"RS","4301875","Barra do Quaraí","bandeira","revisao_pendente"
"RS","4301909","Barra do Ribeiro","brasao","revisao_pendente"
"RS","4301909","Barra do Ribeiro","bandeira","revisao_pendente"
"RS","4301925","Barra do Rio Azul","brasao","revisao_pendente"
"RS","4301925","Barra do Rio Azul","bandeira","revisao_pendente"
"RS","4301958","Barra Funda","brasao","revisao_pendente"
"RS","4301958","Barra Funda","bandeira","revisao_pendente"
"RS","4302006","Barros Cassal","brasao","revisao_pendente"
"RS","4302006","Barros Cassal","bandeira","revisao_pendente"
"RS","4302055","Benjamin Constant do Sul","brasao","revisao_pendente"
"RS","4302055","Benjamin Constant do Sul","bandeira","revisao_pendente"
"RS","4302105","Bento Gonçalves","brasao","rejeitado"
"RS","4302105","Bento Gonçalves","bandeira","rejeitado"
"RS","4302154","Boa Vista das Missões","brasao","revisao_pendente"
"RS","4302154","Boa Vista das Missões","bandeira","revisao_pendente"
"RS","4302204","Boa Vista do Buricá","brasao","revisao_pendente"
"RS","4302204","Boa Vista do Buricá","bandeira","revisao_pendente"
"RS","4302220","Boa Vista do Cadeado","brasao","revisao_pendente"
"RS","4302220","Boa Vista do Cadeado","bandeira","revisao_pendente"
"RS","4302238","Boa Vista do Incra","brasao","revisao_pendente"
"RS","4302238","Boa Vista do Incra","bandeira","revisao_pendente"
"RS","4302253","Boa Vista do Sul","brasao","revisao_pendente"
"RS","4302253","Boa Vista do Sul","bandeira","revisao_pendente"
"RS","4302303","Bom Jesus","brasao","revisao_pendente"
"RS","4302303","Bom Jesus","bandeira","revisao_pendente"
"RS","4302352","Bom Princípio","brasao","revisao_pendente"
"RS","4302352","Bom Princípio","bandeira","revisao_pendente"
"RS","4302378","Bom Progresso","brasao","revisao_pendente"
"RS","4302378","Bom Progresso","bandeira","revisao_pendente"
"RS","4302402","Bom Retiro do Sul","brasao","revisao_pendente"
"RS","4302402","Bom Retiro do Sul","bandeira","revisao_pendente"
"RS","4302451","Boqueirão do Leão","brasao","revisao_pendente"
"RS","4302451","Boqueirão do Leão","bandeira","revisao_pendente"
"RS","4302501","Bossoroca","brasao","revisao_pendente"
"RS","4302501","Bossoroca","bandeira","revisao_pendente"
"RS","4302584","Bozano","brasao","revisao_pendente"
"RS","4302584","Bozano","bandeira","revisao_pendente"
"RS","4302600","Braga","brasao","revisao_pendente"
"RS","4302600","Braga","bandeira","revisao_pendente"
"RS","4302659","Brochier","brasao","revisao_pendente"
"RS","4302659","Brochier","bandeira","revisao_pendente"
"RS","4302709","Butiá","brasao","revisao_pendente"
"RS","4302709","Butiá","bandeira","revisao_pendente"
"RS","4302808","Caçapava do Sul","brasao","revisao_pendente"
"RS","4302808","Caçapava do Sul","bandeira","revisao_pendente"
"RS","4302907","Cacequi","brasao","revisao_pendente"
"RS","4302907","Cacequi","bandeira","revisao_pendente"
"RS","4303004","Cachoeira do Sul","brasao","revisao_pendente"
"RS","4303004","Cachoeira do Sul","bandeira","revisao_pendente"
"RS","4303103","Cachoeirinha","brasao","revisao_pendente"
"RS","4303103","Cachoeirinha","bandeira","revisao_pendente"
"RS","4303202","Cacique Doble","brasao","revisao_pendente"
"RS","4303202","Cacique Doble","bandeira","revisao_pendente"
"RS","4303301","Caibaté","brasao","revisao_pendente"
"RS","4303301","Caibaté","bandeira","revisao_pendente"
"RS","4303400","Caiçara","brasao","revisao_pendente"
"RS","4303400","Caiçara","bandeira","revisao_pendente"
"RS","4303509","Camaquã","brasao","revisao_pendente"
"RS","4303509","Camaquã","bandeira","revisao_pendente"
"RS","4303558","Camargo","brasao","revisao_pendente"
"RS","4303558","Camargo","bandeira","revisao_pendente"
"RS","4303608","Cambará do Sul","brasao","revisao_pendente"
"RS","4303608","Cambará do Sul","bandeira","revisao_pendente"
"RS","4303673","Campestre da Serra","brasao","revisao_pendente"
"RS","4303673","Campestre da Serra","bandeira","revisao_pendente"
"RS","4303707","Campina das Missões","brasao","revisao_pendente"
"RS","4303707","Campina das Missões","bandeira","revisao_pendente"
"RS","4303806","Campinas do Sul","brasao","revisao_pendente"
"RS","4303806","Campinas do Sul","bandeira","revisao_pendente"
"RS","4303905","Campo Bom","brasao","revisao_pendente"
"RS","4303905","Campo Bom","bandeira","revisao_pendente"
"RS","4304002","Campo Novo","brasao","revisao_pendente"
"RS","4304002","Campo Novo","bandeira","revisao_pendente"
"RS","4304101","Campos Borges","brasao","revisao_pendente"
"RS","4304101","Campos Borges","bandeira","revisao_pendente"
"RS","4304200","Candelária","brasao","revisao_pendente"
"RS","4304200","Candelária","bandeira","revisao_pendente"
"RS","4304309","Cândido Godói","brasao","revisao_pendente"
"RS","4304309","Cândido Godói","bandeira","revisao_pendente"
"RS","4304358","Candiota","brasao","revisao_pendente"
"RS","4304358","Candiota","bandeira","revisao_pendente"
"RS","4304408","Canela","brasao","revisao_pendente"
"RS","4304408","Canela","bandeira","revisao_pendente"
"RS","4304507","Canguçu","brasao","revisao_pendente"
"RS","4304507","Canguçu","bandeira","revisao_pendente"
"RS","4304606","Canoas","brasao","revisao_pendente"
"RS","4304606","Canoas","bandeira","revisao_pendente"
"RS","4304614","Canudos do Vale","brasao","revisao_pendente"
"RS","4304614","Canudos do Vale","bandeira","revisao_pendente"
"RS","4304622","Capão Bonito do Sul","brasao","revisao_pendente"
"RS","4304622","Capão Bonito do Sul","bandeira","revisao_pendente"
"RS","4304630","Capão da Canoa","brasao","revisao_pendente"
"RS","4304630","Capão da Canoa","bandeira","revisao_pendente"
"RS","4304655","Capão do Cipó","brasao","revisao_pendente"
"RS","4304655","Capão do Cipó","bandeira","revisao_pendente"
"RS","4304663","Capão do Leão","brasao","revisao_pendente"
"RS","4304663","Capão do Leão","bandeira","revisao_pendente"
"RS","4304671","Capivari do Sul","brasao","revisao_pendente"
"RS","4304671","Capivari do Sul","bandeira","revisao_pendente"
"RS","4304689","Capela de Santana","brasao","revisao_pendente"
"RS","4304689","Capela de Santana","bandeira","revisao_pendente"
"RS","4304697","Capitão","brasao","revisao_pendente"
"RS","4304697","Capitão","bandeira","revisao_pendente"
"RS","4304705","Carazinho","brasao","revisao_pendente"
"RS","4304705","Carazinho","bandeira","revisao_pendente"
"RS","4304713","Caraá","brasao","revisao_pendente"
"RS","4304713","Caraá","bandeira","revisao_pendente"
"RS","4304804","Carlos Barbosa","brasao","revisao_pendente"
"RS","4304804","Carlos Barbosa","bandeira","revisao_pendente"
"RS","4304853","Carlos Gomes","brasao","revisao_pendente"
"RS","4304853","Carlos Gomes","bandeira","revisao_pendente"
"RS","4304903","Casca","brasao","revisao_pendente"
"RS","4304903","Casca","bandeira","revisao_pendente"
"RS","4304952","Caseiros","brasao","revisao_pendente"
"RS","4304952","Caseiros","bandeira","revisao_pendente"
"RS","4305009","Catuípe","brasao","revisao_pendente"
"RS","4305009","Catuípe","bandeira","revisao_pendente"
"RS","4305108","Caxias do Sul","brasao","revisao_pendente"
"RS","4305108","Caxias do Sul","bandeira","revisao_pendente"
"RS","4305116","Centenário","brasao","revisao_pendente"
"RS","4305116","Centenário","bandeira","revisao_pendente"
"RS","4305124","Cerrito","brasao","revisao_pendente"
"RS","4305124","Cerrito","bandeira","revisao_pendente"
"RS","4305132","Cerro Branco","brasao","revisao_pendente"
"RS","4305132","Cerro Branco","bandeira","revisao_pendente"
"RS","4305157","Cerro Grande","brasao","revisao_pendente"
"RS","4305157","Cerro Grande","bandeira","revisao_pendente"
"RS","4305173","Cerro Grande do Sul","brasao","revisao_pendente"
"RS","4305173","Cerro Grande do Sul","bandeira","revisao_pendente"
"RS","4305207","Cerro Largo","brasao","revisao_pendente"
"RS","4305207","Cerro Largo","bandeira","revisao_pendente"
"RS","4305306","Chapada","brasao","revisao_pendente"
"RS","4305306","Chapada","bandeira","revisao_pendente"
"RS","4305355","Charqueadas","brasao","revisao_pendente"
"RS","4305355","Charqueadas","bandeira","revisao_pendente"
"RS","4305371","Charrua","brasao","revisao_pendente"
"RS","4305371","Charrua","bandeira","revisao_pendente"
"RS","4305405","Chiapetta","brasao","revisao_pendente"
"RS","4305405","Chiapetta","bandeira","revisao_pendente"
"RS","4305439","Chuí","brasao","revisao_pendente"
"RS","4305439","Chuí","bandeira","revisao_pendente"
"RS","4305447","Chuvisca","brasao","revisao_pendente"
"RS","4305447","Chuvisca","bandeira","revisao_pendente"
"RS","4305454","Cidreira","brasao","revisao_pendente"
"RS","4305454","Cidreira","bandeira","revisao_pendente"
"RS","4305504","Ciríaco","brasao","revisao_pendente"
"RS","4305504","Ciríaco","bandeira","revisao_pendente"
"RS","4305587","Colinas","brasao","revisao_pendente"
"RS","4305587","Colinas","bandeira","revisao_pendente"
"RS","4305603","Colorado","brasao","revisao_pendente"
"RS","4305603","Colorado","bandeira","revisao_pendente"
"RS","4305702","Condor","brasao","revisao_pendente"
"RS","4305702","Condor","bandeira","revisao_pendente"
"RS","4305801","Constantina","brasao","revisao_pendente"
"RS","4305801","Constantina","bandeira","revisao_pendente"
"RS","4305835","Coqueiro Baixo","brasao","revisao_pendente"
"RS","4305835","Coqueiro Baixo","bandeira","revisao_pendente"
"RS","4305850","Coqueiros do Sul","brasao","revisao_pendente"
"RS","4305850","Coqueiros do Sul","bandeira","revisao_pendente"
"RS","4305871","Coronel Barros","brasao","revisao_pendente"
"RS","4305871","Coronel Barros","bandeira","revisao_pendente"
"RS","4305900","Coronel Bicaco","brasao","revisao_pendente"
"RS","4305900","Coronel Bicaco","bandeira","revisao_pendente"
"RS","4305934","Coronel Pilar","brasao","revisao_pendente"
"RS","4305934","Coronel Pilar","bandeira","revisao_pendente"
"RS","4305959","Cotiporã","brasao","revisao_pendente"
"RS","4305959","Cotiporã","bandeira","revisao_pendente"
"RS","4305975","Coxilha","brasao","revisao_pendente"
"RS","4305975","Coxilha","bandeira","revisao_pendente"
"RS","4306007","Crissiumal","brasao","revisao_pendente"
"RS","4306007","Crissiumal","bandeira","revisao_pendente"
"RS","4306056","Cristal","brasao","revisao_pendente"
"RS","4306056","Cristal","bandeira","revisao_pendente"
"RS","4306072","Cristal do Sul","brasao","revisao_pendente"
"RS","4306072","Cristal do Sul","bandeira","revisao_pendente"
"RS","4306106","Cruz Alta","brasao","revisao_pendente"
"RS","4306106","Cruz Alta","bandeira","revisao_pendente"
"RS","4306130","Cruzaltense","brasao","revisao_pendente"
"RS","4306130","Cruzaltense","bandeira","revisao_pendente"
"RS","4306205","Cruzeiro do Sul","brasao","revisao_pendente"
"RS","4306205","Cruzeiro do Sul","bandeira","revisao_pendente"
"RS","4306304","David Canabarro","brasao","revisao_pendente"
"RS","4306304","David Canabarro","bandeira","revisao_pendente"
"RS","4306320","Derrubadas","brasao","revisao_pendente"
"RS","4306320","Derrubadas","bandeira","licenca_pendente"
"RS","4306353","Dezesseis de Novembro","brasao","revisao_pendente"
"RS","4306353","Dezesseis de Novembro","bandeira","revisao_pendente"
"RS","4306379","Dilermando de Aguiar","brasao","revisao_pendente"
"RS","4306379","Dilermando de Aguiar","bandeira","revisao_pendente"
"RS","4306403","Dois Irmãos","brasao","revisao_pendente"
"RS","4306403","Dois Irmãos","bandeira","revisao_pendente"
"RS","4306429","Dois Irmãos das Missões","brasao","revisao_pendente"
"RS","4306429","Dois Irmãos das Missões","bandeira","revisao_pendente"
"RS","4306452","Dois Lajeados","brasao","revisao_pendente"
"RS","4306452","Dois Lajeados","bandeira","revisao_pendente"
"RS","4306502","Dom Feliciano","brasao","revisao_pendente"
"RS","4306502","Dom Feliciano","bandeira","revisao_pendente"
"RS","4306551","Dom Pedro de Alcântara","brasao","revisao_pendente"
"RS","4306551","Dom Pedro de Alcântara","bandeira","revisao_pendente"
"RS","4306601","Dom Pedrito","brasao","revisao_pendente"
"RS","4306601","Dom Pedrito","bandeira","rejeitado"
"RS","4306700","Dona Francisca","brasao","revisao_pendente"
"RS","4306700","Dona Francisca","bandeira","revisao_pendente"
"RS","4306734","Doutor Maurício Cardoso","brasao","revisao_pendente"
"RS","4306734","Doutor Maurício Cardoso","bandeira","revisao_pendente"
"RS","4306759","Doutor Ricardo","brasao","revisao_pendente"
"RS","4306759","Doutor Ricardo","bandeira","revisao_pendente"
"RS","4306767","Eldorado do Sul","brasao","revisao_pendente"
"RS","4306767","Eldorado do Sul","bandeira","revisao_pendente"
"RS","4306809","Encantado","brasao","revisao_pendente"
"RS","4306809","Encantado","bandeira","revisao_pendente"
"RS","4306908","Encruzilhada do Sul","brasao","revisao_pendente"
"RS","4306908","Encruzilhada do Sul","bandeira","revisao_pendente"
"RS","4306924","Engenho Velho","brasao","revisao_pendente"
"RS","4306924","Engenho Velho","bandeira","revisao_pendente"
"RS","4306932","Entre-Ijuís","brasao","revisao_pendente"
"RS","4306932","Entre-Ijuís","bandeira","revisao_pendente"
"RS","4306957","Entre Rios do Sul","brasao","revisao_pendente"
"RS","4306957","Entre Rios do Sul","bandeira","revisao_pendente"
"RS","4306973","Erebango","brasao","revisao_pendente"
"RS","4306973","Erebango","bandeira","revisao_pendente"
"RS","4307005","Erechim","brasao","revisao_pendente"
"RS","4307005","Erechim","bandeira","revisao_pendente"
"RS","4307054","Ernestina","brasao","revisao_pendente"
"RS","4307054","Ernestina","bandeira","revisao_pendente"
"RS","4307104","Herval","brasao","revisao_pendente"
"RS","4307104","Herval","bandeira","revisao_pendente"
"RS","4307203","Erval Grande","brasao","revisao_pendente"
"RS","4307203","Erval Grande","bandeira","revisao_pendente"
"RS","4307302","Erval Seco","brasao","revisao_pendente"
"RS","4307302","Erval Seco","bandeira","revisao_pendente"
"RS","4307401","Esmeralda","brasao","revisao_pendente"
"RS","4307401","Esmeralda","bandeira","revisao_pendente"
"RS","4307450","Esperança do Sul","brasao","revisao_pendente"
"RS","4307450","Esperança do Sul","bandeira","revisao_pendente"
"RS","4307500","Espumoso","brasao","revisao_pendente"
"RS","4307500","Espumoso","bandeira","revisao_pendente"
"RS","4307559","Estação","brasao","revisao_pendente"
"RS","4307559","Estação","bandeira","revisao_pendente"
"RS","4307609","Estância Velha","brasao","revisao_pendente"
"RS","4307609","Estância Velha","bandeira","revisao_pendente"
"RS","4307708","Esteio","brasao","revisao_pendente"
"RS","4307708","Esteio","bandeira","revisao_pendente"
"RS","4307807","Estrela","brasao","revisao_pendente"
"RS","4307807","Estrela","bandeira","revisao_pendente"
"RS","4307815","Estrela Velha","brasao","revisao_pendente"
"RS","4307815","Estrela Velha","bandeira","revisao_pendente"
"RS","4307831","Eugênio de Castro","brasao","revisao_pendente"
"RS","4307831","Eugênio de Castro","bandeira","revisao_pendente"
"RS","4307864","Fagundes Varela","brasao","revisao_pendente"
"RS","4307864","Fagundes Varela","bandeira","revisao_pendente"
"RS","4307906","Farroupilha","brasao","revisao_pendente"
"RS","4307906","Farroupilha","bandeira","revisao_pendente"
"RS","4308003","Faxinal do Soturno","brasao","revisao_pendente"
"RS","4308003","Faxinal do Soturno","bandeira","revisao_pendente"
"RS","4308052","Faxinalzinho","brasao","revisao_pendente"
"RS","4308052","Faxinalzinho","bandeira","revisao_pendente"
"RS","4308078","Fazenda Vilanova","brasao","revisao_pendente"
"RS","4308078","Fazenda Vilanova","bandeira","revisao_pendente"
"RS","4308102","Feliz","brasao","revisao_pendente"
"RS","4308102","Feliz","bandeira","revisao_pendente"
"RS","4308201","Flores da Cunha","brasao","revisao_pendente"
"RS","4308201","Flores da Cunha","bandeira","revisao_pendente"
"RS","4308250","Floriano Peixoto","brasao","revisao_pendente"
"RS","4308250","Floriano Peixoto","bandeira","revisao_pendente"
"RS","4308300","Fontoura Xavier","brasao","revisao_pendente"
"RS","4308300","Fontoura Xavier","bandeira","revisao_pendente"
"RS","4308409","Formigueiro","brasao","revisao_pendente"
"RS","4308409","Formigueiro","bandeira","revisao_pendente"
"RS","4308433","Forquetinha","brasao","revisao_pendente"
"RS","4308433","Forquetinha","bandeira","revisao_pendente"
"RS","4308458","Fortaleza dos Valos","brasao","revisao_pendente"
"RS","4308458","Fortaleza dos Valos","bandeira","revisao_pendente"
"RS","4308508","Frederico Westphalen","brasao","licenca_pendente"
"RS","4308508","Frederico Westphalen","bandeira","licenca_pendente"
"RS","4308607","Garibaldi","brasao","revisao_pendente"
"RS","4308607","Garibaldi","bandeira","revisao_pendente"
"RS","4308656","Garruchos","brasao","revisao_pendente"
"RS","4308656","Garruchos","bandeira","revisao_pendente"
"RS","4308706","Gaurama","brasao","revisao_pendente"
"RS","4308706","Gaurama","bandeira","revisao_pendente"
"RS","4308805","General Câmara","brasao","revisao_pendente"
"RS","4308805","General Câmara","bandeira","revisao_pendente"
"RS","4308854","Gentil","brasao","revisao_pendente"
"RS","4308854","Gentil","bandeira","revisao_pendente"
"RS","4308904","Getúlio Vargas","brasao","revisao_pendente"
"RS","4308904","Getúlio Vargas","bandeira","revisao_pendente"
"RS","4309001","Giruá","brasao","revisao_pendente"
"RS","4309001","Giruá","bandeira","revisao_pendente"
"RS","4309050","Glorinha","brasao","revisao_pendente"
"RS","4309050","Glorinha","bandeira","revisao_pendente"
"RS","4309100","Gramado","brasao","revisao_pendente"
"RS","4309100","Gramado","bandeira","revisao_pendente"
"RS","4309126","Gramado dos Loureiros","brasao","revisao_pendente"
"RS","4309126","Gramado dos Loureiros","bandeira","revisao_pendente"
"RS","4309159","Gramado Xavier","brasao","revisao_pendente"
"RS","4309159","Gramado Xavier","bandeira","revisao_pendente"
"RS","4309209","Gravataí","brasao","revisao_pendente"
"RS","4309209","Gravataí","bandeira","revisao_pendente"
"RS","4309258","Guabiju","brasao","revisao_pendente"
"RS","4309258","Guabiju","bandeira","revisao_pendente"
"RS","4309308","Guaíba","brasao","revisao_pendente"
"RS","4309308","Guaíba","bandeira","revisao_pendente"
"RS","4309407","Guaporé","brasao","revisao_pendente"
"RS","4309407","Guaporé","bandeira","revisao_pendente"
"RS","4309506","Guarani das Missões","brasao","revisao_pendente"
"RS","4309506","Guarani das Missões","bandeira","revisao_pendente"
"RS","4309555","Harmonia","brasao","revisao_pendente"
"RS","4309555","Harmonia","bandeira","revisao_pendente"
"RS","4309571","Herveiras","brasao","revisao_pendente"
"RS","4309571","Herveiras","bandeira","revisao_pendente"
"RS","4309605","Horizontina","brasao","revisao_pendente"
"RS","4309605","Horizontina","bandeira","revisao_pendente"
"RS","4309654","Hulha Negra","brasao","revisao_pendente"
"RS","4309654","Hulha Negra","bandeira","revisao_pendente"
"RS","4309704","Humaitá","brasao","revisao_pendente"
"RS","4309704","Humaitá","bandeira","revisao_pendente"
"RS","4309753","Ibarama","brasao","revisao_pendente"
"RS","4309753","Ibarama","bandeira","revisao_pendente"
"RS","4309803","Ibiaçá","brasao","revisao_pendente"
"RS","4309803","Ibiaçá","bandeira","revisao_pendente"
"RS","4309902","Ibiraiaras","brasao","revisao_pendente"
"RS","4309902","Ibiraiaras","bandeira","revisao_pendente"
"RS","4309951","Ibirapuitã","brasao","revisao_pendente"
"RS","4309951","Ibirapuitã","bandeira","revisao_pendente"
"RS","4310009","Ibirubá","brasao","revisao_pendente"
"RS","4310009","Ibirubá","bandeira","revisao_pendente"
"RS","4310108","Igrejinha","brasao","revisao_pendente"
"RS","4310108","Igrejinha","bandeira","rejeitado"
"RS","4310207","Ijuí","brasao","revisao_pendente"
"RS","4310207","Ijuí","bandeira","revisao_pendente"
"RS","4310306","Ilópolis","brasao","revisao_pendente"
"RS","4310306","Ilópolis","bandeira","revisao_pendente"
"RS","4310330","Imbé","brasao","revisao_pendente"
"RS","4310330","Imbé","bandeira","revisao_pendente"
"RS","4310363","Imigrante","brasao","revisao_pendente"
"RS","4310363","Imigrante","bandeira","revisao_pendente"
"RS","4310405","Independência","brasao","revisao_pendente"
"RS","4310405","Independência","bandeira","revisao_pendente"
"RS","4310413","Inhacorá","brasao","revisao_pendente"
"RS","4310413","Inhacorá","bandeira","revisao_pendente"
"RS","4310439","Ipê","brasao","revisao_pendente"
"RS","4310439","Ipê","bandeira","revisao_pendente"
"RS","4310462","Ipiranga do Sul","brasao","revisao_pendente"
"RS","4310462","Ipiranga do Sul","bandeira","revisao_pendente"
"RS","4310504","Iraí","brasao","revisao_pendente"
"RS","4310504","Iraí","bandeira","revisao_pendente"
"RS","4310538","Itaara","brasao","revisao_pendente"
"RS","4310538","Itaara","bandeira","revisao_pendente"
"RS","4310553","Itacurubi","brasao","revisao_pendente"
"RS","4310553","Itacurubi","bandeira","revisao_pendente"
"RS","4310579","Itapuca","brasao","revisao_pendente"
"RS","4310579","Itapuca","bandeira","revisao_pendente"
"RS","4310603","Itaqui","brasao","revisao_pendente"
"RS","4310603","Itaqui","bandeira","revisao_pendente"
"RS","4310652","Itati","brasao","revisao_pendente"
"RS","4310652","Itati","bandeira","revisao_pendente"
"RS","4310702","Itatiba do Sul","brasao","revisao_pendente"
"RS","4310702","Itatiba do Sul","bandeira","revisao_pendente"
"RS","4310751","Ivorá","brasao","revisao_pendente"
"RS","4310751","Ivorá","bandeira","revisao_pendente"
"RS","4310801","Ivoti","brasao","revisao_pendente"
"RS","4310801","Ivoti","bandeira","revisao_pendente"
"RS","4310850","Jaboticaba","brasao","revisao_pendente"
"RS","4310850","Jaboticaba","bandeira","revisao_pendente"
"RS","4310876","Jacuizinho","brasao","revisao_pendente"
"RS","4310876","Jacuizinho","bandeira","revisao_pendente"
"RS","4310900","Jacutinga","brasao","revisao_pendente"
"RS","4310900","Jacutinga","bandeira","revisao_pendente"
"RS","4311007","Jaguarão","brasao","revisao_pendente"
"RS","4311007","Jaguarão","bandeira","revisao_pendente"
"RS","4311106","Jaguari","brasao","revisao_pendente"
"RS","4311106","Jaguari","bandeira","revisao_pendente"
"RS","4311122","Jaquirana","brasao","revisao_pendente"
"RS","4311122","Jaquirana","bandeira","revisao_pendente"
"RS","4311130","Jari","brasao","revisao_pendente"
"RS","4311130","Jari","bandeira","revisao_pendente"
"RS","4311155","Jóia","brasao","revisao_pendente"
"RS","4311155","Jóia","bandeira","revisao_pendente"
"RS","4311205","Júlio de Castilhos","brasao","revisao_pendente"
"RS","4311205","Júlio de Castilhos","bandeira","revisao_pendente"
"RS","4311239","Lagoa Bonita do Sul","brasao","revisao_pendente"
"RS","4311239","Lagoa Bonita do Sul","bandeira","revisao_pendente"
"RS","4311254","Lagoão","brasao","revisao_pendente"
"RS","4311254","Lagoão","bandeira","revisao_pendente"
"RS","4311270","Lagoa dos Três Cantos","brasao","revisao_pendente"
"RS","4311270","Lagoa dos Três Cantos","bandeira","revisao_pendente"
"RS","4311304","Lagoa Vermelha","brasao","revisao_pendente"
"RS","4311304","Lagoa Vermelha","bandeira","revisao_pendente"
"RS","4311403","Lajeado","brasao","revisao_pendente"
"RS","4311403","Lajeado","bandeira","revisao_pendente"
"RS","4311429","Lajeado do Bugre","brasao","revisao_pendente"
"RS","4311429","Lajeado do Bugre","bandeira","revisao_pendente"
"RS","4311502","Lavras do Sul","brasao","revisao_pendente"
"RS","4311502","Lavras do Sul","bandeira","revisao_pendente"
"RS","4311601","Liberato Salzano","brasao","revisao_pendente"
"RS","4311601","Liberato Salzano","bandeira","revisao_pendente"
"RS","4311627","Lindolfo Collor","brasao","revisao_pendente"
"RS","4311627","Lindolfo Collor","bandeira","revisao_pendente"
"RS","4311643","Linha Nova","brasao","revisao_pendente"
"RS","4311643","Linha Nova","bandeira","revisao_pendente"
"RS","4311700","Machadinho","brasao","revisao_pendente"
"RS","4311700","Machadinho","bandeira","revisao_pendente"
"RS","4311718","Maçambará","brasao","revisao_pendente"
"RS","4311718","Maçambará","bandeira","revisao_pendente"
"RS","4311734","Mampituba","brasao","revisao_pendente"
"RS","4311734","Mampituba","bandeira","revisao_pendente"
"RS","4311759","Manoel Viana","brasao","revisao_pendente"
"RS","4311759","Manoel Viana","bandeira","revisao_pendente"
"RS","4311775","Maquiné","brasao","revisao_pendente"
"RS","4311775","Maquiné","bandeira","revisao_pendente"
"RS","4311791","Maratá","brasao","revisao_pendente"
"RS","4311791","Maratá","bandeira","revisao_pendente"
"RS","4311809","Marau","brasao","revisao_pendente"
"RS","4311809","Marau","bandeira","revisao_pendente"
"RS","4311908","Marcelino Ramos","brasao","revisao_pendente"
"RS","4311908","Marcelino Ramos","bandeira","revisao_pendente"
"RS","4311981","Mariana Pimentel","brasao","revisao_pendente"
"RS","4311981","Mariana Pimentel","bandeira","revisao_pendente"
"RS","4312005","Mariano Moro","brasao","revisao_pendente"
"RS","4312005","Mariano Moro","bandeira","revisao_pendente"
"RS","4312054","Marques de Souza","brasao","revisao_pendente"
"RS","4312054","Marques de Souza","bandeira","revisao_pendente"
"RS","4312104","Mata","brasao","revisao_pendente"
"RS","4312104","Mata","bandeira","revisao_pendente"
"RS","4312138","Mato Castelhano","brasao","revisao_pendente"
"RS","4312138","Mato Castelhano","bandeira","revisao_pendente"
"RS","4312153","Mato Leitão","brasao","revisao_pendente"
"RS","4312153","Mato Leitão","bandeira","revisao_pendente"
"RS","4312179","Mato Queimado","brasao","revisao_pendente"
"RS","4312179","Mato Queimado","bandeira","revisao_pendente"
"RS","4312203","Maximiliano de Almeida","brasao","revisao_pendente"
"RS","4312203","Maximiliano de Almeida","bandeira","revisao_pendente"
"RS","4312252","Minas do Leão","brasao","revisao_pendente"
"RS","4312252","Minas do Leão","bandeira","revisao_pendente"
"RS","4312302","Miraguaí","brasao","revisao_pendente"
"RS","4312302","Miraguaí","bandeira","revisao_pendente"
"RS","4312351","Montauri","brasao","revisao_pendente"
"RS","4312351","Montauri","bandeira","revisao_pendente"
"RS","4312377","Monte Alegre dos Campos","brasao","revisao_pendente"
"RS","4312377","Monte Alegre dos Campos","bandeira","revisao_pendente"
"RS","4312385","Monte Belo do Sul","brasao","revisao_pendente"
"RS","4312385","Monte Belo do Sul","bandeira","revisao_pendente"
"RS","4312401","Montenegro","brasao","revisao_pendente"
"RS","4312401","Montenegro","bandeira","revisao_pendente"
"RS","4312427","Mormaço","brasao","revisao_pendente"
"RS","4312427","Mormaço","bandeira","revisao_pendente"
"RS","4312443","Morrinhos do Sul","brasao","revisao_pendente"
"RS","4312443","Morrinhos do Sul","bandeira","revisao_pendente"
"RS","4312450","Morro Redondo","brasao","revisao_pendente"
"RS","4312450","Morro Redondo","bandeira","revisao_pendente"
"RS","4312476","Morro Reuter","brasao","revisao_pendente"
"RS","4312476","Morro Reuter","bandeira","revisao_pendente"
"RS","4312500","Mostardas","brasao","revisao_pendente"
"RS","4312500","Mostardas","bandeira","revisao_pendente"
"RS","4312609","Muçum","brasao","revisao_pendente"
"RS","4312609","Muçum","bandeira","revisao_pendente"
"RS","4312617","Muitos Capões","brasao","revisao_pendente"
"RS","4312617","Muitos Capões","bandeira","revisao_pendente"
"RS","4312625","Muliterno","brasao","revisao_pendente"
"RS","4312625","Muliterno","bandeira","revisao_pendente"
"RS","4312658","Não-Me-Toque","brasao","revisao_pendente"
"RS","4312658","Não-Me-Toque","bandeira","revisao_pendente"
"RS","4312674","Nicolau Vergueiro","brasao","revisao_pendente"
"RS","4312674","Nicolau Vergueiro","bandeira","revisao_pendente"
"RS","4312708","Nonoai","brasao","revisao_pendente"
"RS","4312708","Nonoai","bandeira","revisao_pendente"
"RS","4312757","Nova Alvorada","brasao","revisao_pendente"
"RS","4312757","Nova Alvorada","bandeira","revisao_pendente"
"RS","4312807","Nova Araçá","brasao","revisao_pendente"
"RS","4312807","Nova Araçá","bandeira","revisao_pendente"
"RS","4312906","Nova Bassano","brasao","revisao_pendente"
"RS","4312906","Nova Bassano","bandeira","revisao_pendente"
"RS","4312955","Nova Boa Vista","brasao","revisao_pendente"
"RS","4312955","Nova Boa Vista","bandeira","revisao_pendente"
"RS","4313003","Nova Bréscia","brasao","revisao_pendente"
"RS","4313003","Nova Bréscia","bandeira","revisao_pendente"
"RS","4313011","Nova Candelária","brasao","nao_encontrado"
"RS","4313011","Nova Candelária","bandeira","revisao_pendente"
"RS","4313037","Nova Esperança do Sul","brasao","revisao_pendente"
"RS","4313037","Nova Esperança do Sul","bandeira","revisao_pendente"
"RS","4313060","Nova Hartz","brasao","revisao_pendente"
"RS","4313060","Nova Hartz","bandeira","revisao_pendente"
"RS","4313086","Nova Pádua","brasao","revisao_pendente"
"RS","4313086","Nova Pádua","bandeira","revisao_pendente"
"RS","4313102","Nova Palma","brasao","revisao_pendente"
"RS","4313102","Nova Palma","bandeira","revisao_pendente"
"RS","4313201","Nova Petrópolis","brasao","revisao_pendente"
"RS","4313201","Nova Petrópolis","bandeira","revisao_pendente"
"RS","4313300","Nova Prata","brasao","revisao_pendente"
"RS","4313300","Nova Prata","bandeira","revisao_pendente"
"RS","4313334","Nova Ramada","brasao","revisao_pendente"
"RS","4313334","Nova Ramada","bandeira","revisao_pendente"
"RS","4313359","Nova Roma do Sul","brasao","revisao_pendente"
"RS","4313359","Nova Roma do Sul","bandeira","revisao_pendente"
"RS","4313375","Nova Santa Rita","brasao","revisao_pendente"
"RS","4313375","Nova Santa Rita","bandeira","revisao_pendente"
"RS","4313391","Novo Cabrais","brasao","revisao_pendente"
"RS","4313391","Novo Cabrais","bandeira","revisao_pendente"
"RS","4313409","Novo Hamburgo","brasao","revisao_pendente"
"RS","4313409","Novo Hamburgo","bandeira","revisao_pendente"
"RS","4313425","Novo Machado","brasao","revisao_pendente"
"RS","4313425","Novo Machado","bandeira","revisao_pendente"
"RS","4313441","Novo Tiradentes","brasao","revisao_pendente"
"RS","4313441","Novo Tiradentes","bandeira","revisao_pendente"
"RS","4313466","Novo Xingu","brasao","revisao_pendente"
"RS","4313466","Novo Xingu","bandeira","revisao_pendente"
"RS","4313490","Novo Barreiro","brasao","desatualizado"
"RS","4313490","Novo Barreiro","bandeira","revisao_pendente"
"RS","4313508","Osório","brasao","revisao_pendente"
"RS","4313508","Osório","bandeira","revisao_pendente"
"RS","4313607","Paim Filho","brasao","revisao_pendente"
"RS","4313607","Paim Filho","bandeira","revisao_pendente"
"RS","4313656","Palmares do Sul","brasao","revisao_pendente"
"RS","4313656","Palmares do Sul","bandeira","revisao_pendente"
"RS","4313706","Palmeira das Missões","brasao","revisao_pendente"
"RS","4313706","Palmeira das Missões","bandeira","revisao_pendente"
"RS","4313805","Palmitinho","brasao","revisao_pendente"
"RS","4313805","Palmitinho","bandeira","revisao_pendente"
"RS","4313904","Panambi","brasao","revisao_pendente"
"RS","4313904","Panambi","bandeira","revisao_pendente"
"RS","4313953","Pantano Grande","brasao","revisao_pendente"
"RS","4313953","Pantano Grande","bandeira","revisao_pendente"
"RS","4314001","Paraí","brasao","revisao_pendente"
"RS","4314001","Paraí","bandeira","revisao_pendente"
"RS","4314027","Paraíso do Sul","brasao","revisao_pendente"
"RS","4314027","Paraíso do Sul","bandeira","revisao_pendente"
"RS","4314035","Pareci Novo","brasao","revisao_pendente"
"RS","4314035","Pareci Novo","bandeira","revisao_pendente"
"RS","4314050","Parobé","brasao","revisao_pendente"
"RS","4314050","Parobé","bandeira","revisao_pendente"
"RS","4314068","Passa Sete","brasao","revisao_pendente"
"RS","4314068","Passa Sete","bandeira","revisao_pendente"
"RS","4314076","Passo do Sobrado","brasao","revisao_pendente"
"RS","4314076","Passo do Sobrado","bandeira","revisao_pendente"
"RS","4314100","Passo Fundo","brasao","revisao_pendente"
"RS","4314100","Passo Fundo","bandeira","revisao_pendente"
"RS","4314134","Paulo Bento","brasao","revisao_pendente"
"RS","4314134","Paulo Bento","bandeira","revisao_pendente"
"RS","4314159","Paverama","brasao","revisao_pendente"
"RS","4314159","Paverama","bandeira","revisao_pendente"
"RS","4314175","Pedras Altas","brasao","revisao_pendente"
"RS","4314175","Pedras Altas","bandeira","revisao_pendente"
"RS","4314209","Pedro Osório","brasao","revisao_pendente"
"RS","4314209","Pedro Osório","bandeira","revisao_pendente"
"RS","4314308","Pejuçara","brasao","revisao_pendente"
"RS","4314308","Pejuçara","bandeira","revisao_pendente"
"RS","4314407","Pelotas","brasao","revisao_pendente"
"RS","4314407","Pelotas","bandeira","revisao_pendente"
"RS","4314423","Picada Café","brasao","revisao_pendente"
"RS","4314423","Picada Café","bandeira","revisao_pendente"
"RS","4314456","Pinhal","brasao","revisao_pendente"
"RS","4314456","Pinhal","bandeira","revisao_pendente"
"RS","4314464","Pinhal da Serra","brasao","revisao_pendente"
"RS","4314464","Pinhal da Serra","bandeira","revisao_pendente"
"RS","4314472","Pinhal Grande","brasao","revisao_pendente"
"RS","4314472","Pinhal Grande","bandeira","revisao_pendente"
"RS","4314498","Pinheirinho do Vale","brasao","revisao_pendente"
"RS","4314498","Pinheirinho do Vale","bandeira","revisao_pendente"
"RS","4314506","Pinheiro Machado","brasao","revisao_pendente"
"RS","4314506","Pinheiro Machado","bandeira","revisao_pendente"
"RS","4314548","Pinto Bandeira","brasao","revisao_pendente"
"RS","4314548","Pinto Bandeira","bandeira","revisao_pendente"
"RS","4314555","Pirapó","brasao","rejeitado"
"RS","4314555","Pirapó","bandeira","revisao_pendente"
"RS","4314605","Piratini","brasao","revisao_pendente"
"RS","4314605","Piratini","bandeira","revisao_pendente"
"RS","4314704","Planalto","brasao","revisao_pendente"
"RS","4314704","Planalto","bandeira","revisao_pendente"
"RS","4314753","Poço das Antas","brasao","revisao_pendente"
"RS","4314753","Poço das Antas","bandeira","revisao_pendente"
"RS","4314779","Pontão","brasao","revisao_pendente"
"RS","4314779","Pontão","bandeira","revisao_pendente"
"RS","4314787","Ponte Preta","brasao","nao_encontrado"
"RS","4314787","Ponte Preta","bandeira","revisao_pendente"
"RS","4314803","Portão","brasao","revisao_pendente"
"RS","4314803","Portão","bandeira","revisao_pendente"
"RS","4314902","Porto Alegre","brasao","revisao_pendente"
"RS","4314902","Porto Alegre","bandeira","revisao_pendente"
"RS","4315008","Porto Lucena","brasao","revisao_pendente"
"RS","4315008","Porto Lucena","bandeira","revisao_pendente"
"RS","4315057","Porto Mauá","brasao","revisao_pendente"
"RS","4315057","Porto Mauá","bandeira","revisao_pendente"
"RS","4315073","Porto Vera Cruz","brasao","revisao_pendente"
"RS","4315073","Porto Vera Cruz","bandeira","revisao_pendente"
"RS","4315107","Porto Xavier","brasao","revisao_pendente"
"RS","4315107","Porto Xavier","bandeira","revisao_pendente"
"RS","4315131","Pouso Novo","brasao","revisao_pendente"
"RS","4315131","Pouso Novo","bandeira","revisao_pendente"
"RS","4315149","Presidente Lucena","brasao","revisao_pendente"
"RS","4315149","Presidente Lucena","bandeira","revisao_pendente"
"RS","4315156","Progresso","brasao","revisao_pendente"
"RS","4315156","Progresso","bandeira","revisao_pendente"
"RS","4315172","Protásio Alves","brasao","revisao_pendente"
"RS","4315172","Protásio Alves","bandeira","revisao_pendente"
"RS","4315206","Putinga","brasao","revisao_pendente"
"RS","4315206","Putinga","bandeira","revisao_pendente"
"RS","4315305","Quaraí","brasao","revisao_pendente"
"RS","4315305","Quaraí","bandeira","revisao_pendente"
"RS","4315313","Quatro Irmãos","brasao","revisao_pendente"
"RS","4315313","Quatro Irmãos","bandeira","revisao_pendente"
"RS","4315321","Quevedos","brasao","revisao_pendente"
"RS","4315321","Quevedos","bandeira","revisao_pendente"
"RS","4315354","Quinze de Novembro","brasao","revisao_pendente"
"RS","4315354","Quinze de Novembro","bandeira","revisao_pendente"
"RS","4315404","Redentora","brasao","revisao_pendente"
"RS","4315404","Redentora","bandeira","revisao_pendente"
"RS","4315453","Relvado","brasao","revisao_pendente"
"RS","4315453","Relvado","bandeira","revisao_pendente"
"RS","4315503","Restinga Sêca","brasao","revisao_pendente"
"RS","4315503","Restinga Sêca","bandeira","revisao_pendente"
"RS","4315552","Rio dos Índios","brasao","revisao_pendente"
"RS","4315552","Rio dos Índios","bandeira","revisao_pendente"
"RS","4315602","Rio Grande","brasao","revisao_pendente"
"RS","4315602","Rio Grande","bandeira","revisao_pendente"
"RS","4315701","Rio Pardo","brasao","revisao_pendente"
"RS","4315701","Rio Pardo","bandeira","revisao_pendente"
"RS","4315750","Riozinho","brasao","revisao_pendente"
"RS","4315750","Riozinho","bandeira","revisao_pendente"
"RS","4315800","Roca Sales","brasao","revisao_pendente"
"RS","4315800","Roca Sales","bandeira","revisao_pendente"
"RS","4315909","Rodeio Bonito","brasao","revisao_pendente"
"RS","4315909","Rodeio Bonito","bandeira","revisao_pendente"
"RS","4315958","Rolador","brasao","revisao_pendente"
"RS","4315958","Rolador","bandeira","revisao_pendente"
"RS","4316006","Rolante","brasao","revisao_pendente"
"RS","4316006","Rolante","bandeira","revisao_pendente"
"RS","4316105","Ronda Alta","brasao","revisao_pendente"
"RS","4316105","Ronda Alta","bandeira","revisao_pendente"
"RS","4316204","Rondinha","brasao","revisao_pendente"
"RS","4316204","Rondinha","bandeira","revisao_pendente"
"RS","4316303","Roque Gonzales","brasao","revisao_pendente"
"RS","4316303","Roque Gonzales","bandeira","revisao_pendente"
"RS","4316402","Rosário do Sul","brasao","revisao_pendente"
"RS","4316402","Rosário do Sul","bandeira","revisao_pendente"
"RS","4316428","Sagrada Família","brasao","revisao_pendente"
"RS","4316428","Sagrada Família","bandeira","revisao_pendente"
"RS","4316436","Saldanha Marinho","brasao","revisao_pendente"
"RS","4316436","Saldanha Marinho","bandeira","revisao_pendente"
"RS","4316451","Salto do Jacuí","brasao","revisao_pendente"
"RS","4316451","Salto do Jacuí","bandeira","revisao_pendente"
"RS","4316477","Salvador das Missões","brasao","revisao_pendente"
"RS","4316477","Salvador das Missões","bandeira","revisao_pendente"
"RS","4316501","Salvador do Sul","brasao","revisao_pendente"
"RS","4316501","Salvador do Sul","bandeira","revisao_pendente"
"RS","4316600","Sananduva","brasao","revisao_pendente"
"RS","4316600","Sananduva","bandeira","revisao_pendente"
"RS","4316709","Santa Bárbara do Sul","brasao","revisao_pendente"
"RS","4316709","Santa Bárbara do Sul","bandeira","revisao_pendente"
"RS","4316733","Santa Cecília do Sul","brasao","revisao_pendente"
"RS","4316733","Santa Cecília do Sul","bandeira","revisao_pendente"
"RS","4316758","Santa Clara do Sul","brasao","revisao_pendente"
"RS","4316758","Santa Clara do Sul","bandeira","revisao_pendente"
"RS","4316808","Santa Cruz do Sul","brasao","revisao_pendente"
"RS","4316808","Santa Cruz do Sul","bandeira","revisao_pendente"
"RS","4316907","Santa Maria","brasao","revisao_pendente"
"RS","4316907","Santa Maria","bandeira","revisao_pendente"
"RS","4316956","Santa Maria do Herval","brasao","revisao_pendente"
"RS","4316956","Santa Maria do Herval","bandeira","revisao_pendente"
"RS","4316972","Santa Margarida do Sul","brasao","revisao_pendente"
"RS","4316972","Santa Margarida do Sul","bandeira","revisao_pendente"
"RS","4317004","Santana da Boa Vista","brasao","revisao_pendente"
"RS","4317004","Santana da Boa Vista","bandeira","revisao_pendente"
"RS","4317103","Sant'Ana do Livramento","brasao","revisao_pendente"
"RS","4317103","Sant'Ana do Livramento","bandeira","revisao_pendente"
"RS","4317202","Santa Rosa","brasao","revisao_pendente"
"RS","4317202","Santa Rosa","bandeira","revisao_pendente"
"RS","4317251","Santa Tereza","brasao","revisao_pendente"
"RS","4317251","Santa Tereza","bandeira","revisao_pendente"
"RS","4317301","Santa Vitória do Palmar","brasao","revisao_pendente"
"RS","4317301","Santa Vitória do Palmar","bandeira","revisao_pendente"
"RS","4317400","Santiago","brasao","revisao_pendente"
"RS","4317400","Santiago","bandeira","revisao_pendente"
"RS","4317509","Santo Ângelo","brasao","revisao_pendente"
"RS","4317509","Santo Ângelo","bandeira","revisao_pendente"
"RS","4317558","Santo Antônio do Palma","brasao","revisao_pendente"
"RS","4317558","Santo Antônio do Palma","bandeira","revisao_pendente"
"RS","4317608","Santo Antônio da Patrulha","brasao","revisao_pendente"
"RS","4317608","Santo Antônio da Patrulha","bandeira","revisao_pendente"
"RS","4317707","Santo Antônio das Missões","brasao","revisao_pendente"
"RS","4317707","Santo Antônio das Missões","bandeira","revisao_pendente"
"RS","4317756","Santo Antônio do Planalto","brasao","revisao_pendente"
"RS","4317756","Santo Antônio do Planalto","bandeira","revisao_pendente"
"RS","4317806","Santo Augusto","brasao","revisao_pendente"
"RS","4317806","Santo Augusto","bandeira","revisao_pendente"
"RS","4317905","Santo Cristo","brasao","revisao_pendente"
"RS","4317905","Santo Cristo","bandeira","revisao_pendente"
"RS","4317954","Santo Expedito do Sul","brasao","revisao_pendente"
"RS","4317954","Santo Expedito do Sul","bandeira","revisao_pendente"
"RS","4318002","São Borja","brasao","revisao_pendente"
"RS","4318002","São Borja","bandeira","revisao_pendente"
"RS","4318051","São Domingos do Sul","brasao","revisao_pendente"
"RS","4318051","São Domingos do Sul","bandeira","revisao_pendente"
"RS","4318101","São Francisco de Assis","brasao","revisao_pendente"
"RS","4318101","São Francisco de Assis","bandeira","revisao_pendente"
"RS","4318200","São Francisco de Paula","brasao","revisao_pendente"
"RS","4318200","São Francisco de Paula","bandeira","revisao_pendente"
"RS","4318309","São Gabriel","brasao","revisao_pendente"
"RS","4318309","São Gabriel","bandeira","revisao_pendente"
"RS","4318408","São Jerônimo","brasao","revisao_pendente"
"RS","4318408","São Jerônimo","bandeira","revisao_pendente"
"RS","4318424","São João da Urtiga","brasao","revisao_pendente"
"RS","4318424","São João da Urtiga","bandeira","revisao_pendente"
"RS","4318432","São João do Polêsine","brasao","revisao_pendente"
"RS","4318432","São João do Polêsine","bandeira","revisao_pendente"
"RS","4318440","São Jorge","brasao","revisao_pendente"
"RS","4318440","São Jorge","bandeira","revisao_pendente"
"RS","4318457","São José das Missões","brasao","revisao_pendente"
"RS","4318457","São José das Missões","bandeira","revisao_pendente"
"RS","4318465","São José do Herval","brasao","revisao_pendente"
"RS","4318465","São José do Herval","bandeira","revisao_pendente"
"RS","4318481","São José do Hortêncio","brasao","revisao_pendente"
"RS","4318481","São José do Hortêncio","bandeira","revisao_pendente"
"RS","4318499","São José do Inhacorá","brasao","revisao_pendente"
"RS","4318499","São José do Inhacorá","bandeira","nao_encontrado"
"RS","4318507","São José do Norte","brasao","revisao_pendente"
"RS","4318507","São José do Norte","bandeira","revisao_pendente"
"RS","4318606","São José do Ouro","brasao","revisao_pendente"
"RS","4318606","São José do Ouro","bandeira","revisao_pendente"
"RS","4318614","São José do Sul","brasao","revisao_pendente"
"RS","4318614","São José do Sul","bandeira","revisao_pendente"
"RS","4318622","São José dos Ausentes","brasao","revisao_pendente"
"RS","4318622","São José dos Ausentes","bandeira","revisao_pendente"
"RS","4318705","São Leopoldo","brasao","revisao_pendente"
"RS","4318705","São Leopoldo","bandeira","revisao_pendente"
"RS","4318804","São Lourenço do Sul","brasao","revisao_pendente"
"RS","4318804","São Lourenço do Sul","bandeira","rejeitado"
"RS","4318903","São Luiz Gonzaga","brasao","revisao_pendente"
"RS","4318903","São Luiz Gonzaga","bandeira","revisao_pendente"
"RS","4319000","São Marcos","brasao","revisao_pendente"
"RS","4319000","São Marcos","bandeira","revisao_pendente"
"RS","4319109","São Martinho","brasao","revisao_pendente"
"RS","4319109","São Martinho","bandeira","revisao_pendente"
"RS","4319125","São Martinho da Serra","brasao","revisao_pendente"
"RS","4319125","São Martinho da Serra","bandeira","revisao_pendente"
"RS","4319158","São Miguel das Missões","brasao","revisao_pendente"
"RS","4319158","São Miguel das Missões","bandeira","revisao_pendente"
"RS","4319208","São Nicolau","brasao","revisao_pendente"
"RS","4319208","São Nicolau","bandeira","revisao_pendente"
"RS","4319307","São Paulo das Missões","brasao","nao_encontrado"
"RS","4319307","São Paulo das Missões","bandeira","revisao_pendente"
"RS","4319356","São Pedro da Serra","brasao","revisao_pendente"
"RS","4319356","São Pedro da Serra","bandeira","revisao_pendente"
"RS","4319364","São Pedro das Missões","brasao","revisao_pendente"
"RS","4319364","São Pedro das Missões","bandeira","revisao_pendente"
"RS","4319372","São Pedro do Butiá","brasao","revisao_pendente"
"RS","4319372","São Pedro do Butiá","bandeira","revisao_pendente"
"RS","4319406","São Pedro do Sul","brasao","revisao_pendente"
"RS","4319406","São Pedro do Sul","bandeira","revisao_pendente"
"RS","4319505","São Sebastião do Caí","brasao","revisao_pendente"
"RS","4319505","São Sebastião do Caí","bandeira","revisao_pendente"
"RS","4319604","São Sepé","brasao","revisao_pendente"
"RS","4319604","São Sepé","bandeira","revisao_pendente"
"RS","4319703","São Valentim","brasao","revisao_pendente"
"RS","4319703","São Valentim","bandeira","revisao_pendente"
"RS","4319711","São Valentim do Sul","brasao","revisao_pendente"
"RS","4319711","São Valentim do Sul","bandeira","revisao_pendente"
"RS","4319737","São Valério do Sul","brasao","revisao_pendente"
"RS","4319737","São Valério do Sul","bandeira","revisao_pendente"
"RS","4319752","São Vendelino","brasao","revisao_pendente"
"RS","4319752","São Vendelino","bandeira","revisao_pendente"
"RS","4319802","São Vicente do Sul","brasao","revisao_pendente"
"RS","4319802","São Vicente do Sul","bandeira","revisao_pendente"
"RS","4319901","Sapiranga","brasao","revisao_pendente"
"RS","4319901","Sapiranga","bandeira","revisao_pendente"
"RS","4320008","Sapucaia do Sul","brasao","revisao_pendente"
"RS","4320008","Sapucaia do Sul","bandeira","revisao_pendente"
"RS","4320107","Sarandi","brasao","revisao_pendente"
"RS","4320107","Sarandi","bandeira","revisao_pendente"
"RS","4320206","Seberi","brasao","revisao_pendente"
"RS","4320206","Seberi","bandeira","revisao_pendente"
"RS","4320230","Sede Nova","brasao","revisao_pendente"
"RS","4320230","Sede Nova","bandeira","revisao_pendente"
"RS","4320263","Segredo","brasao","revisao_pendente"
"RS","4320263","Segredo","bandeira","revisao_pendente"
"RS","4320305","Selbach","brasao","revisao_pendente"
"RS","4320305","Selbach","bandeira","revisao_pendente"
"RS","4320321","Senador Salgado Filho","brasao","revisao_pendente"
"RS","4320321","Senador Salgado Filho","bandeira","revisao_pendente"
"RS","4320354","Sentinela do Sul","brasao","nao_encontrado"
"RS","4320354","Sentinela do Sul","bandeira","revisao_pendente"
"RS","4320404","Serafina Corrêa","brasao","revisao_pendente"
"RS","4320404","Serafina Corrêa","bandeira","revisao_pendente"
"RS","4320453","Sério","brasao","revisao_pendente"
"RS","4320453","Sério","bandeira","revisao_pendente"
"RS","4320503","Sertão","brasao","revisao_pendente"
"RS","4320503","Sertão","bandeira","revisao_pendente"
"RS","4320552","Sertão Santana","brasao","revisao_pendente"
"RS","4320552","Sertão Santana","bandeira","revisao_pendente"
"RS","4320578","Sete de Setembro","brasao","revisao_pendente"
"RS","4320578","Sete de Setembro","bandeira","revisao_pendente"
"RS","4320602","Severiano de Almeida","brasao","revisao_pendente"
"RS","4320602","Severiano de Almeida","bandeira","revisao_pendente"
"RS","4320651","Silveira Martins","brasao","revisao_pendente"
"RS","4320651","Silveira Martins","bandeira","revisao_pendente"
"RS","4320677","Sinimbu","brasao","revisao_pendente"
"RS","4320677","Sinimbu","bandeira","revisao_pendente"
"RS","4320701","Sobradinho","brasao","revisao_pendente"
"RS","4320701","Sobradinho","bandeira","revisao_pendente"
"RS","4320800","Soledade","brasao","revisao_pendente"
"RS","4320800","Soledade","bandeira","revisao_pendente"
"RS","4320859","Tabaí","brasao","revisao_pendente"
"RS","4320859","Tabaí","bandeira","revisao_pendente"
"RS","4320909","Tapejara","brasao","revisao_pendente"
"RS","4320909","Tapejara","bandeira","revisao_pendente"
"RS","4321006","Tapera","brasao","revisao_pendente"
"RS","4321006","Tapera","bandeira","revisao_pendente"
"RS","4321105","Tapes","brasao","licenca_pendente"
"RS","4321105","Tapes","bandeira","licenca_pendente"
"RS","4321204","Taquara","brasao","revisao_pendente"
"RS","4321204","Taquara","bandeira","revisao_pendente"
"RS","4321303","Taquari","brasao","revisao_pendente"
"RS","4321303","Taquari","bandeira","revisao_pendente"
"RS","4321329","Taquaruçu do Sul","brasao","revisao_pendente"
"RS","4321329","Taquaruçu do Sul","bandeira","revisao_pendente"
"RS","4321352","Tavares","brasao","revisao_pendente"
"RS","4321352","Tavares","bandeira","revisao_pendente"
"RS","4321402","Tenente Portela","brasao","revisao_pendente"
"RS","4321402","Tenente Portela","bandeira","revisao_pendente"
"RS","4321436","Terra de Areia","brasao","revisao_pendente"
"RS","4321436","Terra de Areia","bandeira","revisao_pendente"
"RS","4321451","Teutônia","brasao","revisao_pendente"
"RS","4321451","Teutônia","bandeira","revisao_pendente"
"RS","4321469","Tio Hugo","brasao","revisao_pendente"
"RS","4321469","Tio Hugo","bandeira","revisao_pendente"
"RS","4321477","Tiradentes do Sul","brasao","revisao_pendente"
"RS","4321477","Tiradentes do Sul","bandeira","revisao_pendente"
"RS","4321493","Toropi","brasao","revisao_pendente"
"RS","4321493","Toropi","bandeira","revisao_pendente"
"RS","4321501","Torres","brasao","revisao_pendente"
"RS","4321501","Torres","bandeira","revisao_pendente"
"RS","4321600","Tramandaí","brasao","revisao_pendente"
"RS","4321600","Tramandaí","bandeira","revisao_pendente"
"RS","4321626","Travesseiro","brasao","revisao_pendente"
"RS","4321626","Travesseiro","bandeira","revisao_pendente"
"RS","4321634","Três Arroios","brasao","nao_encontrado"
"RS","4321634","Três Arroios","bandeira","revisao_pendente"
"RS","4321667","Três Cachoeiras","brasao","revisao_pendente"
"RS","4321667","Três Cachoeiras","bandeira","revisao_pendente"
"RS","4321709","Três Coroas","brasao","revisao_pendente"
"RS","4321709","Três Coroas","bandeira","revisao_pendente"
"RS","4321808","Três de Maio","brasao","revisao_pendente"
"RS","4321808","Três de Maio","bandeira","revisao_pendente"
"RS","4321832","Três Forquilhas","brasao","revisao_pendente"
"RS","4321832","Três Forquilhas","bandeira","revisao_pendente"
"RS","4321857","Três Palmeiras","brasao","revisao_pendente"
"RS","4321857","Três Palmeiras","bandeira","revisao_pendente"
"RS","4321907","Três Passos","brasao","revisao_pendente"
"RS","4321907","Três Passos","bandeira","revisao_pendente"
"RS","4321956","Trindade do Sul","brasao","revisao_pendente"
"RS","4321956","Trindade do Sul","bandeira","revisao_pendente"
"RS","4322004","Triunfo","brasao","revisao_pendente"
"RS","4322004","Triunfo","bandeira","revisao_pendente"
"RS","4322103","Tucunduva","brasao","revisao_pendente"
"RS","4322103","Tucunduva","bandeira","revisao_pendente"
"RS","4322152","Tunas","brasao","revisao_pendente"
"RS","4322152","Tunas","bandeira","revisao_pendente"
"RS","4322186","Tupanci do Sul","brasao","revisao_pendente"
"RS","4322186","Tupanci do Sul","bandeira","revisao_pendente"
"RS","4322202","Tupanciretã","brasao","revisao_pendente"
"RS","4322202","Tupanciretã","bandeira","revisao_pendente"
"RS","4322251","Tupandi","brasao","revisao_pendente"
"RS","4322251","Tupandi","bandeira","revisao_pendente"
"RS","4322301","Tuparendi","brasao","revisao_pendente"
"RS","4322301","Tuparendi","bandeira","revisao_pendente"
"RS","4322327","Turuçu","brasao","revisao_pendente"
"RS","4322327","Turuçu","bandeira","revisao_pendente"
"RS","4322343","Ubiretama","brasao","revisao_pendente"
"RS","4322343","Ubiretama","bandeira","revisao_pendente"
"RS","4322350","União da Serra","brasao","revisao_pendente"
"RS","4322350","União da Serra","bandeira","revisao_pendente"
"RS","4322376","Unistalda","brasao","revisao_pendente"
"RS","4322376","Unistalda","bandeira","revisao_pendente"
"RS","4322400","Uruguaiana","brasao","revisao_pendente"
"RS","4322400","Uruguaiana","bandeira","revisao_pendente"
"RS","4322509","Vacaria","brasao","revisao_pendente"
"RS","4322509","Vacaria","bandeira","revisao_pendente"
"RS","4322525","Vale Verde","brasao","nao_encontrado"
"RS","4322525","Vale Verde","bandeira","revisao_pendente"
"RS","4322533","Vale do Sol","brasao","revisao_pendente"
"RS","4322533","Vale do Sol","bandeira","revisao_pendente"
"RS","4322541","Vale Real","brasao","revisao_pendente"
"RS","4322541","Vale Real","bandeira","revisao_pendente"
"RS","4322558","Vanini","brasao","revisao_pendente"
"RS","4322558","Vanini","bandeira","nao_encontrado"
"RS","4322608","Venâncio Aires","brasao","revisao_pendente"
"RS","4322608","Venâncio Aires","bandeira","revisao_pendente"
"RS","4322707","Vera Cruz","brasao","licenca_pendente"
"RS","4322707","Vera Cruz","bandeira","revisao_pendente"
"RS","4322806","Veranópolis","brasao","revisao_pendente"
"RS","4322806","Veranópolis","bandeira","revisao_pendente"
"RS","4322855","Vespasiano Corrêa","brasao","revisao_pendente"
"RS","4322855","Vespasiano Corrêa","bandeira","revisao_pendente"
"RS","4322905","Viadutos","brasao","revisao_pendente"
"RS","4322905","Viadutos","bandeira","revisao_pendente"
"RS","4323002","Viamão","brasao","revisao_pendente"
"RS","4323002","Viamão","bandeira","revisao_pendente"
"RS","4323101","Vicente Dutra","brasao","revisao_pendente"
"RS","4323101","Vicente Dutra","bandeira","nao_encontrado"
"RS","4323200","Victor Graeff","brasao","revisao_pendente"
"RS","4323200","Victor Graeff","bandeira","revisao_pendente"
"RS","4323309","Vila Flores","brasao","revisao_pendente"
"RS","4323309","Vila Flores","bandeira","revisao_pendente"
"RS","4323358","Vila Lângaro","brasao","revisao_pendente"
"RS","4323358","Vila Lângaro","bandeira","revisao_pendente"
"RS","4323408","Vila Maria","brasao","revisao_pendente"
"RS","4323408","Vila Maria","bandeira","revisao_pendente"
"RS","4323457","Vila Nova do Sul","brasao","revisao_pendente"
"RS","4323457","Vila Nova do Sul","bandeira","revisao_pendente"
"RS","4323507","Vista Alegre","brasao","nao_encontrado"
"RS","4323507","Vista Alegre","bandeira","revisao_pendente"
"RS","4323606","Vista Alegre do Prata","brasao","revisao_pendente"
"RS","4323606","Vista Alegre do Prata","bandeira","revisao_pendente"
"RS","4323705","Vista Gaúcha","brasao","revisao_pendente"
"RS","4323705","Vista Gaúcha","bandeira","revisao_pendente"
"RS","4323754","Vitória das Missões","brasao","revisao_pendente"
"RS","4323754","Vitória das Missões","bandeira","revisao_pendente"
"RS","4323770","Westfália","brasao","revisao_pendente"
"RS","4323770","Westfália","bandeira","revisao_pendente"
"RS","4323804","Xangri-lá","brasao","revisao_pendente"
"RS","4323804","Xangri-lá","bandeira","revisao_pendente"
"MS","5000203","Água Clara","brasao","revisao_pendente"
"MS","5000203","Água Clara","bandeira","revisao_pendente"
"MS","5000252","Alcinópolis","brasao","revisao_pendente"
"MS","5000252","Alcinópolis","bandeira","revisao_pendente"
"MS","5000609","Amambai","brasao","nao_encontrado"
"MS","5000609","Amambai","bandeira","revisao_pendente"
"MS","5000708","Anastácio","brasao","nao_encontrado"
"MS","5000708","Anastácio","bandeira","revisao_pendente"
"MS","5000807","Anaurilândia","brasao","nao_encontrado"
"MS","5000807","Anaurilândia","bandeira","revisao_pendente"
"MS","5000856","Angélica","brasao","nao_encontrado"
"MS","5000856","Angélica","bandeira","revisao_pendente"
"MS","5000906","Antônio João","brasao","nao_encontrado"
"MS","5000906","Antônio João","bandeira","revisao_pendente"
"MS","5001003","Aparecida do Taboado","brasao","revisao_pendente"
"MS","5001003","Aparecida do Taboado","bandeira","revisao_pendente"
"MS","5001102","Aquidauana","brasao","revisao_pendente"
"MS","5001102","Aquidauana","bandeira","revisao_pendente"
"MS","5001243","Aral Moreira","brasao","revisao_pendente"
"MS","5001243","Aral Moreira","bandeira","revisao_pendente"
"MS","5001508","Bandeirantes","brasao","revisao_pendente"
"MS","5001508","Bandeirantes","bandeira","revisao_pendente"
"MS","5001904","Bataguassu","brasao","revisao_pendente"
"MS","5001904","Bataguassu","bandeira","revisao_pendente"
"MS","5002001","Batayporã","brasao","revisao_pendente"
"MS","5002001","Batayporã","bandeira","revisao_pendente"
"MS","5002100","Bela Vista","brasao","nao_encontrado"
"MS","5002100","Bela Vista","bandeira","revisao_pendente"
"MS","5002159","Bodoquena","brasao","revisao_pendente"
"MS","5002159","Bodoquena","bandeira","revisao_pendente"
"MS","5002209","Bonito","brasao","revisao_pendente"
"MS","5002209","Bonito","bandeira","revisao_pendente"
"MS","5002308","Brasilândia","brasao","nao_encontrado"
"MS","5002308","Brasilândia","bandeira","revisao_pendente"
"MS","5002407","Caarapó","brasao","revisao_pendente"
"MS","5002407","Caarapó","bandeira","revisao_pendente"
"MS","5002605","Camapuã","brasao","revisao_pendente"
"MS","5002605","Camapuã","bandeira","revisao_pendente"
"MS","5002704","Campo Grande","brasao","revisao_pendente"
"MS","5002704","Campo Grande","bandeira","revisao_pendente"
"MS","5002803","Caracol","brasao","nao_encontrado"
"MS","5002803","Caracol","bandeira","revisao_pendente"
"MS","5002902","Cassilândia","brasao","nao_encontrado"
"MS","5002902","Cassilândia","bandeira","revisao_pendente"
"MS","5002951","Chapadão do Sul","brasao","revisao_pendente"
"MS","5002951","Chapadão do Sul","bandeira","revisao_pendente"
"MS","5003108","Corguinho","brasao","nao_encontrado"
"MS","5003108","Corguinho","bandeira","revisao_pendente"
"MS","5003157","Coronel Sapucaia","brasao","nao_encontrado"
"MS","5003157","Coronel Sapucaia","bandeira","revisao_pendente"
"MS","5003207","Corumbá","brasao","revisao_pendente"
"MS","5003207","Corumbá","bandeira","revisao_pendente"
"MS","5003256","Costa Rica","brasao","revisao_pendente"
"MS","5003256","Costa Rica","bandeira","revisao_pendente"
"MS","5003306","Coxim","brasao","revisao_pendente"
"MS","5003306","Coxim","bandeira","revisao_pendente"
"MS","5003454","Deodápolis","brasao","revisao_pendente"
"MS","5003454","Deodápolis","bandeira","revisao_pendente"
"MS","5003488","Dois Irmãos do Buriti","brasao","revisao_pendente"
"MS","5003488","Dois Irmãos do Buriti","bandeira","revisao_pendente"
"MS","5003504","Douradina","brasao","nao_encontrado"
"MS","5003504","Douradina","bandeira","revisao_pendente"
"MS","5003702","Dourados","brasao","rejeitado"
"MS","5003702","Dourados","bandeira","revisao_pendente"
"MS","5003751","Eldorado","brasao","nao_encontrado"
"MS","5003751","Eldorado","bandeira","revisao_pendente"
"MS","5003801","Fátima do Sul","brasao","revisao_pendente"
"MS","5003801","Fátima do Sul","bandeira","revisao_pendente"
"MS","5003900","Figueirão","brasao","nao_encontrado"
"MS","5003900","Figueirão","bandeira","revisao_pendente"
"MS","5004007","Glória de Dourados","brasao","revisao_pendente"
"MS","5004007","Glória de Dourados","bandeira","revisao_pendente"
"MS","5004106","Guia Lopes da Laguna","brasao","revisao_pendente"
"MS","5004106","Guia Lopes da Laguna","bandeira","revisao_pendente"
"MS","5004304","Iguatemi","brasao","revisao_pendente"
"MS","5004304","Iguatemi","bandeira","revisao_pendente"
"MS","5004403","Inocência","brasao","revisao_pendente"
"MS","5004403","Inocência","bandeira","revisao_pendente"
"MS","5004502","Itaporã","brasao","revisao_pendente"
"MS","5004502","Itaporã","bandeira","revisao_pendente"
"MS","5004601","Itaquiraí","brasao","nao_encontrado"
"MS","5004601","Itaquiraí","bandeira","revisao_pendente"
"MS","5004700","Ivinhema","brasao","nao_encontrado"
"MS","5004700","Ivinhema","bandeira","revisao_pendente"
"MS","5004809","Japorã","brasao","revisao_pendente"
"MS","5004809","Japorã","bandeira","revisao_pendente"
"MS","5004908","Jaraguari","brasao","nao_encontrado"
"MS","5004908","Jaraguari","bandeira","revisao_pendente"
"MS","5005004","Jardim","brasao","revisao_pendente"
"MS","5005004","Jardim","bandeira","revisao_pendente"
"MS","5005103","Jateí","brasao","revisao_pendente"
"MS","5005103","Jateí","bandeira","revisao_pendente"
"MS","5005152","Juti","brasao","nao_encontrado"
"MS","5005152","Juti","bandeira","revisao_pendente"
"MS","5005202","Ladário","brasao","revisao_pendente"
"MS","5005202","Ladário","bandeira","revisao_pendente"
"MS","5005251","Laguna Carapã","brasao","nao_encontrado"
"MS","5005251","Laguna Carapã","bandeira","revisao_pendente"
"MS","5005400","Maracaju","brasao","nao_encontrado"
"MS","5005400","Maracaju","bandeira","revisao_pendente"
"MS","5005608","Miranda","brasao","revisao_pendente"
"MS","5005608","Miranda","bandeira","revisao_pendente"
"MS","5005681","Mundo Novo","brasao","revisao_pendente"
"MS","5005681","Mundo Novo","bandeira","revisao_pendente"
"MS","5005707","Naviraí","brasao","revisao_pendente"
"MS","5005707","Naviraí","bandeira","revisao_pendente"
"MS","5005806","Nioaque","brasao","rejeitado"
"MS","5005806","Nioaque","bandeira","revisao_pendente"
"MS","5006002","Nova Alvorada do Sul","brasao","nao_encontrado"
"MS","5006002","Nova Alvorada do Sul","bandeira","revisao_pendente"
"MS","5006200","Nova Andradina","brasao","revisao_pendente"
"MS","5006200","Nova Andradina","bandeira","revisao_pendente"
"MS","5006259","Novo Horizonte do Sul","brasao","revisao_pendente"
"MS","5006259","Novo Horizonte do Sul","bandeira","revisao_pendente"
"MS","5006275","Paraíso das Águas","brasao","nao_encontrado"
"MS","5006275","Paraíso das Águas","bandeira","revisao_pendente"
"MS","5006309","Paranaíba","brasao","revisao_pendente"
"MS","5006309","Paranaíba","bandeira","revisao_pendente"
"MS","5006358","Paranhos","brasao","nao_encontrado"
"MS","5006358","Paranhos","bandeira","revisao_pendente"
"MS","5006408","Pedro Gomes","brasao","revisao_pendente"
"MS","5006408","Pedro Gomes","bandeira","revisao_pendente"
"MS","5006606","Ponta Porã","brasao","revisao_pendente"
"MS","5006606","Ponta Porã","bandeira","revisao_pendente"
"MS","5006903","Porto Murtinho","brasao","nao_encontrado"
"MS","5006903","Porto Murtinho","bandeira","revisao_pendente"
"MS","5007109","Ribas do Rio Pardo","brasao","revisao_pendente"
"MS","5007109","Ribas do Rio Pardo","bandeira","revisao_pendente"
"MS","5007208","Rio Brilhante","brasao","nao_encontrado"
"MS","5007208","Rio Brilhante","bandeira","revisao_pendente"
"MS","5007307","Rio Negro","brasao","revisao_pendente"
"MS","5007307","Rio Negro","bandeira","revisao_pendente"
"MS","5007406","Rio Verde de Mato Grosso","brasao","revisao_pendente"
"MS","5007406","Rio Verde de Mato Grosso","bandeira","revisao_pendente"
"MS","5007505","Rochedo","brasao","nao_encontrado"
"MS","5007505","Rochedo","bandeira","revisao_pendente"
"MS","5007554","Santa Rita do Pardo","brasao","nao_encontrado"
"MS","5007554","Santa Rita do Pardo","bandeira","revisao_pendente"
"MS","5007695","São Gabriel do Oeste","brasao","revisao_pendente"
"MS","5007695","São Gabriel do Oeste","bandeira","revisao_pendente"
"MS","5007703","Sete Quedas","brasao","revisao_pendente"
"MS","5007703","Sete Quedas","bandeira","revisao_pendente"
"MS","5007802","Selvíria","brasao","revisao_pendente"
"MS","5007802","Selvíria","bandeira","revisao_pendente"
"MS","5007901","Sidrolândia","brasao","revisao_pendente"
"MS","5007901","Sidrolândia","bandeira","revisao_pendente"
"MS","5007935","Sonora","brasao","revisao_pendente"
"MS","5007935","Sonora","bandeira","revisao_pendente"
"MS","5007950","Tacuru","brasao","nao_encontrado"
"MS","5007950","Tacuru","bandeira","revisao_pendente"
"MS","5007976","Taquarussu","brasao","nao_encontrado"
"MS","5007976","Taquarussu","bandeira","revisao_pendente"
"MS","5008008","Terenos","brasao","revisao_pendente"
"MS","5008008","Terenos","bandeira","revisao_pendente"
"MS","5008305","Três Lagoas","brasao","revisao_pendente"
"MS","5008305","Três Lagoas","bandeira","revisao_pendente"
"MS","5008404","Vicentina","brasao","revisao_pendente"
"MS","5008404","Vicentina","bandeira","revisao_pendente"
"MT","5100102","Acorizal","brasao","revisao_pendente"
"MT","5100102","Acorizal","bandeira","revisao_pendente"
"MT","5100201","Água Boa","brasao","revisao_pendente"
"MT","5100201","Água Boa","bandeira","revisao_pendente"
"MT","5100250","Alta Floresta","brasao","revisao_pendente"
"MT","5100250","Alta Floresta","bandeira","revisao_pendente"
"MT","5100300","Alto Araguaia","brasao","revisao_pendente"
"MT","5100300","Alto Araguaia","bandeira","revisao_pendente"
"MT","5100359","Alto Boa Vista","brasao","revisao_pendente"
"MT","5100359","Alto Boa Vista","bandeira","revisao_pendente"
"MT","5100409","Alto Garças","brasao","revisao_pendente"
"MT","5100409","Alto Garças","bandeira","revisao_pendente"
"MT","5100508","Alto Paraguai","brasao","revisao_pendente"
"MT","5100508","Alto Paraguai","bandeira","revisao_pendente"
"MT","5100607","Alto Taquari","brasao","revisao_pendente"
"MT","5100607","Alto Taquari","bandeira","revisao_pendente"
"MT","5100805","Apiacás","brasao","revisao_pendente"
"MT","5100805","Apiacás","bandeira","revisao_pendente"
"MT","5101001","Araguaiana","brasao","revisao_pendente"
"MT","5101001","Araguaiana","bandeira","revisao_pendente"
"MT","5101209","Araguainha","brasao","revisao_pendente"
"MT","5101209","Araguainha","bandeira","revisao_pendente"
"MT","5101258","Araputanga","brasao","revisao_pendente"
"MT","5101258","Araputanga","bandeira","revisao_pendente"
"MT","5101308","Arenápolis","brasao","revisao_pendente"
"MT","5101308","Arenápolis","bandeira","revisao_pendente"
"MT","5101407","Aripuanã","brasao","revisao_pendente"
"MT","5101407","Aripuanã","bandeira","revisao_pendente"
"MT","5101605","Barão de Melgaço","brasao","revisao_pendente"
"MT","5101605","Barão de Melgaço","bandeira","revisao_pendente"
"MT","5101704","Barra do Bugres","brasao","revisao_pendente"
"MT","5101704","Barra do Bugres","bandeira","revisao_pendente"
"MT","5101803","Barra do Garças","brasao","revisao_pendente"
"MT","5101803","Barra do Garças","bandeira","revisao_pendente"
"MT","5101837","Boa Esperança do Norte","brasao","revisao_pendente"
"MT","5101837","Boa Esperança do Norte","bandeira","revisao_pendente"
"MT","5101852","Bom Jesus do Araguaia","brasao","revisao_pendente"
"MT","5101852","Bom Jesus do Araguaia","bandeira","revisao_pendente"
"MT","5101902","Brasnorte","brasao","revisao_pendente"
"MT","5101902","Brasnorte","bandeira","revisao_pendente"
"MT","5102504","Cáceres","brasao","revisao_pendente"
"MT","5102504","Cáceres","bandeira","revisao_pendente"
"MT","5102603","Campinápolis","brasao","revisao_pendente"
"MT","5102603","Campinápolis","bandeira","revisao_pendente"
"MT","5102637","Campo Novo do Parecis","brasao","revisao_pendente"
"MT","5102637","Campo Novo do Parecis","bandeira","revisao_pendente"
"MT","5102678","Campo Verde","brasao","revisao_pendente"
"MT","5102678","Campo Verde","bandeira","revisao_pendente"
"MT","5102686","Campos de Júlio","brasao","revisao_pendente"
"MT","5102686","Campos de Júlio","bandeira","revisao_pendente"
"MT","5102694","Canabrava do Norte","brasao","revisao_pendente"
"MT","5102694","Canabrava do Norte","bandeira","revisao_pendente"
"MT","5102702","Canarana","brasao","revisao_pendente"
"MT","5102702","Canarana","bandeira","revisao_pendente"
"MT","5102793","Carlinda","brasao","revisao_pendente"
"MT","5102793","Carlinda","bandeira","revisao_pendente"
"MT","5102850","Castanheira","brasao","nao_encontrado"
"MT","5102850","Castanheira","bandeira","nao_encontrado"
"MT","5103007","Chapada dos Guimarães","brasao","revisao_pendente"
"MT","5103007","Chapada dos Guimarães","bandeira","revisao_pendente"
"MT","5103056","Cláudia","brasao","nao_encontrado"
"MT","5103056","Cláudia","bandeira","nao_encontrado"
"MT","5103106","Cocalinho","brasao","nao_encontrado"
"MT","5103106","Cocalinho","bandeira","nao_encontrado"
"MT","5103205","Colíder","brasao","revisao_pendente"
"MT","5103205","Colíder","bandeira","revisao_pendente"
"MT","5103254","Colniza","brasao","revisao_pendente"
"MT","5103254","Colniza","bandeira","revisao_pendente"
"MT","5103304","Comodoro","brasao","revisao_pendente"
"MT","5103304","Comodoro","bandeira","revisao_pendente"
"MT","5103353","Confresa","brasao","revisao_pendente"
"MT","5103353","Confresa","bandeira","revisao_pendente"
"MT","5103361","Conquista D'Oeste","brasao","revisao_pendente"
"MT","5103361","Conquista D'Oeste","bandeira","revisao_pendente"
"MT","5103379","Cotriguaçu","brasao","revisao_pendente"
"MT","5103379","Cotriguaçu","bandeira","revisao_pendente"
"MT","5103403","Cuiabá","brasao","revisao_pendente"
"MT","5103403","Cuiabá","bandeira","revisao_pendente"
"MT","5103437","Curvelândia","brasao","nao_encontrado"
"MT","5103437","Curvelândia","bandeira","nao_encontrado"
"MT","5103452","Denise","brasao","revisao_pendente"
"MT","5103452","Denise","bandeira","revisao_pendente"
"MT","5103502","Diamantino","brasao","revisao_pendente"
"MT","5103502","Diamantino","bandeira","revisao_pendente"
"MT","5103601","Dom Aquino","brasao","revisao_pendente"
"MT","5103601","Dom Aquino","bandeira","revisao_pendente"
"MT","5103700","Feliz Natal","brasao","revisao_pendente"
"MT","5103700","Feliz Natal","bandeira","revisao_pendente"
"MT","5103809","Figueirópolis D'Oeste","brasao","revisao_pendente"
"MT","5103809","Figueirópolis D'Oeste","bandeira","revisao_pendente"
"MT","5103858","Gaúcha do Norte","brasao","nao_encontrado"
"MT","5103858","Gaúcha do Norte","bandeira","nao_encontrado"
"MT","5103908","General Carneiro","brasao","nao_encontrado"
"MT","5103908","General Carneiro","bandeira","nao_encontrado"
"MT","5103957","Glória D'Oeste","brasao","nao_encontrado"
"MT","5103957","Glória D'Oeste","bandeira","revisao_pendente"
"MT","5104104","Guarantã do Norte","brasao","revisao_pendente"
"MT","5104104","Guarantã do Norte","bandeira","revisao_pendente"
"MT","5104203","Guiratinga","brasao","nao_encontrado"
"MT","5104203","Guiratinga","bandeira","revisao_pendente"
"MT","5104500","Indiavaí","brasao","nao_encontrado"
"MT","5104500","Indiavaí","bandeira","nao_encontrado"
"MT","5104526","Ipiranga do Norte","brasao","revisao_pendente"
"MT","5104526","Ipiranga do Norte","bandeira","nao_encontrado"
"MT","5104542","Itanhangá","brasao","nao_encontrado"
"MT","5104542","Itanhangá","bandeira","nao_encontrado"
"MT","5104559","Itaúba","brasao","nao_encontrado"
"MT","5104559","Itaúba","bandeira","nao_encontrado"
"MT","5104609","Itiquira","brasao","revisao_pendente"
"MT","5104609","Itiquira","bandeira","revisao_pendente"
"MT","5104807","Jaciara","brasao","revisao_pendente"
"MT","5104807","Jaciara","bandeira","revisao_pendente"
"MT","5104906","Jangada","brasao","nao_encontrado"
"MT","5104906","Jangada","bandeira","nao_encontrado"
"MT","5105002","Jauru","brasao","revisao_pendente"
"MT","5105002","Jauru","bandeira","revisao_pendente"
"MT","5105101","Juara","brasao","revisao_pendente"
"MT","5105101","Juara","bandeira","revisao_pendente"
"MT","5105150","Juína","brasao","revisao_pendente"
"MT","5105150","Juína","bandeira","revisao_pendente"
"MT","5105176","Juruena","brasao","nao_encontrado"
"MT","5105176","Juruena","bandeira","nao_encontrado"
"MT","5105200","Juscimeira","brasao","nao_encontrado"
"MT","5105200","Juscimeira","bandeira","nao_encontrado"
"MT","5105234","Lambari D'Oeste","brasao","nao_encontrado"
"MT","5105234","Lambari D'Oeste","bandeira","nao_encontrado"
"MT","5105259","Lucas do Rio Verde","brasao","revisao_pendente"
"MT","5105259","Lucas do Rio Verde","bandeira","revisao_pendente"
"MT","5105309","Luciara","brasao","revisao_pendente"
"MT","5105309","Luciara","bandeira","revisao_pendente"
"MT","5105507","Vila Bela da Santíssima Trindade","brasao","revisao_pendente"
"MT","5105507","Vila Bela da Santíssima Trindade","bandeira","revisao_pendente"
"MT","5105580","Marcelândia","brasao","revisao_pendente"
"MT","5105580","Marcelândia","bandeira","revisao_pendente"
"MT","5105606","Matupá","brasao","revisao_pendente"
"MT","5105606","Matupá","bandeira","revisao_pendente"
"MT","5105622","Mirassol d'Oeste","brasao","revisao_pendente"
"MT","5105622","Mirassol d'Oeste","bandeira","revisao_pendente"
"MT","5105903","Nobres","brasao","nao_encontrado"
"MT","5105903","Nobres","bandeira","revisao_pendente"
"MT","5106000","Nortelândia","brasao","nao_encontrado"
"MT","5106000","Nortelândia","bandeira","nao_encontrado"
"MT","5106109","Nossa Senhora do Livramento","brasao","revisao_pendente"
"MT","5106109","Nossa Senhora do Livramento","bandeira","revisao_pendente"
"MT","5106158","Nova Bandeirantes","brasao","revisao_pendente"
"MT","5106158","Nova Bandeirantes","bandeira","revisao_pendente"
"MT","5106174","Nova Nazaré","brasao","nao_encontrado"
"MT","5106174","Nova Nazaré","bandeira","nao_encontrado"
"MT","5106182","Nova Lacerda","brasao","revisao_pendente"
"MT","5106182","Nova Lacerda","bandeira","revisao_pendente"
"MT","5106190","Nova Santa Helena","brasao","nao_encontrado"
"MT","5106190","Nova Santa Helena","bandeira","nao_encontrado"
"MT","5106208","Nova Brasilândia","brasao","nao_encontrado"
"MT","5106208","Nova Brasilândia","bandeira","nao_encontrado"
"MT","5106216","Nova Canaã do Norte","brasao","revisao_pendente"
"MT","5106216","Nova Canaã do Norte","bandeira","revisao_pendente"
"MT","5106224","Nova Mutum","brasao","revisao_pendente"
"MT","5106224","Nova Mutum","bandeira","revisao_pendente"
"MT","5106232","Nova Olímpia","brasao","revisao_pendente"
"MT","5106232","Nova Olímpia","bandeira","revisao_pendente"
"MT","5106240","Nova Ubiratã","brasao","nao_encontrado"
"MT","5106240","Nova Ubiratã","bandeira","revisao_pendente"
"MT","5106257","Nova Xavantina","brasao","revisao_pendente"
"MT","5106257","Nova Xavantina","bandeira","revisao_pendente"
"MT","5106265","Novo Mundo","brasao","revisao_pendente"
"MT","5106265","Novo Mundo","bandeira","revisao_pendente"
"MT","5106273","Novo Horizonte do Norte","brasao","revisao_pendente"
"MT","5106273","Novo Horizonte do Norte","bandeira","nao_encontrado"
"MT","5106281","Novo São Joaquim","brasao","revisao_pendente"
"MT","5106281","Novo São Joaquim","bandeira","revisao_pendente"
"MT","5106299","Paranaíta","brasao","revisao_pendente"
"MT","5106299","Paranaíta","bandeira","revisao_pendente"
"MT","5106307","Paranatinga","brasao","revisao_pendente"
"MT","5106307","Paranatinga","bandeira","revisao_pendente"
"MT","5106315","Novo Santo Antônio","brasao","nao_encontrado"
"MT","5106315","Novo Santo Antônio","bandeira","nao_encontrado"
"MT","5106372","Pedra Preta","brasao","revisao_pendente"
"MT","5106372","Pedra Preta","bandeira","revisao_pendente"
"MT","5106422","Peixoto de Azevedo","brasao","revisao_pendente"
"MT","5106422","Peixoto de Azevedo","bandeira","revisao_pendente"
"MT","5106455","Planalto da Serra","brasao","nao_encontrado"
"MT","5106455","Planalto da Serra","bandeira","nao_encontrado"
"MT","5106505","Poconé","brasao","nao_encontrado"
"MT","5106505","Poconé","bandeira","revisao_pendente"
"MT","5106653","Pontal do Araguaia","brasao","nao_encontrado"
"MT","5106653","Pontal do Araguaia","bandeira","revisao_pendente"
"MT","5106703","Ponte Branca","brasao","revisao_pendente"
"MT","5106703","Ponte Branca","bandeira","revisao_pendente"
"MT","5106752","Pontes e Lacerda","brasao","revisao_pendente"
"MT","5106752","Pontes e Lacerda","bandeira","revisao_pendente"
"MT","5106778","Porto Alegre do Norte","brasao","revisao_pendente"
"MT","5106778","Porto Alegre do Norte","bandeira","revisao_pendente"
"MT","5106802","Porto dos Gaúchos","brasao","nao_encontrado"
"MT","5106802","Porto dos Gaúchos","bandeira","nao_encontrado"
"MT","5106828","Porto Esperidião","brasao","revisao_pendente"
"MT","5106828","Porto Esperidião","bandeira","revisao_pendente"
"MT","5106851","Porto Estrela","brasao","revisao_pendente"
"MT","5106851","Porto Estrela","bandeira","revisao_pendente"
"MT","5107008","Poxoréu","brasao","revisao_pendente"
"MT","5107008","Poxoréu","bandeira","revisao_pendente"
"MT","5107040","Primavera do Leste","brasao","revisao_pendente"
"MT","5107040","Primavera do Leste","bandeira","revisao_pendente"
"MT","5107065","Querência","brasao","nao_encontrado"
"MT","5107065","Querência","bandeira","nao_encontrado"
"MT","5107107","São José dos Quatro Marcos","brasao","revisao_pendente"
"MT","5107107","São José dos Quatro Marcos","bandeira","revisao_pendente"
"MT","5107156","Reserva do Cabaçal","brasao","revisao_pendente"
"MT","5107156","Reserva do Cabaçal","bandeira","revisao_pendente"
"MT","5107180","Ribeirão Cascalheira","brasao","revisao_pendente"
"MT","5107180","Ribeirão Cascalheira","bandeira","revisao_pendente"
"MT","5107198","Ribeirãozinho","brasao","nao_encontrado"
"MT","5107198","Ribeirãozinho","bandeira","revisao_pendente"
"MT","5107206","Rio Branco","brasao","nao_encontrado"
"MT","5107206","Rio Branco","bandeira","nao_encontrado"
"MT","5107248","Santa Carmem","brasao","nao_encontrado"
"MT","5107248","Santa Carmem","bandeira","revisao_pendente"
"MT","5107263","Santo Afonso","brasao","nao_encontrado"
"MT","5107263","Santo Afonso","bandeira","nao_encontrado"
"MT","5107297","São José do Povo","brasao","revisao_pendente"
"MT","5107297","São José do Povo","bandeira","revisao_pendente"
"MT","5107305","São José do Rio Claro","brasao","revisao_pendente"
"MT","5107305","São José do Rio Claro","bandeira","revisao_pendente"
"MT","5107354","São José do Xingu","brasao","nao_encontrado"
"MT","5107354","São José do Xingu","bandeira","nao_encontrado"
"MT","5107404","São Pedro da Cipa","brasao","nao_encontrado"
"MT","5107404","São Pedro da Cipa","bandeira","revisao_pendente"
"MT","5107578","Rondolândia","brasao","revisao_pendente"
"MT","5107578","Rondolândia","bandeira","revisao_pendente"
"MT","5107602","Rondonópolis","brasao","revisao_pendente"
"MT","5107602","Rondonópolis","bandeira","revisao_pendente"
"MT","5107701","Rosário Oeste","brasao","revisao_pendente"
"MT","5107701","Rosário Oeste","bandeira","revisao_pendente"
"MT","5107743","Santa Cruz do Xingu","brasao","nao_encontrado"
"MT","5107743","Santa Cruz do Xingu","bandeira","nao_encontrado"
"MT","5107750","Salto do Céu","brasao","nao_encontrado"
"MT","5107750","Salto do Céu","bandeira","nao_encontrado"
"MT","5107768","Santa Rita do Trivelato","brasao","revisao_pendente"
"MT","5107768","Santa Rita do Trivelato","bandeira","revisao_pendente"
"MT","5107776","Santa Terezinha","brasao","nao_encontrado"
"MT","5107776","Santa Terezinha","bandeira","nao_encontrado"
"MT","5107792","Santo Antônio do Leste","brasao","revisao_pendente"
"MT","5107792","Santo Antônio do Leste","bandeira","revisao_pendente"
"MT","5107800","Santo Antônio de Leverger","brasao","revisao_pendente"
"MT","5107800","Santo Antônio de Leverger","bandeira","revisao_pendente"
"MT","5107859","São Félix do Araguaia","brasao","nao_encontrado"
"MT","5107859","São Félix do Araguaia","bandeira","nao_encontrado"
"MT","5107875","Sapezal","brasao","revisao_pendente"
"MT","5107875","Sapezal","bandeira","revisao_pendente"
"MT","5107883","Serra Nova Dourada","brasao","nao_encontrado"
"MT","5107883","Serra Nova Dourada","bandeira","nao_encontrado"
"MT","5107909","Sinop","brasao","revisao_pendente"
"MT","5107909","Sinop","bandeira","revisao_pendente"
"MT","5107925","Sorriso","brasao","revisao_pendente"
"MT","5107925","Sorriso","bandeira","revisao_pendente"
"MT","5107941","Tabaporã","brasao","nao_encontrado"
"MT","5107941","Tabaporã","bandeira","nao_encontrado"
"MT","5107958","Tangará da Serra","brasao","revisao_pendente"
"MT","5107958","Tangará da Serra","bandeira","revisao_pendente"
"MT","5108006","Tapurah","brasao","revisao_pendente"
"MT","5108006","Tapurah","bandeira","revisao_pendente"
"MT","5108055","Terra Nova do Norte","brasao","nao_encontrado"
"MT","5108055","Terra Nova do Norte","bandeira","nao_encontrado"
"MT","5108105","Tesouro","brasao","revisao_pendente"
"MT","5108105","Tesouro","bandeira","nao_encontrado"
"MT","5108204","Torixoréu","brasao","nao_encontrado"
"MT","5108204","Torixoréu","bandeira","nao_encontrado"
"MT","5108303","União do Sul","brasao","nao_encontrado"
"MT","5108303","União do Sul","bandeira","nao_encontrado"
"MT","5108352","Vale de São Domingos","brasao","revisao_pendente"
"MT","5108352","Vale de São Domingos","bandeira","revisao_pendente"
"MT","5108402","Várzea Grande","brasao","revisao_pendente"
"MT","5108402","Várzea Grande","bandeira","revisao_pendente"
"MT","5108501","Vera","brasao","revisao_pendente"
"MT","5108501","Vera","bandeira","nao_encontrado"
"MT","5108600","Vila Rica","brasao","revisao_pendente"
"MT","5108600","Vila Rica","bandeira","nao_encontrado"
"MT","5108808","Nova Guarita","brasao","nao_encontrado"
"MT","5108808","Nova Guarita","bandeira","nao_encontrado"
"MT","5108857","Nova Marilândia","brasao","nao_encontrado"
"MT","5108857","Nova Marilândia","bandeira","nao_encontrado"
"MT","5108907","Nova Maringá","brasao","nao_encontrado"
"MT","5108907","Nova Maringá","bandeira","nao_encontrado"
"MT","5108956","Nova Monte Verde","brasao","revisao_pendente"
"MT","5108956","Nova Monte Verde","bandeira","revisao_pendente"
"GO","5200050","Abadia de Goiás","brasao","revisao_pendente"
"GO","5200050","Abadia de Goiás","bandeira","revisao_pendente"
"GO","5200100","Abadiânia","brasao","revisao_pendente"
"GO","5200100","Abadiânia","bandeira","revisao_pendente"
"GO","5200134","Acreúna","brasao","revisao_pendente"
"GO","5200134","Acreúna","bandeira","revisao_pendente"
"GO","5200159","Adelândia","brasao","revisao_pendente"
"GO","5200159","Adelândia","bandeira","revisao_pendente"
"GO","5200175","Água Fria de Goiás","brasao","revisao_pendente"
"GO","5200175","Água Fria de Goiás","bandeira","revisao_pendente"
"GO","5200209","Água Limpa","brasao","revisao_pendente"
"GO","5200209","Água Limpa","bandeira","revisao_pendente"
"GO","5200258","Águas Lindas de Goiás","brasao","revisao_pendente"
"GO","5200258","Águas Lindas de Goiás","bandeira","revisao_pendente"
"GO","5200308","Alexânia","brasao","revisao_pendente"
"GO","5200308","Alexânia","bandeira","revisao_pendente"
"GO","5200506","Aloândia","brasao","nao_encontrado"
"GO","5200506","Aloândia","bandeira","revisao_pendente"
"GO","5200555","Alto Horizonte","brasao","revisao_pendente"
"GO","5200555","Alto Horizonte","bandeira","revisao_pendente"
"GO","5200605","Alto Paraíso de Goiás","brasao","revisao_pendente"
"GO","5200605","Alto Paraíso de Goiás","bandeira","revisao_pendente"
"GO","5200803","Alvorada do Norte","brasao","revisao_pendente"
"GO","5200803","Alvorada do Norte","bandeira","revisao_pendente"
"GO","5200829","Amaralina","brasao","revisao_pendente"
"GO","5200829","Amaralina","bandeira","revisao_pendente"
"GO","5200852","Americano do Brasil","brasao","revisao_pendente"
"GO","5200852","Americano do Brasil","bandeira","revisao_pendente"
"GO","5200902","Amorinópolis","brasao","nao_encontrado"
"GO","5200902","Amorinópolis","bandeira","revisao_pendente"
"GO","5201108","Anápolis","brasao","revisao_pendente"
"GO","5201108","Anápolis","bandeira","revisao_pendente"
"GO","5201207","Anhanguera","brasao","revisao_pendente"
"GO","5201207","Anhanguera","bandeira","revisao_pendente"
"GO","5201306","Anicuns","brasao","revisao_pendente"
"GO","5201306","Anicuns","bandeira","revisao_pendente"
"GO","5201405","Aparecida de Goiânia","brasao","revisao_pendente"
"GO","5201405","Aparecida de Goiânia","bandeira","revisao_pendente"
"GO","5201454","Aparecida do Rio Doce","brasao","revisao_pendente"
"GO","5201454","Aparecida do Rio Doce","bandeira","revisao_pendente"
"GO","5201504","Aporé","brasao","nao_encontrado"
"GO","5201504","Aporé","bandeira","revisao_pendente"
"GO","5201603","Araçu","brasao","revisao_pendente"
"GO","5201603","Araçu","bandeira","revisao_pendente"
"GO","5201702","Aragarças","brasao","nao_encontrado"
"GO","5201702","Aragarças","bandeira","revisao_pendente"
"GO","5201801","Aragoiânia","brasao","revisao_pendente"
"GO","5201801","Aragoiânia","bandeira","revisao_pendente"
"GO","5202155","Araguapaz","brasao","revisao_pendente"
"GO","5202155","Araguapaz","bandeira","revisao_pendente"
"GO","5202353","Arenópolis","brasao","revisao_pendente"
"GO","5202353","Arenópolis","bandeira","revisao_pendente"
"GO","5202502","Aruanã","brasao","revisao_pendente"
"GO","5202502","Aruanã","bandeira","revisao_pendente"
"GO","5202601","Aurilândia","brasao","revisao_pendente"
"GO","5202601","Aurilândia","bandeira","revisao_pendente"
"GO","5202809","Avelinópolis","brasao","revisao_pendente"
"GO","5202809","Avelinópolis","bandeira","revisao_pendente"
"GO","5203104","Baliza","brasao","revisao_pendente"
"GO","5203104","Baliza","bandeira","revisao_pendente"
"GO","5203203","Barro Alto","brasao","revisao_pendente"
"GO","5203203","Barro Alto","bandeira","revisao_pendente"
"GO","5203302","Bela Vista de Goiás","brasao","revisao_pendente"
"GO","5203302","Bela Vista de Goiás","bandeira","revisao_pendente"
"GO","5203401","Bom Jardim de Goiás","brasao","nao_encontrado"
"GO","5203401","Bom Jardim de Goiás","bandeira","revisao_pendente"
"GO","5203500","Bom Jesus de Goiás","brasao","revisao_pendente"
"GO","5203500","Bom Jesus de Goiás","bandeira","revisao_pendente"
"GO","5203559","Bonfinópolis","brasao","revisao_pendente"
"GO","5203559","Bonfinópolis","bandeira","revisao_pendente"
"GO","5203575","Bonópolis","brasao","revisao_pendente"
"GO","5203575","Bonópolis","bandeira","revisao_pendente"
"GO","5203609","Brazabrantes","brasao","revisao_pendente"
"GO","5203609","Brazabrantes","bandeira","revisao_pendente"
"GO","5203807","Britânia","brasao","revisao_pendente"
"GO","5203807","Britânia","bandeira","revisao_pendente"
"GO","5203906","Buriti Alegre","brasao","nao_encontrado"
"GO","5203906","Buriti Alegre","bandeira","revisao_pendente"
"GO","5203939","Buriti de Goiás","brasao","revisao_pendente"
"GO","5203939","Buriti de Goiás","bandeira","revisao_pendente"
"GO","5203962","Buritinópolis","brasao","revisao_pendente"
"GO","5203962","Buritinópolis","bandeira","revisao_pendente"
"GO","5204003","Cabeceiras","brasao","revisao_pendente"
"GO","5204003","Cabeceiras","bandeira","revisao_pendente"
"GO","5204102","Cachoeira Alta","brasao","nao_encontrado"
"GO","5204102","Cachoeira Alta","bandeira","revisao_pendente"
"GO","5204201","Cachoeira de Goiás","brasao","revisao_pendente"
"GO","5204201","Cachoeira de Goiás","bandeira","revisao_pendente"
"GO","5204250","Cachoeira Dourada","brasao","nao_encontrado"
"GO","5204250","Cachoeira Dourada","bandeira","revisao_pendente"
"GO","5204300","Caçu","brasao","nao_encontrado"
"GO","5204300","Caçu","bandeira","revisao_pendente"
"GO","5204409","Caiapônia","brasao","revisao_pendente"
"GO","5204409","Caiapônia","bandeira","revisao_pendente"
"GO","5204508","Caldas Novas","brasao","revisao_pendente"
"GO","5204508","Caldas Novas","bandeira","revisao_pendente"
"GO","5204557","Caldazinha","brasao","revisao_pendente"
"GO","5204557","Caldazinha","bandeira","revisao_pendente"
"GO","5204607","Campestre de Goiás","brasao","revisao_pendente"
"GO","5204607","Campestre de Goiás","bandeira","revisao_pendente"
"GO","5204656","Campinaçu","brasao","revisao_pendente"
"GO","5204656","Campinaçu","bandeira","revisao_pendente"
"GO","5204706","Campinorte","brasao","revisao_pendente"
"GO","5204706","Campinorte","bandeira","revisao_pendente"
"GO","5204805","Campo Alegre de Goiás","brasao","revisao_pendente"
"GO","5204805","Campo Alegre de Goiás","bandeira","revisao_pendente"
"GO","5204854","Campo Limpo de Goiás","brasao","nao_encontrado"
"GO","5204854","Campo Limpo de Goiás","bandeira","revisao_pendente"
"GO","5204904","Campos Belos","brasao","revisao_pendente"
"GO","5204904","Campos Belos","bandeira","revisao_pendente"
"GO","5204953","Campos Verdes","brasao","revisao_pendente"
"GO","5204953","Campos Verdes","bandeira","revisao_pendente"
"GO","5205000","Carmo do Rio Verde","brasao","revisao_pendente"
"GO","5205000","Carmo do Rio Verde","bandeira","revisao_pendente"
"GO","5205059","Castelândia","brasao","revisao_pendente"
"GO","5205059","Castelândia","bandeira","revisao_pendente"
"GO","5205109","Catalão","brasao","revisao_pendente"
"GO","5205109","Catalão","bandeira","revisao_pendente"
"GO","5205208","Caturaí","brasao","revisao_pendente"
"GO","5205208","Caturaí","bandeira","revisao_pendente"
"GO","5205307","Cavalcante","brasao","revisao_pendente"
"GO","5205307","Cavalcante","bandeira","revisao_pendente"
"GO","5205406","Ceres","brasao","nao_encontrado"
"GO","5205406","Ceres","bandeira","revisao_pendente"
"GO","5205455","Cezarina","brasao","revisao_pendente"
"GO","5205455","Cezarina","bandeira","revisao_pendente"
"GO","5205471","Chapadão do Céu","brasao","nao_encontrado"
"GO","5205471","Chapadão do Céu","bandeira","revisao_pendente"
"GO","5205497","Cidade Ocidental","brasao","revisao_pendente"
"GO","5205497","Cidade Ocidental","bandeira","revisao_pendente"
"GO","5205513","Cocalzinho de Goiás","brasao","revisao_pendente"
"GO","5205513","Cocalzinho de Goiás","bandeira","revisao_pendente"
"GO","5205521","Colinas do Sul","brasao","revisao_pendente"
"GO","5205521","Colinas do Sul","bandeira","revisao_pendente"
"GO","5205703","Córrego do Ouro","brasao","revisao_pendente"
"GO","5205703","Córrego do Ouro","bandeira","revisao_pendente"
"GO","5205802","Corumbá de Goiás","brasao","revisao_pendente"
"GO","5205802","Corumbá de Goiás","bandeira","revisao_pendente"
"GO","5205901","Corumbaíba","brasao","revisao_pendente"
"GO","5205901","Corumbaíba","bandeira","revisao_pendente"
"GO","5206206","Cristalina","brasao","revisao_pendente"
"GO","5206206","Cristalina","bandeira","revisao_pendente"
"GO","5206305","Cristianópolis","brasao","revisao_pendente"
"GO","5206305","Cristianópolis","bandeira","revisao_pendente"
"GO","5206404","Crixás","brasao","revisao_pendente"
"GO","5206404","Crixás","bandeira","revisao_pendente"
"GO","5206503","Cromínia","brasao","nao_encontrado"
"GO","5206503","Cromínia","bandeira","revisao_pendente"
"GO","5206602","Cumari","brasao","nao_encontrado"
"GO","5206602","Cumari","bandeira","revisao_pendente"
"GO","5206701","Damianópolis","brasao","revisao_pendente"
"GO","5206701","Damianópolis","bandeira","revisao_pendente"
"GO","5206800","Damolândia","brasao","revisao_pendente"
"GO","5206800","Damolândia","bandeira","revisao_pendente"
"GO","5206909","Davinópolis","brasao","revisao_pendente"
"GO","5206909","Davinópolis","bandeira","revisao_pendente"
"GO","5207105","Diorama","brasao","revisao_pendente"
"GO","5207105","Diorama","bandeira","revisao_pendente"
"GO","5207253","Doverlândia","brasao","revisao_pendente"
"GO","5207253","Doverlândia","bandeira","rejeitado"
"GO","5207352","Edealina","brasao","revisao_pendente"
"GO","5207352","Edealina","bandeira","revisao_pendente"
"GO","5207402","Edéia","brasao","nao_encontrado"
"GO","5207402","Edéia","bandeira","revisao_pendente"
"GO","5207501","Estrela do Norte","brasao","revisao_pendente"
"GO","5207501","Estrela do Norte","bandeira","revisao_pendente"
"GO","5207535","Faina","brasao","revisao_pendente"
"GO","5207535","Faina","bandeira","revisao_pendente"
"GO","5207600","Fazenda Nova","brasao","revisao_pendente"
"GO","5207600","Fazenda Nova","bandeira","revisao_pendente"
"GO","5207808","Firminópolis","brasao","revisao_pendente"
"GO","5207808","Firminópolis","bandeira","revisao_pendente"
"GO","5207907","Flores de Goiás","brasao","nao_encontrado"
"GO","5207907","Flores de Goiás","bandeira","revisao_pendente"
"GO","5208004","Formosa","brasao","revisao_pendente"
"GO","5208004","Formosa","bandeira","revisao_pendente"
"GO","5208103","Formoso","brasao","revisao_pendente"
"GO","5208103","Formoso","bandeira","revisao_pendente"
"GO","5208152","Gameleira de Goiás","brasao","revisao_pendente"
"GO","5208152","Gameleira de Goiás","bandeira","revisao_pendente"
"GO","5208301","Divinópolis de Goiás","brasao","revisao_pendente"
"GO","5208301","Divinópolis de Goiás","bandeira","revisao_pendente"
"GO","5208400","Goianápolis","brasao","revisao_pendente"
"GO","5208400","Goianápolis","bandeira","revisao_pendente"
"GO","5208509","Goiandira","brasao","revisao_pendente"
"GO","5208509","Goiandira","bandeira","revisao_pendente"
"GO","5208608","Goianésia","brasao","revisao_pendente"
"GO","5208608","Goianésia","bandeira","revisao_pendente"
"GO","5208707","Goiânia","brasao","revisao_pendente"
"GO","5208707","Goiânia","bandeira","revisao_pendente"
"GO","5208806","Goianira","brasao","revisao_pendente"
"GO","5208806","Goianira","bandeira","revisao_pendente"
"GO","5208905","Goiás","brasao","revisao_pendente"
"GO","5208905","Goiás","bandeira","revisao_pendente"
"GO","5209101","Goiatuba","brasao","revisao_pendente"
"GO","5209101","Goiatuba","bandeira","revisao_pendente"
"GO","5209150","Gouvelândia","brasao","revisao_pendente"
"GO","5209150","Gouvelândia","bandeira","revisao_pendente"
"GO","5209200","Guapó","brasao","nao_encontrado"
"GO","5209200","Guapó","bandeira","revisao_pendente"
"GO","5209291","Guaraíta","brasao","nao_encontrado"
"GO","5209291","Guaraíta","bandeira","revisao_pendente"
"GO","5209408","Guarani de Goiás","brasao","revisao_pendente"
"GO","5209408","Guarani de Goiás","bandeira","revisao_pendente"
"GO","5209457","Guarinos","brasao","nao_encontrado"
"GO","5209457","Guarinos","bandeira","revisao_pendente"
"GO","5209606","Heitoraí","brasao","revisao_pendente"
"GO","5209606","Heitoraí","bandeira","revisao_pendente"
"GO","5209705","Hidrolândia","brasao","revisao_pendente"
"GO","5209705","Hidrolândia","bandeira","revisao_pendente"
"GO","5209804","Hidrolina","brasao","nao_encontrado"
"GO","5209804","Hidrolina","bandeira","revisao_pendente"
"GO","5209903","Iaciara","brasao","revisao_pendente"
"GO","5209903","Iaciara","bandeira","revisao_pendente"
"GO","5209937","Inaciolândia","brasao","nao_encontrado"
"GO","5209937","Inaciolândia","bandeira","revisao_pendente"
"GO","5209952","Indiara","brasao","revisao_pendente"
"GO","5209952","Indiara","bandeira","revisao_pendente"
"GO","5210000","Inhumas","brasao","revisao_pendente"
"GO","5210000","Inhumas","bandeira","revisao_pendente"
"GO","5210109","Ipameri","brasao","revisao_pendente"
"GO","5210109","Ipameri","bandeira","revisao_pendente"
"GO","5210158","Ipiranga de Goiás","brasao","revisao_pendente"
"GO","5210158","Ipiranga de Goiás","bandeira","revisao_pendente"
"GO","5210208","Iporá","brasao","revisao_pendente"
"GO","5210208","Iporá","bandeira","revisao_pendente"
"GO","5210307","Israelândia","brasao","revisao_pendente"
"GO","5210307","Israelândia","bandeira","revisao_pendente"
"GO","5210406","Itaberaí","brasao","revisao_pendente"
"GO","5210406","Itaberaí","bandeira","revisao_pendente"
"GO","5210562","Itaguari","brasao","revisao_pendente"
"GO","5210562","Itaguari","bandeira","revisao_pendente"
"GO","5210604","Itaguaru","brasao","nao_encontrado"
"GO","5210604","Itaguaru","bandeira","revisao_pendente"
"GO","5210802","Itajá","brasao","revisao_pendente"
"GO","5210802","Itajá","bandeira","revisao_pendente"
"GO","5210901","Itapaci","brasao","nao_encontrado"
"GO","5210901","Itapaci","bandeira","revisao_pendente"
"GO","5211008","Itapirapuã","brasao","revisao_pendente"
"GO","5211008","Itapirapuã","bandeira","revisao_pendente"
"GO","5211206","Itapuranga","brasao","revisao_pendente"
"GO","5211206","Itapuranga","bandeira","revisao_pendente"
"GO","5211305","Itarumã","brasao","revisao_pendente"
"GO","5211305","Itarumã","bandeira","revisao_pendente"
"GO","5211404","Itauçu","brasao","nao_encontrado"
"GO","5211404","Itauçu","bandeira","revisao_pendente"
"GO","5211503","Itumbiara","brasao","revisao_pendente"
"GO","5211503","Itumbiara","bandeira","revisao_pendente"
"GO","5211602","Ivolândia","brasao","revisao_pendente"
"GO","5211602","Ivolândia","bandeira","revisao_pendente"
"GO","5211701","Jandaia","brasao","revisao_pendente"
"GO","5211701","Jandaia","bandeira","revisao_pendente"
"GO","5211800","Jaraguá","brasao","revisao_pendente"
"GO","5211800","Jaraguá","bandeira","revisao_pendente"
"GO","5211909","Jataí","brasao","revisao_pendente"
"GO","5211909","Jataí","bandeira","revisao_pendente"
"GO","5212006","Jaupaci","brasao","revisao_pendente"
"GO","5212006","Jaupaci","bandeira","revisao_pendente"
"GO","5212055","Jesúpolis","brasao","revisao_pendente"
"GO","5212055","Jesúpolis","bandeira","revisao_pendente"
"GO","5212105","Joviânia","brasao","nao_encontrado"
"GO","5212105","Joviânia","bandeira","nao_encontrado"
"GO","5212204","Jussara","brasao","nao_encontrado"
"GO","5212204","Jussara","bandeira","revisao_pendente"
"GO","5212253","Lagoa Santa","brasao","revisao_pendente"
"GO","5212253","Lagoa Santa","bandeira","revisao_pendente"
"GO","5212303","Leopoldo de Bulhões","brasao","revisao_pendente"
"GO","5212303","Leopoldo de Bulhões","bandeira","revisao_pendente"
"GO","5212501","Luziânia","brasao","revisao_pendente"
"GO","5212501","Luziânia","bandeira","revisao_pendente"
"GO","5212600","Mairipotaba","brasao","nao_encontrado"
"GO","5212600","Mairipotaba","bandeira","revisao_pendente"
"GO","5212709","Mambaí","brasao","revisao_pendente"
"GO","5212709","Mambaí","bandeira","revisao_pendente"
"GO","5212808","Mara Rosa","brasao","revisao_pendente"
"GO","5212808","Mara Rosa","bandeira","revisao_pendente"
"GO","5212907","Marzagão","brasao","revisao_pendente"
"GO","5212907","Marzagão","bandeira","revisao_pendente"
"GO","5212956","Matrinchã","brasao","revisao_pendente"
"GO","5212956","Matrinchã","bandeira","revisao_pendente"
"GO","5213004","Maurilândia","brasao","revisao_pendente"
"GO","5213004","Maurilândia","bandeira","revisao_pendente"
"GO","5213053","Mimoso de Goiás","brasao","revisao_pendente"
"GO","5213053","Mimoso de Goiás","bandeira","revisao_pendente"
"GO","5213087","Minaçu","brasao","revisao_pendente"
"GO","5213087","Minaçu","bandeira","revisao_pendente"
"GO","5213103","Mineiros","brasao","revisao_pendente"
"GO","5213103","Mineiros","bandeira","revisao_pendente"
"GO","5213400","Moiporá","brasao","revisao_pendente"
"GO","5213400","Moiporá","bandeira","revisao_pendente"
"GO","5213509","Monte Alegre de Goiás","brasao","nao_encontrado"
"GO","5213509","Monte Alegre de Goiás","bandeira","revisao_pendente"
"GO","5213707","Montes Claros de Goiás","brasao","revisao_pendente"
"GO","5213707","Montes Claros de Goiás","bandeira","revisao_pendente"
"GO","5213756","Montividiu","brasao","revisao_pendente"
"GO","5213756","Montividiu","bandeira","revisao_pendente"
"GO","5213772","Montividiu do Norte","brasao","nao_encontrado"
"GO","5213772","Montividiu do Norte","bandeira","revisao_pendente"
"GO","5213806","Morrinhos","brasao","revisao_pendente"
"GO","5213806","Morrinhos","bandeira","revisao_pendente"
"GO","5213855","Morro Agudo de Goiás","brasao","nao_encontrado"
"GO","5213855","Morro Agudo de Goiás","bandeira","revisao_pendente"
"GO","5213905","Mossâmedes","brasao","nao_encontrado"
"GO","5213905","Mossâmedes","bandeira","revisao_pendente"
"GO","5214002","Mozarlândia","brasao","revisao_pendente"
"GO","5214002","Mozarlândia","bandeira","revisao_pendente"
"GO","5214051","Mundo Novo","brasao","nao_encontrado"
"GO","5214051","Mundo Novo","bandeira","revisao_pendente"
"GO","5214101","Mutunópolis","brasao","nao_encontrado"
"GO","5214101","Mutunópolis","bandeira","revisao_pendente"
"GO","5214408","Nazário","brasao","revisao_pendente"
"GO","5214408","Nazário","bandeira","revisao_pendente"
"GO","5214507","Nerópolis","brasao","revisao_pendente"
"GO","5214507","Nerópolis","bandeira","revisao_pendente"
"GO","5214606","Niquelândia","brasao","revisao_pendente"
"GO","5214606","Niquelândia","bandeira","revisao_pendente"
"GO","5214705","Nova América","brasao","revisao_pendente"
"GO","5214705","Nova América","bandeira","revisao_pendente"
"GO","5214804","Nova Aurora","brasao","nao_encontrado"
"GO","5214804","Nova Aurora","bandeira","revisao_pendente"
"GO","5214838","Nova Crixás","brasao","revisao_pendente"
"GO","5214838","Nova Crixás","bandeira","revisao_pendente"
"GO","5214861","Nova Glória","brasao","revisao_pendente"
"GO","5214861","Nova Glória","bandeira","revisao_pendente"
"GO","5214879","Nova Iguaçu de Goiás","brasao","nao_encontrado"
"GO","5214879","Nova Iguaçu de Goiás","bandeira","revisao_pendente"
"GO","5214903","Nova Roma","brasao","revisao_pendente"
"GO","5214903","Nova Roma","bandeira","revisao_pendente"
"GO","5215009","Nova Veneza","brasao","revisao_pendente"
"GO","5215009","Nova Veneza","bandeira","revisao_pendente"
"GO","5215207","Novo Brasil","brasao","revisao_pendente"
"GO","5215207","Novo Brasil","bandeira","revisao_pendente"
"GO","5215231","Novo Gama","brasao","revisao_pendente"
"GO","5215231","Novo Gama","bandeira","revisao_pendente"
"GO","5215256","Novo Planalto","brasao","nao_encontrado"
"GO","5215256","Novo Planalto","bandeira","revisao_pendente"
"GO","5215306","Orizona","brasao","revisao_pendente"
"GO","5215306","Orizona","bandeira","revisao_pendente"
"GO","5215405","Ouro Verde de Goiás","brasao","nao_encontrado"
"GO","5215405","Ouro Verde de Goiás","bandeira","revisao_pendente"
"GO","5215504","Ouvidor","brasao","nao_encontrado"
"GO","5215504","Ouvidor","bandeira","revisao_pendente"
"GO","5215603","Padre Bernardo","brasao","revisao_pendente"
"GO","5215603","Padre Bernardo","bandeira","revisao_pendente"
"GO","5215652","Palestina de Goiás","brasao","nao_encontrado"
"GO","5215652","Palestina de Goiás","bandeira","revisao_pendente"
"GO","5215702","Palmeiras de Goiás","brasao","revisao_pendente"
"GO","5215702","Palmeiras de Goiás","bandeira","revisao_pendente"
"GO","5215801","Palmelo","brasao","revisao_pendente"
"GO","5215801","Palmelo","bandeira","revisao_pendente"
"GO","5215900","Palminópolis","brasao","revisao_pendente"
"GO","5215900","Palminópolis","bandeira","revisao_pendente"
"GO","5216007","Panamá","brasao","nao_encontrado"
"GO","5216007","Panamá","bandeira","revisao_pendente"
"GO","5216304","Paranaiguara","brasao","revisao_pendente"
"GO","5216304","Paranaiguara","bandeira","revisao_pendente"
"GO","5216403","Paraúna","brasao","nao_encontrado"
"GO","5216403","Paraúna","bandeira","revisao_pendente"
"GO","5216452","Perolândia","brasao","nao_encontrado"
"GO","5216452","Perolândia","bandeira","revisao_pendente"
"GO","5216809","Petrolina de Goiás","brasao","revisao_pendente"
"GO","5216809","Petrolina de Goiás","bandeira","revisao_pendente"
"GO","5216908","Pilar de Goiás","brasao","revisao_pendente"
"GO","5216908","Pilar de Goiás","bandeira","revisao_pendente"
"GO","5217104","Piracanjuba","brasao","revisao_pendente"
"GO","5217104","Piracanjuba","bandeira","revisao_pendente"
"GO","5217203","Piranhas","brasao","revisao_pendente"
"GO","5217203","Piranhas","bandeira","revisao_pendente"
"GO","5217302","Pirenópolis","brasao","revisao_pendente"
"GO","5217302","Pirenópolis","bandeira","revisao_pendente"
"GO","5217401","Pires do Rio","brasao","nao_encontrado"
"GO","5217401","Pires do Rio","bandeira","revisao_pendente"
"GO","5217609","Planaltina","brasao","revisao_pendente"
"GO","5217609","Planaltina","bandeira","revisao_pendente"
"GO","5217708","Pontalina","brasao","revisao_pendente"
"GO","5217708","Pontalina","bandeira","revisao_pendente"
"GO","5218003","Porangatu","brasao","revisao_pendente"
"GO","5218003","Porangatu","bandeira","revisao_pendente"
"GO","5218052","Porteirão","brasao","revisao_pendente"
"GO","5218052","Porteirão","bandeira","revisao_pendente"
"GO","5218102","Portelândia","brasao","revisao_pendente"
"GO","5218102","Portelândia","bandeira","revisao_pendente"
"GO","5218300","Posse","brasao","revisao_pendente"
"GO","5218300","Posse","bandeira","revisao_pendente"
"GO","5218391","Professor Jamil","brasao","revisao_pendente"
"GO","5218391","Professor Jamil","bandeira","revisao_pendente"
"GO","5218508","Quirinópolis","brasao","revisao_pendente"
"GO","5218508","Quirinópolis","bandeira","revisao_pendente"
"GO","5218607","Rialma","brasao","revisao_pendente"
"GO","5218607","Rialma","bandeira","revisao_pendente"
"GO","5218706","Rianápolis","brasao","revisao_pendente"
"GO","5218706","Rianápolis","bandeira","revisao_pendente"
"GO","5218789","Rio Quente","brasao","revisao_pendente"
"GO","5218789","Rio Quente","bandeira","revisao_pendente"
"GO","5218805","Rio Verde","brasao","revisao_pendente"
"GO","5218805","Rio Verde","bandeira","revisao_pendente"
"GO","5218904","Rubiataba","brasao","revisao_pendente"
"GO","5218904","Rubiataba","bandeira","revisao_pendente"
"GO","5219001","Sanclerlândia","brasao","revisao_pendente"
"GO","5219001","Sanclerlândia","bandeira","revisao_pendente"
"GO","5219100","Santa Bárbara de Goiás","brasao","nao_encontrado"
"GO","5219100","Santa Bárbara de Goiás","bandeira","revisao_pendente"
"GO","5219209","Santa Cruz de Goiás","brasao","revisao_pendente"
"GO","5219209","Santa Cruz de Goiás","bandeira","revisao_pendente"
"GO","5219258","Santa Fé de Goiás","brasao","revisao_pendente"
"GO","5219258","Santa Fé de Goiás","bandeira","revisao_pendente"
"GO","5219308","Santa Helena de Goiás","brasao","revisao_pendente"
"GO","5219308","Santa Helena de Goiás","bandeira","revisao_pendente"
"GO","5219357","Santa Isabel","brasao","revisao_pendente"
"GO","5219357","Santa Isabel","bandeira","revisao_pendente"
"GO","5219407","Santa Rita do Araguaia","brasao","nao_encontrado"
"GO","5219407","Santa Rita do Araguaia","bandeira","revisao_pendente"
"GO","5219456","Santa Rita do Novo Destino","brasao","revisao_pendente"
"GO","5219456","Santa Rita do Novo Destino","bandeira","revisao_pendente"
"GO","5219506","Santa Rosa de Goiás","brasao","revisao_pendente"
"GO","5219506","Santa Rosa de Goiás","bandeira","revisao_pendente"
"GO","5219605","Santa Tereza de Goiás","brasao","revisao_pendente"
"GO","5219605","Santa Tereza de Goiás","bandeira","revisao_pendente"
"GO","5219704","Santa Terezinha de Goiás","brasao","revisao_pendente"
"GO","5219704","Santa Terezinha de Goiás","bandeira","revisao_pendente"
"GO","5219712","Santo Antônio da Barra","brasao","revisao_pendente"
"GO","5219712","Santo Antônio da Barra","bandeira","revisao_pendente"
"GO","5219738","Santo Antônio de Goiás","brasao","nao_encontrado"
"GO","5219738","Santo Antônio de Goiás","bandeira","revisao_pendente"
"GO","5219753","Santo Antônio do Descoberto","brasao","nao_encontrado"
"GO","5219753","Santo Antônio do Descoberto","bandeira","nao_encontrado"
"GO","5219803","São Domingos","brasao","revisao_pendente"
"GO","5219803","São Domingos","bandeira","revisao_pendente"
"GO","5219902","São Francisco de Goiás","brasao","revisao_pendente"
"GO","5219902","São Francisco de Goiás","bandeira","revisao_pendente"
"GO","5220009","São João d'Aliança","brasao","revisao_pendente"
"GO","5220009","São João d'Aliança","bandeira","revisao_pendente"
"GO","5220058","São João da Paraúna","brasao","revisao_pendente"
"GO","5220058","São João da Paraúna","bandeira","revisao_pendente"
"GO","5220108","São Luís de Montes Belos","brasao","revisao_pendente"
"GO","5220108","São Luís de Montes Belos","bandeira","revisao_pendente"
"GO","5220157","São Luiz do Norte","brasao","revisao_pendente"
"GO","5220157","São Luiz do Norte","bandeira","revisao_pendente"
"GO","5220207","São Miguel do Araguaia","brasao","revisao_pendente"
"GO","5220207","São Miguel do Araguaia","bandeira","revisao_pendente"
"GO","5220264","São Miguel do Passa Quatro","brasao","nao_encontrado"
"GO","5220264","São Miguel do Passa Quatro","bandeira","revisao_pendente"
"GO","5220280","São Patrício","brasao","revisao_pendente"
"GO","5220280","São Patrício","bandeira","revisao_pendente"
"GO","5220405","São Simão","brasao","revisao_pendente"
"GO","5220405","São Simão","bandeira","revisao_pendente"
"GO","5220454","Senador Canedo","brasao","revisao_pendente"
"GO","5220454","Senador Canedo","bandeira","revisao_pendente"
"GO","5220504","Serranópolis","brasao","revisao_pendente"
"GO","5220504","Serranópolis","bandeira","revisao_pendente"
"GO","5220603","Silvânia","brasao","revisao_pendente"
"GO","5220603","Silvânia","bandeira","revisao_pendente"
"GO","5220686","Simolândia","brasao","revisao_pendente"
"GO","5220686","Simolândia","bandeira","revisao_pendente"
"GO","5220702","Sítio d'Abadia","brasao","revisao_pendente"
"GO","5220702","Sítio d'Abadia","bandeira","revisao_pendente"
"GO","5221007","Taquaral de Goiás","brasao","revisao_pendente"
"GO","5221007","Taquaral de Goiás","bandeira","revisao_pendente"
"GO","5221080","Teresina de Goiás","brasao","revisao_pendente"
"GO","5221080","Teresina de Goiás","bandeira","revisao_pendente"
"GO","5221197","Terezópolis de Goiás","brasao","revisao_pendente"
"GO","5221197","Terezópolis de Goiás","bandeira","revisao_pendente"
"GO","5221304","Três Ranchos","brasao","nao_encontrado"
"GO","5221304","Três Ranchos","bandeira","revisao_pendente"
"GO","5221403","Trindade","brasao","revisao_pendente"
"GO","5221403","Trindade","bandeira","revisao_pendente"
"GO","5221452","Trombas","brasao","revisao_pendente"
"GO","5221452","Trombas","bandeira","revisao_pendente"
"GO","5221502","Turvânia","brasao","revisao_pendente"
"GO","5221502","Turvânia","bandeira","revisao_pendente"
"GO","5221551","Turvelândia","brasao","revisao_pendente"
"GO","5221551","Turvelândia","bandeira","revisao_pendente"
"GO","5221577","Uirapuru","brasao","revisao_pendente"
"GO","5221577","Uirapuru","bandeira","revisao_pendente"
"GO","5221601","Uruaçu","brasao","revisao_pendente"
"GO","5221601","Uruaçu","bandeira","revisao_pendente"
"GO","5221700","Uruana","brasao","revisao_pendente"
"GO","5221700","Uruana","bandeira","revisao_pendente"
"GO","5221809","Urutaí","brasao","revisao_pendente"
"GO","5221809","Urutaí","bandeira","revisao_pendente"
"GO","5221858","Valparaíso de Goiás","brasao","revisao_pendente"
"GO","5221858","Valparaíso de Goiás","bandeira","revisao_pendente"
"GO","5221908","Varjão","brasao","revisao_pendente"
"GO","5221908","Varjão","bandeira","revisao_pendente"
"GO","5222005","Vianópolis","brasao","nao_encontrado"
"GO","5222005","Vianópolis","bandeira","revisao_pendente"
"GO","5222054","Vicentinópolis","brasao","revisao_pendente"
"GO","5222054","Vicentinópolis","bandeira","revisao_pendente"
"GO","5222203","Vila Boa","brasao","revisao_pendente"
"GO","5222203","Vila Boa","bandeira","revisao_pendente"
"GO","5222302","Vila Propício","brasao","revisao_pendente"
"GO","5222302","Vila Propício","bandeira","revisao_pendente"
"DF","5300108","Brasília","brasao","revisao_pendente"
"DF","5300108","Brasília","bandeira","revisao_pendente"
